category,folder_path,playlist,playlist_slug,playlist_duration,video_position,video_title,video_slug,video_duration,video_duration_seconds,thumbnail,stream_url,description,chapter_count,video_id,internal_id,category_tree
Med Math,Med Math,Intro to Dosage Calculation,intro-to-dosage-calculation,9m 3s,1,Intro to Dosage Calc,intro-to-dosage-calc,9:03,543,https://members.simplenursing.com/wp-content/themes/simplenursing-app/images/videos/thumbnails/1.-Intro-to-Dosage-Calc-copy.webp,https://d1pumg6d5kr18o.cloudfront.net/new/math/math_0_dosage_calculation/math_0_dosage_calculation.m3u8,,0,18820,24,Med Math / Intro to Dosage Calculation
Med Math,Med Math,Formula Method,formula-method-med-math,33m 31s,1,Intro to Formula Method,intro-to-formula-method,4:43,283,https://members.simplenursing.com/wp-content/themes/simplenursing-app/images/videos/thumbnails/1.-Intro-to-Formula-Method-copy.webp,https://d1pumg6d5kr18o.cloudfront.net/new/math/math_1_formula_method_formula_method_introduction/math_1_formula_method_formula_method_introduction.m3u8,,0,18821,25,Med Math / Formula Method
Med Math,Med Math,Formula Method,formula-method-med-math,33m 31s,2,Q1,q1-formula-method,1:32,92,https://members.simplenursing.com/wp-content/themes/simplenursing-app/images/videos/thumbnails/2.-Q1-copy.webp,https://d1pumg6d5kr18o.cloudfront.net/new/math/math_1_formula_method_q1_v3/math_1_formula_method_q1_v3.m3u8,,0,18823,26,Med Math / Formula Method
Med Math,Med Math,Formula Method,formula-method-med-math,33m 31s,3,Q2,q2-formula-method,1:17,77,https://members.simplenursing.com/wp-content/themes/simplenursing-app/images/videos/thumbnails/3.-Q2-copy.webp,https://d1pumg6d5kr18o.cloudfront.net/new/math/math_1_formula_method_q2_v2/math_1_formula_method_q2_v2.m3u8,,0,18824,27,Med Math / Formula Method
Med Math,Med Math,Formula Method,formula-method-med-math,33m 31s,4,Q3,q3-formula-method,1:25,85,https://members.simplenursing.com/wp-content/themes/simplenursing-app/images/videos/thumbnails/4.-Q3-copy.webp,https://d1pumg6d5kr18o.cloudfront.net/new/math/math_1_formula_method_q3_v2/math_1_formula_method_q3_v2.m3u8,,0,18825,28,Med Math / Formula Method
Med Math,Med Math,Formula Method,formula-method-med-math,33m 31s,5,Q4,q4-formula-method,0:56,56,https://members.simplenursing.com/wp-content/themes/simplenursing-app/images/videos/thumbnails/5.-Q4-copy.webp,https://d1pumg6d5kr18o.cloudfront.net/new/math/math_1_formula_method_q4_v2/math_1_formula_method_q4_v2.m3u8,,0,18826,29,Med Math / Formula Method
Med Math,Med Math,Formula Method,formula-method-med-math,33m 31s,6,Q5,q5-formula-method,1:10,70,https://members.simplenursing.com/wp-content/themes/simplenursing-app/images/videos/thumbnails/6.-Q5-copy.webp,https://d1pumg6d5kr18o.cloudfront.net/new/math/math_1_formula_method_q5/math_1_formula_method_q5.m3u8,,0,18827,30,Med Math / Formula Method
Med Math,Med Math,Formula Method,formula-method-med-math,33m 31s,7,Q6,q6-formula-method,1:35,95,https://members.simplenursing.com/wp-content/themes/simplenursing-app/images/videos/thumbnails/8.-Q7-copy.webp,https://d1pumg6d5kr18o.cloudfront.net/new/math/math_1_formula_method_q6_v2/math_1_formula_method_q6_v2.m3u8,,0,18828,31,Med Math / Formula Method
Med Math,Med Math,Formula Method,formula-method-med-math,33m 31s,8,Q7,q7-formula-method,1:25,85,https://members.simplenursing.com/wp-content/themes/simplenursing-app/images/videos/thumbnails/8.-Q7-copy.webp,https://d1pumg6d5kr18o.cloudfront.net/new/math/math_1_formula_method_q7_v2/math_1_formula_method_q7_v2.m3u8,,0,18829,32,Med Math / Formula Method
Med Math,Med Math,Formula Method,formula-method-med-math,33m 31s,9,Q8,q8-formula-method,1:42,102,https://members.simplenursing.com/wp-content/themes/simplenursing-app/images/videos/thumbnails/9.-Q8-copy.webp,https://d1pumg6d5kr18o.cloudfront.net/new/math/math_1_formula_method_q8_v2/math_1_formula_method_q8_v2.m3u8,,0,18830,33,Med Math / Formula Method
Med Math,Med Math,Formula Method,formula-method-med-math,33m 31s,10,Q9,q9-formula-method,1:09,69,https://members.simplenursing.com/wp-content/themes/simplenursing-app/images/videos/thumbnails/10.-Q9-copy.webp,https://d1pumg6d5kr18o.cloudfront.net/new/math/math_1_formula_method_q9_v2/math_1_formula_method_q9_v2.m3u8,,0,18831,34,Med Math / Formula Method
Med Math,Med Math,Formula Method,formula-method-med-math,33m 31s,11,Q10,q10-formula-method,1:18,78,https://members.simplenursing.com/wp-content/themes/simplenursing-app/images/videos/thumbnails/11.-Q10-copy.webp,https://d1pumg6d5kr18o.cloudfront.net/new/math/math_1_formula_method_q10_v2/math_1_formula_method_q10_v2.m3u8,,0,18832,35,Med Math / Formula Method
Med Math,Med Math,Formula Method,formula-method-med-math,33m 31s,12,Q11,q11-formula-method,1:00,60,https://members.simplenursing.com/wp-content/themes/simplenursing-app/images/videos/thumbnails/12.-Q11-copy.webp,https://d1pumg6d5kr18o.cloudfront.net/new/math/math_1_formula_method_q11_v2/math_1_formula_method_q11_v2.m3u8,,0,18833,36,Med Math / Formula Method
Med Math,Med Math,Formula Method,formula-method-med-math,33m 31s,13,Q12,q12-formula-method,1:22,82,https://members.simplenursing.com/wp-content/themes/simplenursing-app/images/videos/thumbnails/13.-Q12-copy.webp,https://d1pumg6d5kr18o.cloudfront.net/new/math/math_1_formula_method_q12/math_1_formula_method_q12.m3u8,,0,18834,37,Med Math / Formula Method
Med Math,Med Math,Formula Method,formula-method-med-math,33m 31s,14,Q13,q13-formula-method,2:07,127,https://members.simplenursing.com/wp-content/themes/simplenursing-app/images/videos/thumbnails/14.-Q13-copy.webp,https://d1pumg6d5kr18o.cloudfront.net/new/math/math_1_formula_method_q13_v2/math_1_formula_method_q13_v2.m3u8,,0,18835,38,Med Math / Formula Method
Med Math,Med Math,Formula Method,formula-method-med-math,33m 31s,15,Q14,q14-formula-method,2:23,143,https://members.simplenursing.com/wp-content/themes/simplenursing-app/images/videos/thumbnails/15.-Q14-copy.webp,https://d1pumg6d5kr18o.cloudfront.net/new/math/math_1_formula_method_q14_v2/math_1_formula_method_q14_v2.m3u8,,0,18836,39,Med Math / Formula Method
Med Math,Med Math,Formula Method,formula-method-med-math,33m 31s,16,Q15,q15-formula-method,1:17,77,https://members.simplenursing.com/wp-content/themes/simplenursing-app/images/videos/thumbnails/16.-Q15-copy.webp,https://d1pumg6d5kr18o.cloudfront.net/new/math/math_1_formula_method_q15/math_1_formula_method_q15.m3u8,,0,18837,40,Med Math / Formula Method
Med Math,Med Math,Formula Method,formula-method-med-math,33m 31s,17,Q16,q16-formula-method,1:49,109,https://members.simplenursing.com/wp-content/themes/simplenursing-app/images/videos/thumbnails/17.-Q16-copy.webp,https://d1pumg6d5kr18o.cloudfront.net/new/math/math_1_formula_method_q16/math_1_formula_method_q16.m3u8,,0,18838,41,Med Math / Formula Method
Med Math,Med Math,Formula Method,formula-method-med-math,33m 31s,18,Q17,q17-formula-method,1:43,103,https://members.simplenursing.com/wp-content/themes/simplenursing-app/images/videos/thumbnails/18.-Q17-copy.webp,https://d1pumg6d5kr18o.cloudfront.net/new/math/math_1_formula_method_q17/math_1_formula_method_q17.m3u8,,0,18839,42,Med Math / Formula Method
Med Math,Med Math,Formula Method,formula-method-med-math,33m 31s,19,Q18,q18-formula-method,1:17,77,https://members.simplenursing.com/wp-content/themes/simplenursing-app/images/videos/thumbnails/19.-Q18-copy.webp,https://d1pumg6d5kr18o.cloudfront.net/new/math/math_1_formula_method_q18/math_1_formula_method_q18.m3u8,,0,18840,43,Med Math / Formula Method
Med Math,Med Math,Formula Method,formula-method-med-math,33m 31s,20,Q19,q19-formula-method,1:09,69,https://members.simplenursing.com/wp-content/themes/simplenursing-app/images/videos/thumbnails/20.-Q19-copy.webp,https://d1pumg6d5kr18o.cloudfront.net/new/math/math_1_formula_method_q19/math_1_formula_method_q19.m3u8,,0,18841,44,Med Math / Formula Method
Med Math,Med Math,Formula Method,formula-method-med-math,33m 31s,21,Q20,q20-formula-method,1:12,72,https://members.simplenursing.com/wp-content/themes/simplenursing-app/images/videos/thumbnails/21.-Q20-copy.webp,https://d1pumg6d5kr18o.cloudfront.net/new/math/math_1_formula_method_q20_v2/math_1_formula_method_q20_v2.m3u8,,0,18842,45,Med Math / Formula Method
Med Math,Med Math / IV Drip Factors & Flow Rates,IV Drip Factors,iv-drip-factors-med-math,11m 3s,1,Q1,q1-drip-factors,1:32,92,https://members.simplenursing.com/wp-content/themes/simplenursing-app/images/videos/thumbnails/1.-IV-Drip-Factors-Q1-copy.webp,https://d1pumg6d5kr18o.cloudfront.net/new/math/math_2_iv_df_q1/math_2_iv_df_2_1_iv_drip_factors_q1_v2.m3u8,,0,18904,46,Med Math / IV Drip Factors & Flow Rates / IV Drip Factors
Med Math,Med Math / IV Drip Factors & Flow Rates,IV Drip Factors,iv-drip-factors-med-math,11m 3s,2,Q2,q2-drip-factors,1:02,62,https://members.simplenursing.com/wp-content/themes/simplenursing-app/images/videos/thumbnails/2.-IV-Drip-Factors-Q2-copy.webp,https://d1pumg6d5kr18o.cloudfront.net/new/math/math_2_iv_df_q2/math_2_iv_df_2_1_iv_drip_factors_q2_v2.m3u8,,0,18905,47,Med Math / IV Drip Factors & Flow Rates / IV Drip Factors
Med Math,Med Math / IV Drip Factors & Flow Rates,IV Drip Factors,iv-drip-factors-med-math,11m 3s,3,Q3,q3-drip-factors,0:58,58,https://members.simplenursing.com/wp-content/themes/simplenursing-app/images/videos/thumbnails/3.-IV-Drip-Factors-Q3-copy.webp,https://d1pumg6d5kr18o.cloudfront.net/new/math/math_2_iv_df_q3/math_2_iv_df_2_1_iv_drip_factors_q3_v2.m3u8,,0,18906,48,Med Math / IV Drip Factors & Flow Rates / IV Drip Factors
Med Math,Med Math / IV Drip Factors & Flow Rates,IV Drip Factors,iv-drip-factors-med-math,11m 3s,4,Q4,q4-drip-factors,0:55,55,https://members.simplenursing.com/wp-content/themes/simplenursing-app/images/videos/thumbnails/4.-IV-Drip-Factors-Q4-copy.webp,https://d1pumg6d5kr18o.cloudfront.net/new/math/math_2_iv_df_q4/math_2_iv_df_2_1_iv_drip_factors_q4_v2.m3u8,,0,18907,49,Med Math / IV Drip Factors & Flow Rates / IV Drip Factors
Med Math,Med Math / IV Drip Factors & Flow Rates,IV Drip Factors,iv-drip-factors-med-math,11m 3s,5,Q5,q5-drip-factors,1:03,63,https://members.simplenursing.com/wp-content/themes/simplenursing-app/images/videos/thumbnails/5.-IV-Drip-Factors-Q5-copy.webp,https://d1pumg6d5kr18o.cloudfront.net/new/math/math_2_iv_df_q5/math_2_iv_df_2_1_iv_drip_factors_q5_v2.m3u8,,0,18908,50,Med Math / IV Drip Factors & Flow Rates / IV Drip Factors
Med Math,Med Math / IV Drip Factors & Flow Rates,IV Drip Factors,iv-drip-factors-med-math,11m 3s,6,Q6,q6-drip-factors,1:01,61,https://members.simplenursing.com/wp-content/themes/simplenursing-app/images/videos/thumbnails/6.-IV-Drip-Factors-Q6-copy.webp,https://d1pumg6d5kr18o.cloudfront.net/new/math/math_2_iv_df_q6/math_2_iv_df_2_1_iv_drip_factors_q6_v2.m3u8,,0,18909,51,Med Math / IV Drip Factors & Flow Rates / IV Drip Factors
Med Math,Med Math / IV Drip Factors & Flow Rates,IV Drip Factors,iv-drip-factors-med-math,11m 3s,7,Q7,q7-drip-factors,1:13,73,https://members.simplenursing.com/wp-content/themes/simplenursing-app/images/videos/thumbnails/7.-IV-Drip-Factors-Q7-copy.webp,https://d1pumg6d5kr18o.cloudfront.net/new/math/math_2_iv_df_q7/math_2_iv_df_2_1_iv_drip_factors_q7_v2.m3u8,,0,18910,52,Med Math / IV Drip Factors & Flow Rates / IV Drip Factors
Med Math,Med Math / IV Drip Factors & Flow Rates,IV Drip Factors,iv-drip-factors-med-math,11m 3s,8,Q8,q8-drip-factors,0:54,54,https://members.simplenursing.com/wp-content/themes/simplenursing-app/images/videos/thumbnails/8.-IV-Drip-Factors-Q8-copy.webp,https://d1pumg6d5kr18o.cloudfront.net/new/math/math_2_iv_df_q8/math_2_iv_df_2_1_iv_drip_factors_q8_v2.m3u8,,0,18911,53,Med Math / IV Drip Factors & Flow Rates / IV Drip Factors
Med Math,Med Math / IV Drip Factors & Flow Rates,IV Drip Factors,iv-drip-factors-med-math,11m 3s,9,Q9,q9-drip-factors,0:59,59,https://members.simplenursing.com/wp-content/themes/simplenursing-app/images/videos/thumbnails/9.-IV-Drip-Factors-Q9-copy.webp,https://d1pumg6d5kr18o.cloudfront.net/new/math/math_2_iv_df_q9/math_2_iv_df_2_1_iv_drip_factors_q9_v2.m3u8,,0,18912,54,Med Math / IV Drip Factors & Flow Rates / IV Drip Factors
Med Math,Med Math / IV Drip Factors & Flow Rates,IV Drip Factors,iv-drip-factors-med-math,11m 3s,10,Q10,q10-drip-factors,1:26,86,https://members.simplenursing.com/wp-content/themes/simplenursing-app/images/videos/thumbnails/10.-IV-Drip-Factors-Q10-copy.webp,https://d1pumg6d5kr18o.cloudfront.net/new/math/math_2_iv_df_q10/math_2_iv_df_2_1_iv_drip_factors_q10_v2.m3u8,,0,18913,55,Med Math / IV Drip Factors & Flow Rates / IV Drip Factors
Med Math,Med Math / IV Drip Factors & Flow Rates,IV Infusion Flow Rates,iv-infusion-flow-rates,11m 38s,1,Q11,q11-flow-rates,1:00,60,https://members.simplenursing.com/wp-content/themes/simplenursing-app/images/videos/thumbnails/11.-IV-Drip-Factors-Q11-copy.webp,https://d1pumg6d5kr18o.cloudfront.net/new/math/math_2_iv_fr_q11/math_2_iv_df_2_2_iv_infustion_flow_rates_q11_v3.m3u8,,0,18914,56,Med Math / IV Drip Factors & Flow Rates / IV Infusion Flow Rates
Med Math,Med Math / IV Drip Factors & Flow Rates,IV Infusion Flow Rates,iv-infusion-flow-rates,11m 38s,2,Q12,q12-flow-rates,0:59,59,https://members.simplenursing.com/wp-content/themes/simplenursing-app/images/videos/thumbnails/12.-IV-Drip-Factors-Q12-copy.webp,https://d1pumg6d5kr18o.cloudfront.net/new/math/math_2_iv_fr_q12/math_2_iv_df_2_2_iv_infustion_flow_rates_q12_v3.m3u8,,0,18915,57,Med Math / IV Drip Factors & Flow Rates / IV Infusion Flow Rates
Med Math,Med Math / IV Drip Factors & Flow Rates,IV Infusion Flow Rates,iv-infusion-flow-rates,11m 38s,3,Q13,q13-flow-rates,0:48,48,https://members.simplenursing.com/wp-content/themes/simplenursing-app/images/videos/thumbnails/13.-IV-Drip-Factors-Q13-copy.webp,https://d1pumg6d5kr18o.cloudfront.net/new/math/math_2_iv_fr_q13/math_2_iv_df_2_2_iv_infustion_flow_rates_q13_v3.m3u8,,0,18916,58,Med Math / IV Drip Factors & Flow Rates / IV Infusion Flow Rates
Med Math,Med Math / IV Drip Factors & Flow Rates,IV Infusion Flow Rates,iv-infusion-flow-rates,11m 38s,4,Q14,q14-flow-rates,0:56,56,https://members.simplenursing.com/wp-content/themes/simplenursing-app/images/videos/thumbnails/14.-IV-Drip-Factors-Q14-copy.webp,https://d1pumg6d5kr18o.cloudfront.net/new/math/math_2_iv_fr_q14/math_2_iv_df_2_2_iv_infustion_flow_rates_q14_v3.m3u8,,0,18917,59,Med Math / IV Drip Factors & Flow Rates / IV Infusion Flow Rates
Med Math,Med Math / IV Drip Factors & Flow Rates,IV Infusion Flow Rates,iv-infusion-flow-rates,11m 38s,5,Q15,q15-flow-rates,0:45,45,https://members.simplenursing.com/wp-content/themes/simplenursing-app/images/videos/thumbnails/15.-IV-Drip-Factors-Q15-copy.webp,https://d1pumg6d5kr18o.cloudfront.net/new/math/math_2_iv_fr_q15/math_2_iv_df_2_2_iv_infustion_flow_rates_q15_v2.m3u8,,0,18918,60,Med Math / IV Drip Factors & Flow Rates / IV Infusion Flow Rates
Med Math,Med Math / IV Drip Factors & Flow Rates,IV Infusion Flow Rates,iv-infusion-flow-rates,11m 38s,6,Q16,q16-flow-rates,0:51,51,https://members.simplenursing.com/wp-content/themes/simplenursing-app/images/videos/thumbnails/16.-IV-Drip-Factors-Q16-copy.webp,https://d1pumg6d5kr18o.cloudfront.net/new/math/math_2_iv_fr_q16/math_2_iv_df_2_2_iv_infustion_flow_rates_q16_v2.m3u8,,0,18919,61,Med Math / IV Drip Factors & Flow Rates / IV Infusion Flow Rates
Med Math,Med Math / IV Drip Factors & Flow Rates,IV Infusion Flow Rates,iv-infusion-flow-rates,11m 38s,7,Q17,q17-flow-rates,0:46,46,https://members.simplenursing.com/wp-content/themes/simplenursing-app/images/videos/thumbnails/17.-IV-Drip-Factors-Q17-copy.webp,https://d1pumg6d5kr18o.cloudfront.net/new/math/math_2_iv_fr_q17/math_2_iv_df_2_2_iv_infustion_flow_rates_q17_v2.m3u8,,0,18920,62,Med Math / IV Drip Factors & Flow Rates / IV Infusion Flow Rates
Med Math,Med Math / IV Drip Factors & Flow Rates,IV Infusion Flow Rates,iv-infusion-flow-rates,11m 38s,8,Q18,q18-flow-rates,0:55,55,https://members.simplenursing.com/wp-content/themes/simplenursing-app/images/videos/thumbnails/18.-IV-Drip-Factors-Q18-copy.webp,https://d1pumg6d5kr18o.cloudfront.net/new/math/math_2_iv_fr_q18/math_2_iv_df_2_2_iv_infustion_flow_rates_q18_v2.m3u8,,0,18921,63,Med Math / IV Drip Factors & Flow Rates / IV Infusion Flow Rates
Med Math,Med Math / IV Drip Factors & Flow Rates,IV Infusion Flow Rates,iv-infusion-flow-rates,11m 38s,9,Q19,q19-flow-rates,2:38,158,https://members.simplenursing.com/wp-content/themes/simplenursing-app/images/videos/thumbnails/19.-IV-Drip-Factors-Q19-copy.webp,https://d1pumg6d5kr18o.cloudfront.net/new/math/math_2_iv_fr_q19/math_2_iv_df_2_2_iv_infustion_flow_rates_q19_v2.m3u8,,0,18922,64,Med Math / IV Drip Factors & Flow Rates / IV Infusion Flow Rates
Med Math,Med Math / IV Drip Factors & Flow Rates,IV Infusion Flow Rates,iv-infusion-flow-rates,11m 38s,10,Q20,q20-flow-rates,2:00,120,https://members.simplenursing.com/wp-content/themes/simplenursing-app/images/videos/thumbnails/20.-IV-Drip-Factors-Q20-copy.webp,https://d1pumg6d5kr18o.cloudfront.net/new/math/math_2_iv_fr_q20/math_2_iv_df_2_2_iv_infustion_flow_rates_q20_v2.m3u8,,0,18923,65,Med Math / IV Drip Factors & Flow Rates / IV Infusion Flow Rates
Med Math,Med Math,Metric Conversion,metric-conversion-med-math,28m 43s,1,Intro to Metric Conversion,intro-to-metric-conversion,2:25,145,https://members.simplenursing.com/wp-content/themes/simplenursing-app/images/videos/thumbnails/1.-Intro-to-Metric-Conversion-copy-1.webp,https://d1pumg6d5kr18o.cloudfront.net/new/math/math_3_metric_conversion_intro_v2/math_3_metric_conversion_intro_v2.m3u8,,0,18862,66,Med Math / Metric Conversion
Med Math,Med Math,Metric Conversion,metric-conversion-med-math,28m 43s,2,Q1,q1-metric-conversion,1:47,107,https://members.simplenursing.com/wp-content/themes/simplenursing-app/images/videos/thumbnails/2.-Q1-copy-1.webp,https://d1pumg6d5kr18o.cloudfront.net/new/math/math_3_metric_conversion_q1_v2/math_3_metric_conversion_q1_v2.m3u8,,0,18863,67,Med Math / Metric Conversion
Med Math,Med Math,Metric Conversion,metric-conversion-med-math,28m 43s,3,Q2,q2-metric-conversion,0:52,52,https://members.simplenursing.com/wp-content/themes/simplenursing-app/images/videos/thumbnails/3.-Q2-copy-1.webp,https://d1pumg6d5kr18o.cloudfront.net/new/math/math_3_metric_conversion_q2_v3/math_3_metric_conversion_q2_v3.m3u8,,0,18864,68,Med Math / Metric Conversion
Med Math,Med Math,Metric Conversion,metric-conversion-med-math,28m 43s,4,Q3,q3-metric-conversion,1:45,105,https://members.simplenursing.com/wp-content/themes/simplenursing-app/images/videos/thumbnails/4.-Q3-copy-1.webp,https://d1pumg6d5kr18o.cloudfront.net/new/math/math_3_metric_conversion_q3_v2/math_3_metric_conversion_q3_v2.m3u8,,0,18865,69,Med Math / Metric Conversion
Med Math,Med Math,Metric Conversion,metric-conversion-med-math,28m 43s,5,Q4,q4-metric-conversion,0:55,55,https://members.simplenursing.com/wp-content/themes/simplenursing-app/images/videos/thumbnails/5.-Q4-copy-1.webp,https://d1pumg6d5kr18o.cloudfront.net/new/math/math_3_metric_conversion_q4_v4/math_3_metric_conversion_q4_v4.m3u8,,0,18866,70,Med Math / Metric Conversion
Med Math,Med Math,Metric Conversion,metric-conversion-med-math,28m 43s,6,Q5,q5-metric-conversion,1:30,90,https://members.simplenursing.com/wp-content/themes/simplenursing-app/images/videos/thumbnails/6.-Q5-copy-1.webp,https://d1pumg6d5kr18o.cloudfront.net/new/math/math_3_metric_conversion_q5_v2/math_3_metric_conversion_q5_v2.m3u8,,0,18867,71,Med Math / Metric Conversion
Med Math,Med Math,Metric Conversion,metric-conversion-med-math,28m 43s,7,Q6,q6-metric-conversion,1:07,67,https://members.simplenursing.com/wp-content/themes/simplenursing-app/images/videos/thumbnails/7.-Q6-copy-1.webp,https://d1pumg6d5kr18o.cloudfront.net/new/math/math_3_metric_conversion_q6_v3/math_3_metric_conversion_q6_v3.m3u8,,0,18868,72,Med Math / Metric Conversion
Med Math,Med Math,Metric Conversion,metric-conversion-med-math,28m 43s,8,Q7,q7-metric-conversion,1:04,64,https://members.simplenursing.com/wp-content/themes/simplenursing-app/images/videos/thumbnails/8.-Q7-copy-1.webp,https://d1pumg6d5kr18o.cloudfront.net/new/math/math_3_metric_conversion_q7_v3/math_3_metric_conversion_q7_v3.m3u8,,0,18869,73,Med Math / Metric Conversion
Med Math,Med Math,Metric Conversion,metric-conversion-med-math,28m 43s,9,Q8,q8-metric-conversion,1:46,106,https://members.simplenursing.com/wp-content/themes/simplenursing-app/images/videos/thumbnails/9.-Q8-copy-1.webp,https://d1pumg6d5kr18o.cloudfront.net/new/math/math_3_metric_conversion_q8_v3/math_3_metric_conversion_q8_v3.m3u8,,0,18870,74,Med Math / Metric Conversion
Med Math,Med Math,Metric Conversion,metric-conversion-med-math,28m 43s,10,Q9,q9-metric-conversion,1:11,71,https://members.simplenursing.com/wp-content/themes/simplenursing-app/images/videos/thumbnails/10.-Q9-copy-1.webp,https://d1pumg6d5kr18o.cloudfront.net/new/math/math_3_metric_conversion_q9_v3/math_3_metric_conversion_q9_v3.m3u8,,0,18871,75,Med Math / Metric Conversion
Med Math,Med Math,Metric Conversion,metric-conversion-med-math,28m 43s,11,Q10,q10-metric-conversion,1:37,97,https://members.simplenursing.com/wp-content/themes/simplenursing-app/images/videos/thumbnails/11.-Q10-copy-1.webp,https://d1pumg6d5kr18o.cloudfront.net/new/math/math_3_metric_conversion_q10_v2/math_3_metric_conversion_q10_v2.m3u8,,0,18872,76,Med Math / Metric Conversion
Med Math,Med Math,Metric Conversion,metric-conversion-med-math,28m 43s,12,Q11,q11-metric-conversion,1:01,61,https://members.simplenursing.com/wp-content/themes/simplenursing-app/images/videos/thumbnails/12.-Q11-copy-1.webp,https://d1pumg6d5kr18o.cloudfront.net/new/math/math_3_metric_conversion_q11_v2/math_3_metric_conversion_q11_v2.m3u8,,0,18873,77,Med Math / Metric Conversion
Med Math,Med Math,Metric Conversion,metric-conversion-med-math,28m 43s,13,Q12,q12-metric-conversion,1:07,67,https://members.simplenursing.com/wp-content/themes/simplenursing-app/images/videos/thumbnails/13.-Q12-copy-1.webp,https://d1pumg6d5kr18o.cloudfront.net/new/math/math_3_metric_conversion_q12_v2/math_3_metric_conversion_q12_v2.m3u8,,0,18874,78,Med Math / Metric Conversion
Med Math,Med Math,Metric Conversion,metric-conversion-med-math,28m 43s,14,Q13,q13-metric-conversion,1:06,66,https://members.simplenursing.com/wp-content/themes/simplenursing-app/images/videos/thumbnails/14.-Q13-copy-1.webp,https://d1pumg6d5kr18o.cloudfront.net/new/math/math_3_metric_conversion_q13_v3/math_3_metric_conversion_q13_v3.m3u8,,0,18875,79,Med Math / Metric Conversion
Med Math,Med Math,Metric Conversion,metric-conversion-med-math,28m 43s,15,Q14,q14-metric-conversion,1:14,74,https://members.simplenursing.com/wp-content/themes/simplenursing-app/images/videos/thumbnails/15.-Q14-copy-1.webp,https://d1pumg6d5kr18o.cloudfront.net/new/math/math_3_metric_conversion_q14_v3/math_3_metric_conversion_q14_v3.m3u8,,0,18876,80,Med Math / Metric Conversion
Med Math,Med Math,Metric Conversion,metric-conversion-med-math,28m 43s,16,Q15,q15-metric-conversion,1:14,74,https://members.simplenursing.com/wp-content/themes/simplenursing-app/images/videos/thumbnails/16.-Q15-copy-1.webp,https://d1pumg6d5kr18o.cloudfront.net/new/math/math_3_metric_conversion_q15_v2/math_3_metric_conversion_q15_v2.m3u8,,0,18877,81,Med Math / Metric Conversion
Med Math,Med Math,Metric Conversion,metric-conversion-med-math,28m 43s,17,Q16,q16-metric-conversion,1:26,86,https://members.simplenursing.com/wp-content/themes/simplenursing-app/images/videos/thumbnails/17.-Q16-copy-1.webp,https://d1pumg6d5kr18o.cloudfront.net/new/math/math_3_metric_conversion_q16_v2/math_3_metric_conversion_q16_v2.m3u8,,0,18878,82,Med Math / Metric Conversion
Med Math,Med Math,Metric Conversion,metric-conversion-med-math,28m 43s,18,Q17,q17-metric-conversion,1:31,91,https://members.simplenursing.com/wp-content/themes/simplenursing-app/images/videos/thumbnails/18.-Q17-copy-1.webp,https://d1pumg6d5kr18o.cloudfront.net/new/math/math_3_metric_conversion_q17_v3/math_3_metric_conversion_q17_v3.m3u8,,0,18879,83,Med Math / Metric Conversion
Med Math,Med Math,Metric Conversion,metric-conversion-med-math,28m 43s,19,Q18,q18-metric-conversion,1:21,81,https://members.simplenursing.com/wp-content/themes/simplenursing-app/images/videos/thumbnails/19.-Q18-copy-1.webp,https://d1pumg6d5kr18o.cloudfront.net/new/math/math_3_metric_conversion_q18_v3/math_3_metric_conversion_q18_v3.m3u8,,0,18880,84,Med Math / Metric Conversion
Med Math,Med Math,Metric Conversion,metric-conversion-med-math,28m 43s,20,Q19,q19-metric-conversion,1:16,76,https://members.simplenursing.com/wp-content/themes/simplenursing-app/images/videos/thumbnails/20.-Q19-copy-1.webp,https://d1pumg6d5kr18o.cloudfront.net/new/math/math_3_metric_conversion_q19_v3/math_3_metric_conversion_q19_v3.m3u8,,0,18881,85,Med Math / Metric Conversion
Med Math,Med Math,Metric Conversion,metric-conversion-med-math,28m 43s,21,Q20,q20-metric-conversion,1:28,88,https://members.simplenursing.com/wp-content/themes/simplenursing-app/images/videos/thumbnails/21.-Q20-copy-1.webp,https://d1pumg6d5kr18o.cloudfront.net/new/math/math_3_metric_conversion_q20_v2/math_3_metric_conversion_q20_v2.m3u8,,0,18882,86,Med Math / Metric Conversion
Med Math,Med Math,Pediatric Dosage Calc,pediatric-dosage-calc,32m 5s,1,Q1,q1-pediatric-dosage,1:50,110,https://members.simplenursing.com/wp-content/themes/simplenursing-app/images/videos/thumbnails/1.-Pediatric-Dosage-Calc-Q1-copy.webp,https://d1pumg6d5kr18o.cloudfront.net/new/math/med_math_4_pediatric_dosage_calc_q1_v2/med_math_4_pediatric_dosage_calc_q1_v2.m3u8,,0,18884,87,Med Math / Pediatric Dosage Calc
Med Math,Med Math,Pediatric Dosage Calc,pediatric-dosage-calc,32m 5s,2,Q2,q2-pediatric-dosage,1:42,102,https://members.simplenursing.com/wp-content/themes/simplenursing-app/images/videos/thumbnails/2.-Pediatric-Dosage-Calc-Q2-copy.webp,https://d1pumg6d5kr18o.cloudfront.net/new/math/med_math_4_pediatric_dosage_calc_q2_v2/med_math_4_pediatric_dosage_calc_q2_v2.m3u8,,0,18885,88,Med Math / Pediatric Dosage Calc
Med Math,Med Math,Pediatric Dosage Calc,pediatric-dosage-calc,32m 5s,3,Q3,q3-pediatric-dosage,2:00,120,https://members.simplenursing.com/wp-content/themes/simplenursing-app/images/videos/thumbnails/3.-Pediatric-Dosage-Calc-Q3-copy.webp,https://d1pumg6d5kr18o.cloudfront.net/new/math/med_math_4_pediatric_dosage_calc_q3_v2/med_math_4_pediatric_dosage_calc_q3_v2.m3u8,,0,18886,89,Med Math / Pediatric Dosage Calc
Med Math,Med Math,Pediatric Dosage Calc,pediatric-dosage-calc,32m 5s,4,Q4,q4-pediatric-dosage,2:26,146,https://members.simplenursing.com/wp-content/themes/simplenursing-app/images/videos/thumbnails/4.-Pediatric-Dosage-Calc-Q4-copy.webp,https://d1pumg6d5kr18o.cloudfront.net/new/math/med_math_4_pediatric_dosage_calc_q4_v2/med_math_4_pediatric_dosage_calc_q4_v2.m3u8,,0,18887,90,Med Math / Pediatric Dosage Calc
Med Math,Med Math,Pediatric Dosage Calc,pediatric-dosage-calc,32m 5s,5,Q5,q5-pediatric-dosage,1:16,76,https://members.simplenursing.com/wp-content/themes/simplenursing-app/images/videos/thumbnails/5.-Pediatric-Dosage-Calc-Q5-copy.webp,https://d1pumg6d5kr18o.cloudfront.net/new/math/med_math_4_pediatric_dosage_calc_q5_v2/med_math_4_pediatric_dosage_calc_q5_v2.m3u8,,0,18888,91,Med Math / Pediatric Dosage Calc
Med Math,Med Math,Pediatric Dosage Calc,pediatric-dosage-calc,32m 5s,6,Q6,q6-pediatric-dosage,2:12,132,https://members.simplenursing.com/wp-content/themes/simplenursing-app/images/videos/thumbnails/6.-Pediatric-Dosage-Calc-Q6-copy.webp,https://d1pumg6d5kr18o.cloudfront.net/new/math/med_math_4_pediatric_dosage_calc_q6_v3/med_math_4_pediatric_dosage_calc_q6_v3.m3u8,,0,18889,92,Med Math / Pediatric Dosage Calc
Med Math,Med Math,Pediatric Dosage Calc,pediatric-dosage-calc,32m 5s,7,Q7,q7-pediatric-dosage,0:58,58,https://members.simplenursing.com/wp-content/themes/simplenursing-app/images/videos/thumbnails/7.-Pediatric-Dosage-Calc-Q7-copy.webp,https://d1pumg6d5kr18o.cloudfront.net/new/math/med_math_4_pediatric_dosage_calc_q7_v2/med_math_4_pediatric_dosage_calc_q7_v2.m3u8,,0,18890,93,Med Math / Pediatric Dosage Calc
Med Math,Med Math,Pediatric Dosage Calc,pediatric-dosage-calc,32m 5s,8,Q8,q8-pediatric-dosage,2:12,132,https://members.simplenursing.com/wp-content/themes/simplenursing-app/images/videos/thumbnails/8.-Pediatric-Dosage-Calc-Q8-copy.webp,https://d1pumg6d5kr18o.cloudfront.net/new/math/med_math_4_pediatric_dosage_calc_q8_v2/med_math_4_pediatric_dosage_calc_q8_v2.m3u8,,0,18891,94,Med Math / Pediatric Dosage Calc
Med Math,Med Math,Pediatric Dosage Calc,pediatric-dosage-calc,32m 5s,9,Q9,q9-pediatric-dosage,1:10,70,https://members.simplenursing.com/wp-content/themes/simplenursing-app/images/videos/thumbnails/9.-Pediatric-Dosage-Calc-Q9-copy.webp,https://d1pumg6d5kr18o.cloudfront.net/new/math/med_math_4_pediatric_dosage_calc_q9_v2/med_math_4_pediatric_dosage_calc_q9_v2.m3u8,,0,18892,95,Med Math / Pediatric Dosage Calc
Med Math,Med Math,Pediatric Dosage Calc,pediatric-dosage-calc,32m 5s,10,Q10,q10-pediatric-dosage,2:13,133,https://members.simplenursing.com/wp-content/themes/simplenursing-app/images/videos/thumbnails/10.-Pediatric-Dosage-Calc-Q10-copy.webp,https://d1pumg6d5kr18o.cloudfront.net/new/math/med_math_4_pediatric_dosage_calc_q10_v2/med_math_4_pediatric_dosage_calc_q10_v2.m3u8,,0,18893,96,Med Math / Pediatric Dosage Calc
Med Math,Med Math,Pediatric Dosage Calc,pediatric-dosage-calc,32m 5s,11,Q11,q11-pediatric-dosage,1:12,72,https://members.simplenursing.com/wp-content/themes/simplenursing-app/images/videos/thumbnails/11.-Pediatric-Dosage-Calc-Q11-copy.webp,https://d1pumg6d5kr18o.cloudfront.net/new/math/med_math_4_pediatric_dosage_calc_q11_v2/med_math_4_pediatric_dosage_calc_q11_v2.m3u8,,0,18894,97,Med Math / Pediatric Dosage Calc
Med Math,Med Math,Pediatric Dosage Calc,pediatric-dosage-calc,32m 5s,12,Q12,q12-pediatric-dosage,1:08,68,https://members.simplenursing.com/wp-content/themes/simplenursing-app/images/videos/thumbnails/12.-Pediatric-Dosage-Calc-Q12-copy.webp,https://d1pumg6d5kr18o.cloudfront.net/new/math/med_math_4_pediatric_dosage_calc_q12_v2/med_math_4_pediatric_dosage_calc_q12_v2.m3u8,,0,18895,98,Med Math / Pediatric Dosage Calc
Med Math,Med Math,Pediatric Dosage Calc,pediatric-dosage-calc,32m 5s,13,Q13,q13-pediatric-dosage,1:02,62,https://members.simplenursing.com/wp-content/themes/simplenursing-app/images/videos/thumbnails/13.-Pediatric-Dosage-Calc-Q13-copy.webp,https://d1pumg6d5kr18o.cloudfront.net/new/math/med_math_4_pediatric_dosage_calc_q13_v2/med_math_4_pediatric_dosage_calc_q13_v2.m3u8,,0,18896,99,Med Math / Pediatric Dosage Calc
Med Math,Med Math,Pediatric Dosage Calc,pediatric-dosage-calc,32m 5s,14,Q14,q14-pediatric-dosage,1:53,113,https://members.simplenursing.com/wp-content/themes/simplenursing-app/images/videos/thumbnails/14.-Pediatric-Dosage-Calc-Q14-copy.webp,https://d1pumg6d5kr18o.cloudfront.net/new/math/med_math_4_pediatric_dosage_calc_q14_v2/med_math_4_pediatric_dosage_calc_q14_v2.m3u8,,0,18897,100,Med Math / Pediatric Dosage Calc
Med Math,Med Math,Pediatric Dosage Calc,pediatric-dosage-calc,32m 5s,15,Q15,q15-pediatric-dosage,1:17,77,https://members.simplenursing.com/wp-content/themes/simplenursing-app/images/videos/thumbnails/15.-Pediatric-Dosage-Calc-Q15-copy.webp,https://d1pumg6d5kr18o.cloudfront.net/new/math/med_math_4_pediatric_dosage_calc_q15_v2/med_math_4_pediatric_dosage_calc_q15_v2.m3u8,,0,18898,101,Med Math / Pediatric Dosage Calc
Med Math,Med Math,Pediatric Dosage Calc,pediatric-dosage-calc,32m 5s,16,Q16,q16-pediatric-dosage,1:08,68,https://members.simplenursing.com/wp-content/themes/simplenursing-app/images/videos/thumbnails/16.-Pediatric-Dosage-Calc-Q16-copy.webp,https://d1pumg6d5kr18o.cloudfront.net/new/math/med_math_4_pediatric_dosage_calc_q16_v2/med_math_4_pediatric_dosage_calc_q16_v2.m3u8,,0,18899,102,Med Math / Pediatric Dosage Calc
Med Math,Med Math,Pediatric Dosage Calc,pediatric-dosage-calc,32m 5s,17,Q17,q17-pediatric-dosage,2:05,125,https://members.simplenursing.com/wp-content/themes/simplenursing-app/images/videos/thumbnails/17.-Pediatric-Dosage-Calc-Q17-copy.webp,https://d1pumg6d5kr18o.cloudfront.net/new/math/med_math_4_pediatric_dosage_calc_q17_v2/med_math_4_pediatric_dosage_calc_q17_v2.m3u8,,0,18900,103,Med Math / Pediatric Dosage Calc
Med Math,Med Math,Pediatric Dosage Calc,pediatric-dosage-calc,32m 5s,18,Q18,q18-pediatric-dosage,1:00,60,https://members.simplenursing.com/wp-content/themes/simplenursing-app/images/videos/thumbnails/18.-Pediatric-Dosage-Calc-Q18-copy.webp,https://d1pumg6d5kr18o.cloudfront.net/new/math/med_math_4_pediatric_dosage_calc_q18_v2/med_math_4_pediatric_dosage_calc_q18_v2.m3u8,,0,18901,104,Med Math / Pediatric Dosage Calc
Med Math,Med Math,Pediatric Dosage Calc,pediatric-dosage-calc,32m 5s,19,Q19,q19-pediatric-dosage,1:05,65,https://members.simplenursing.com/wp-content/themes/simplenursing-app/images/videos/thumbnails/19.-Pediatric-Dosage-Calc-Q19-copy.webp,https://d1pumg6d5kr18o.cloudfront.net/new/math/med_math_4_pediatric_dosage_calc_q19_v2/med_math_4_pediatric_dosage_calc_q19_v2.m3u8,,0,18902,105,Med Math / Pediatric Dosage Calc
Med Math,Med Math,Pediatric Dosage Calc,pediatric-dosage-calc,32m 5s,20,Q20,q20-pediatric-dosage,2:16,136,https://members.simplenursing.com/wp-content/themes/simplenursing-app/images/videos/thumbnails/20.-Pediatric-Dosage-Calc-Q20-copy.webp,https://d1pumg6d5kr18o.cloudfront.net/new/math/med_math_4_pediatric_dosage_calc_q20_v2/med_math_4_pediatric_dosage_calc_q20_v2.m3u8,,0,18903,106,Med Math / Pediatric Dosage Calc
Pathophysiology,Pathophysiology,Acid Base Imbalances (patho),acid-base-imbalances-patho,1h 23m,1,Acid Base Imbalances Full Video (Patho),acid-base-imbalances-full-video-patho,39:57,2397,https://members.simplenursing.com/wp-content/themes/simplenursing-app/images/videos/thumbnails/1.-Acid-Base-Imbalances-Full-Video-Patho-copy.webp,https://d1pumg6d5kr18o.cloudfront.net/new/patho/acid_1_acid_base_imbalances_full/acid_1_acid_base_imbalances_full.m3u8,,0,17812,107,Pathophysiology / Acid Base Imbalances (patho)
Pathophysiology,Pathophysiology,Acid Base Imbalances (patho),acid-base-imbalances-patho,1h 23m,2,ABG Patho Test Questions,abg-patho-test-questions,9:53,593,https://members.simplenursing.com/wp-content/themes/simplenursing-app/images/videos/thumbnails/Pathophysiology-ABG-Patho-Test-Questions.webp,https://d1pumg6d5kr18o.cloudfront.net/new/patho/1_abg_patho_test_questions/1_abg_patho_test_questions.m3u8,,0,18543,108,Pathophysiology / Acid Base Imbalances (patho)
Pathophysiology,Pathophysiology,Acid Base Imbalances (patho),acid-base-imbalances-patho,1h 23m,3,Metabolic Acidosis & Alkalosis,metabolic-acidosis-alkalosis-patho,6:05,365,https://members.simplenursing.com/wp-content/themes/simplenursing-app/images/videos/thumbnails/Pathophysiology-Metabolic-Acidosis-and-Alkalosis.webp,https://d1pumg6d5kr18o.cloudfront.net/new/patho/acid_2_metabolic_acidosis_alkalosis/acid_2_metabolic_acidosis_alkalosis.m3u8,,0,17811,109,Pathophysiology / Acid Base Imbalances (patho)
Pathophysiology,Pathophysiology,Acid Base Imbalances (patho),acid-base-imbalances-patho,1h 23m,4,Respiratory Acidosis & Alkalosis,respiratory-acidosis-alkalosis-patho,10:10,610,https://members.simplenursing.com/wp-content/themes/simplenursing-app/images/videos/thumbnails/Pathophysiology-Respiratory-Acidosis-and-Alkalosis.webp,https://d1pumg6d5kr18o.cloudfront.net/new/patho/acid_3_resp_acidosis_alkalosis/acid_3_resp_acidosis_alkalosis.m3u8,,0,17813,110,Pathophysiology / Acid Base Imbalances (patho)
Pathophysiology,Pathophysiology,Acid Base Imbalances (patho),acid-base-imbalances-patho,1h 23m,5,3 step ABG Interpretation,3-step-abg-interpretation,6:31,391,https://members.simplenursing.com/wp-content/themes/simplenursing-app/images/videos/thumbnails/Pathophysiology-3-Step-ABG-Interpretation.webp,https://d1pumg6d5kr18o.cloudfront.net/new/patho/acid_4_3_step_abg_interpretation/acid_4_3_step_abg_interpretation.m3u8,,0,17810,111,Pathophysiology / Acid Base Imbalances (patho)
Pathophysiology,Pathophysiology,Acid Base Imbalances (patho),acid-base-imbalances-patho,1h 23m,6,ABG Practice Questions,abg-practise-questions,4:08,248,https://members.simplenursing.com/wp-content/themes/simplenursing-app/images/videos/thumbnails/Critical-Care-ABG-Practice-Questions.webp,https://d1pumg6d5kr18o.cloudfront.net/new/patho/acid_5_abg_practise_questions/acid_5_abg_practise_questions.m3u8,,0,17814,112,Pathophysiology / Acid Base Imbalances (patho)
Pathophysiology,Pathophysiology,Acid Base Imbalances (patho),acid-base-imbalances-patho,1h 23m,7,ABG Compensation Questions,abg-compensation-questions,7:10,430,https://members.simplenursing.com/wp-content/themes/simplenursing-app/images/videos/thumbnails/Pathophysiology-ABG-Compensation-Questions.webp,https://d1pumg6d5kr18o.cloudfront.net/new/patho/acid_6_abg_compensation_questions/acid_6_abg_compensation_questions.m3u8,,0,17815,113,Pathophysiology / Acid Base Imbalances (patho)
Pathophysiology,Pathophysiology / Fluid & Electrolytes (patho),Fluid Balance,fluid-balance-patho,1h 20m,1,Fluid Balance Full Video,fluid-balance-full-video,44:29,2669,https://members.simplenursing.com/wp-content/themes/simplenursing-app/images/videos/thumbnails/Pathophysiology-Fluid-Balance.webp,https://d1pumg6d5kr18o.cloudfront.net/new/patho/2_fluid_balance_1_fluid_balance_full_video/2_fluid_balance_1_fluid_balance_full_video.m3u8,,0,17925,114,Pathophysiology / Fluid & Electrolytes (patho) / Fluid Balance
Pathophysiology,Pathophysiology / Fluid & Electrolytes (patho),Fluid Balance,fluid-balance-patho,1h 20m,2,"Osmosis, Diffusion & Filtration",osmosis-diffusion-filtration-patho,4:24,264,https://members.simplenursing.com/wp-content/themes/simplenursing-app/images/videos/thumbnails/2.-Osmosis-Diffusion-and-Filtration-copy.webp,https://d1pumg6d5kr18o.cloudfront.net/new/patho/2_fluid_balance_2_osmosis_diffusion_filtration/2_fluid_balance_2_osmosis_diffusion_filtration.m3u8,,0,17927,115,Pathophysiology / Fluid & Electrolytes (patho) / Fluid Balance
Pathophysiology,Pathophysiology / Fluid & Electrolytes (patho),Fluid Balance,fluid-balance-patho,1h 20m,3,FVO - Fluid volume overload,fvo-fluid-volume-overload,7:52,472,https://members.simplenursing.com/wp-content/themes/simplenursing-app/images/videos/thumbnails/3.-FVO-Fluid-volume-overload-copy.webp,https://d1pumg6d5kr18o.cloudfront.net/new/patho/2_fluid_balance_3_fvo_fluid_volume_overload/2_fluid_balance_3_fvo_fluid_volume_overload.m3u8,,0,17928,116,Pathophysiology / Fluid & Electrolytes (patho) / Fluid Balance
Pathophysiology,Pathophysiology / Fluid & Electrolytes (patho),Fluid Balance,fluid-balance-patho,1h 20m,4,FVD - Fluid volume deficit,fvd-fluid-volume-deficit,3:16,196,https://members.simplenursing.com/wp-content/themes/simplenursing-app/images/videos/thumbnails/4.-FVD-Fluid-volume-deficit-copy.webp,https://d1pumg6d5kr18o.cloudfront.net/new/patho/2_fluid_balance_4_fvd_fluid_volume_deficit_/2_fluid_balance_4_fvd_fluid_volume_deficit_.m3u8,,0,17929,117,Pathophysiology / Fluid & Electrolytes (patho) / Fluid Balance
Pathophysiology,Pathophysiology / Fluid & Electrolytes (patho),Fluid Balance,fluid-balance-patho,1h 20m,5,Manifestations (signs & symtoms),manifestations-signs-symtoms,11:54,714,https://members.simplenursing.com/wp-content/themes/simplenursing-app/images/videos/thumbnails/5.-Manifestations-signs-symtoms-copy.webp,https://d1pumg6d5kr18o.cloudfront.net/new/patho/2_fluid_balance_5_manifestations_signs_symtoms_/2_fluid_balance_5_manifestations_signs_symtoms_.m3u8,,0,17930,118,Pathophysiology / Fluid & Electrolytes (patho) / Fluid Balance
Pathophysiology,Pathophysiology / Fluid & Electrolytes (patho),Fluid Balance,fluid-balance-patho,1h 20m,6,"Tonicity of IV fluids (Iso, Hypo, Hypertonic)",tonicity-of-fluids,8:38,518,https://members.simplenursing.com/wp-content/themes/simplenursing-app/images/videos/thumbnails/6.-Tonicity-of-IV-fluids-Iso-Hypo-Hypertonic-copy.webp,https://d1pumg6d5kr18o.cloudfront.net/new/patho/2_fluid_balance_6_tonicity_of_fluids/2_fluid_balance_6_tonicity_of_fluids.m3u8,,0,17931,119,Pathophysiology / Fluid & Electrolytes (patho) / Fluid Balance
Pathophysiology,Pathophysiology / Fluid & Electrolytes (patho),Electrolyte Imbalances,electrolyte-imbalances,51m 49s,1,Electrolyte Imbalances Full Video,electrolyte-imbalances-full-video,26:16,1576,https://members.simplenursing.com/wp-content/themes/simplenursing-app/images/videos/thumbnails/1.-Electrolyte-Imbalances-copy.webp,https://d1pumg6d5kr18o.cloudfront.net/new/patho/2_fluids_1_electrolyte_imbalances_full_video/2_fluids_1_electrolyte_imbalances_full_video.m3u8,,0,17816,120,Pathophysiology / Fluid & Electrolytes (patho) / Electrolyte Imbalances
Pathophysiology,Pathophysiology / Fluid & Electrolytes (patho),Electrolyte Imbalances,electrolyte-imbalances,51m 49s,2,Electrolyte Functions (red carpet fun!),electrolyte-functions-red-carpet-fun,7:22,442,https://members.simplenursing.com/wp-content/themes/simplenursing-app/images/videos/thumbnails/Fundamentals-Electrolyte-Functions.webp,https://d1pumg6d5kr18o.cloudfront.net/new/patho/2_fluids_2_electrolyte_functions_red_carpet_fun/2_fluids_2_electrolyte_functions_red_carpet_fun.m3u8,,0,17827,121,Pathophysiology / Fluid & Electrolytes (patho) / Electrolyte Imbalances
Pathophysiology,Pathophysiology / Fluid & Electrolytes (patho),Electrolyte Imbalances,electrolyte-imbalances,51m 49s,3,Potassium K+,potassium-k,3:38,218,https://members.simplenursing.com/wp-content/themes/simplenursing-app/images/videos/thumbnails/Fundamentals-Potassium-K.webp,https://d1pumg6d5kr18o.cloudfront.net/new/patho/2_fluids_3_potassium_k/2_fluids_3_potassium_k.m3u8,,0,17825,122,Pathophysiology / Fluid & Electrolytes (patho) / Electrolyte Imbalances
Pathophysiology,Pathophysiology / Fluid & Electrolytes (patho),Electrolyte Imbalances,electrolyte-imbalances,51m 49s,4,Sodium Na+,sodium-na,3:44,224,https://members.simplenursing.com/wp-content/themes/simplenursing-app/images/videos/thumbnails/Fundamentals-Sodium-Na.webp,https://d1pumg6d5kr18o.cloudfront.net/new/patho/2_fluids_4_sodium_na/2_fluids_4_sodium_na.m3u8,,0,17905,123,Pathophysiology / Fluid & Electrolytes (patho) / Electrolyte Imbalances
Pathophysiology,Pathophysiology / Fluid & Electrolytes (patho),Electrolyte Imbalances,electrolyte-imbalances,51m 49s,5,Chloride Cl-,chloride-cl,0:38,38,https://members.simplenursing.com/wp-content/themes/simplenursing-app/images/videos/thumbnails/5.-Chloride-Cl-copy-2.webp,https://d1pumg6d5kr18o.cloudfront.net/new/patho/2_fluids_5_chloride_cl/2_fluids_5_chloride_cl.m3u8,,0,17828,124,Pathophysiology / Fluid & Electrolytes (patho) / Electrolyte Imbalances
Pathophysiology,Pathophysiology / Fluid & Electrolytes (patho),Electrolyte Imbalances,electrolyte-imbalances,51m 49s,6,Magnesium Mg+,magnesium-mg,2:04,124,https://members.simplenursing.com/wp-content/themes/simplenursing-app/images/videos/thumbnails/6.-Magnesium-Mg-copy.webp,https://d1pumg6d5kr18o.cloudfront.net/new/patho/2_fluids_6_magnesium_mg/2_fluids_6_magnesium_mg.m3u8,,0,17829,125,Pathophysiology / Fluid & Electrolytes (patho) / Electrolyte Imbalances
Pathophysiology,Pathophysiology / Fluid & Electrolytes (patho),Electrolyte Imbalances,electrolyte-imbalances,51m 49s,7,Calcium Ca,calcium-ca,3:48,228,https://members.simplenursing.com/wp-content/themes/simplenursing-app/images/videos/thumbnails/7.-Calcium-Ca-copy.webp,https://d1pumg6d5kr18o.cloudfront.net/new/patho/2_fluids_7_calcium_ca/2_fluids_7_calcium_ca.m3u8,,0,17830,126,Pathophysiology / Fluid & Electrolytes (patho) / Electrolyte Imbalances
Pathophysiology,Pathophysiology / Fluid & Electrolytes (patho),Electrolyte Imbalances,electrolyte-imbalances,51m 49s,8,Phosphate,phosphate,1:51,111,https://members.simplenursing.com/wp-content/themes/simplenursing-app/images/videos/thumbnails/8.-Phosphate-copy.webp,https://d1pumg6d5kr18o.cloudfront.net/new/patho/2_fluids_8_phosphate/2_fluids_8_phosphate.m3u8,,0,17831,127,Pathophysiology / Fluid & Electrolytes (patho) / Electrolyte Imbalances
Pathophysiology,Pathophysiology / Fluid & Electrolytes (patho),Electrolyte Imbalances,electrolyte-imbalances,51m 49s,9,2 Minute Electrolyte Wrap Up,2-minute-electrolyte-wrap-up-patho,2:28,148,https://members.simplenursing.com/wp-content/themes/simplenursing-app/images/videos/thumbnails/9.-2-Minute-Electrolyte-Wrap-Up-copy.webp,https://d1pumg6d5kr18o.cloudfront.net/new/patho/2_fluids_9_2_minute_electrolyte_wrap_up/2_fluids_9_2_minute_electrolyte_wrap_up.m3u8,,0,17832,128,Pathophysiology / Fluid & Electrolytes (patho) / Electrolyte Imbalances
Pathophysiology,Pathophysiology / Fluid & Electrolytes (patho),Case Studies - Fluid & Electrolytes,case-studies-fluid-electrolytes,20m 52s,1,Fluid Balance - Case Study,fluid-balance-case-study,13:34,814,https://members.simplenursing.com/wp-content/themes/simplenursing-app/images/videos/thumbnails/1.-Fluid-Balance-Case-Study-copy.webp,https://d1pumg6d5kr18o.cloudfront.net/new/patho/2_fe_case_studies_fluid_electrolytes_1_fluid_balance_case_study/2_fe_case_studies_fluid_electrolytes_1_fluid_balance_case_study.m3u8,,0,18546,129,Pathophysiology / Fluid & Electrolytes (patho) / Case Studies - Fluid & Electrolytes
Pathophysiology,Pathophysiology / Fluid & Electrolytes (patho),Case Studies - Fluid & Electrolytes,case-studies-fluid-electrolytes,20m 52s,2,Electrolyte - Case Study,electrolyte-case-study,7:18,438,https://members.simplenursing.com/wp-content/themes/simplenursing-app/images/videos/thumbnails/2.-Electrolyte-Case-Study-copy.webp,https://d1pumg6d5kr18o.cloudfront.net/new/patho/2_fe_case_studies_fluid_electrolytes_2_electrolyte_case_study/2_fe_case_studies_fluid_electrolytes_2_electrolyte_case_study.m3u8,,0,18547,130,Pathophysiology / Fluid & Electrolytes (patho) / Case Studies - Fluid & Electrolytes
Pathophysiology,Pathophysiology / Fluid & Electrolytes (patho),Practice Questions - Fluid & Electrolytes,practice-questions-fluid-electrolytes,26m 24s,1,Fluid Balance - Practice Test Questions,fluid-balance-practice-test-questions,15:49,949,https://members.simplenursing.com/wp-content/themes/simplenursing-app/images/videos/thumbnails/1.-Fluid-Balance-Practice-Test-Questions-copy.webp,https://d1pumg6d5kr18o.cloudfront.net/new/patho/2_fe_practice_questions_fe_1_practice_test_questions/2_fe_practice_questions_fe_1_practice_test_questions.m3u8,,0,18548,131,Pathophysiology / Fluid & Electrolytes (patho) / Practice Questions - Fluid & Electrolytes
Pathophysiology,Pathophysiology / Fluid & Electrolytes (patho),Practice Questions - Fluid & Electrolytes,practice-questions-fluid-electrolytes,26m 24s,2,Electrolyte - Practice Questions,electrolyte-practice-questions,10:35,635,https://members.simplenursing.com/wp-content/themes/simplenursing-app/images/videos/thumbnails/2.-Electrolyte-Practice-Test-Questions-copy.webp,https://d1pumg6d5kr18o.cloudfront.net/new/patho/2_fe_practice_questions_fe_2_electrolyte_practice_questions/2_fe_practice_questions_fe_2_electrolyte_practice_questions.m3u8,,0,18549,132,Pathophysiology / Fluid & Electrolytes (patho) / Practice Questions - Fluid & Electrolytes
Pathophysiology,Pathophysiology,Cell & Congenital Disorders (patho),cell-congenital-disorders-patho,34m 4s,1,"Cellular adaptations, Cell damage & Necrosis",cellular-adaptations-cell-damage-necrosis,8:01,481,https://members.simplenursing.com/wp-content/themes/simplenursing-app/images/videos/thumbnails/1.-Cell-Adaptations-Cell-Damage-and-Necrosis-copy.webp,https://d1pumg6d5kr18o.cloudfront.net/new/patho/3_cell_1_cellular_adaptations_cell_damage_necrosis/3_cell_1_cellular_adaptations_cell_damage_necrosis.m3u8,,0,17906,133,Pathophysiology / Cell & Congenital Disorders (patho)
Pathophysiology,Pathophysiology,Cell & Congenital Disorders (patho),cell-congenital-disorders-patho,34m 4s,2,Genetic & Congenital Disorders,genetic-congenital-disorders,16:27,987,https://members.simplenursing.com/wp-content/themes/simplenursing-app/images/videos/thumbnails/2.-Genetic-and-Congenital-Disorders-copy.webp,https://d1pumg6d5kr18o.cloudfront.net/new/patho/3_cell_2_genetic_congenital_disorders/3_cell_2_genetic_congenital_disorders.m3u8,,0,17833,134,Pathophysiology / Cell & Congenital Disorders (patho)
Pathophysiology,Pathophysiology,Cell & Congenital Disorders (patho),cell-congenital-disorders-patho,34m 4s,3,Cellular adaptations - Test Questions,cellular-adaptations-test-questions,5:55,355,https://members.simplenursing.com/wp-content/themes/simplenursing-app/images/videos/thumbnails/3.-Cellular-Adaptations-Test-Question-copy.webp,https://d1pumg6d5kr18o.cloudfront.net/new/patho/3_ccd_1_cellular_adaptations_test_questions/3_ccd_1_cellular_adaptations_test_questions.m3u8,,0,18550,135,Pathophysiology / Cell & Congenital Disorders (patho)
Pathophysiology,Pathophysiology,Cell & Congenital Disorders (patho),cell-congenital-disorders-patho,34m 4s,4,Congenital & Chromosome - Test Questions,congenital-chromosome-test-questions,3:41,221,https://members.simplenursing.com/wp-content/themes/simplenursing-app/images/videos/thumbnails/4.-Congenital-Chromosome-Test-Questions-copy.webp,https://d1pumg6d5kr18o.cloudfront.net/new/patho/3_ccd_2_congenital_chromosome_test_questions/3_ccd_2_congenital_chromosome_test_questions.m3u8,,0,18551,136,Pathophysiology / Cell & Congenital Disorders (patho)
Pathophysiology,Pathophysiology,Cardiovascular Disorders (patho),cardiovascular-disorders-patho,4h 17m,1,Cardiac Patho Key Terms,cardiac-patho-key-terms,15:30,930,https://members.simplenursing.com/wp-content/themes/simplenursing-app/images/videos/thumbnails/1.-Cardio-Patho-Key-Terms-copy.webp,https://d1pumg6d5kr18o.cloudfront.net/new/patho/11_cardiovascular_patho_key_terms/11_cardiovascular_patho_key_terms.m3u8,,0,17958,137,Pathophysiology / Cardiovascular Disorders (patho)
Pathophysiology,Pathophysiology,Cardiovascular Disorders (patho),cardiovascular-disorders-patho,4h 17m,2,Angina (patho),angina-patho,7:05,425,https://members.simplenursing.com/wp-content/themes/simplenursing-app/images/videos/thumbnails/2.-Angina-Patho-copy.webp,https://d1pumg6d5kr18o.cloudfront.net/new/patho/4_cardio_2_angina/4_cardio_2_angina.m3u8,,0,17834,138,Pathophysiology / Cardiovascular Disorders (patho)
Pathophysiology,Pathophysiology,Cardiovascular Disorders (patho),cardiovascular-disorders-patho,4h 17m,3,Atherosclerosis,atherosclerosis,3:32,212,https://members.simplenursing.com/wp-content/themes/simplenursing-app/images/videos/thumbnails/3.-Atherosclerosis-copy.webp,https://d1pumg6d5kr18o.cloudfront.net/new/patho/4_disorders_31_atherosclerosis_v3/4_disorders_31_atherosclerosis_v3.m3u8,,0,17959,139,Pathophysiology / Cardiovascular Disorders (patho)
Pathophysiology,Pathophysiology,Cardiovascular Disorders (patho),cardiovascular-disorders-patho,4h 17m,4,Cardiac Tamponade,cardiac-tamponade-patho,10:58,658,https://members.simplenursing.com/wp-content/themes/simplenursing-app/images/videos/thumbnails/4.-Cardiac-Tamponade-copy.webp,https://d1pumg6d5kr18o.cloudfront.net/new/patho/4_cardio_4_cardiac_tamponade/4_cardio_4_cardiac_tamponade.m3u8,,0,17835,140,Pathophysiology / Cardiovascular Disorders (patho)
Pathophysiology,Pathophysiology,Cardiovascular Disorders (patho),cardiovascular-disorders-patho,4h 17m,5,Cardiomyopathy (patho),cardiomyopathy-patho,21:31,1291,https://members.simplenursing.com/wp-content/themes/simplenursing-app/images/videos/thumbnails/5.-Cardiomyopathy-copy.webp,https://d1pumg6d5kr18o.cloudfront.net/new/patho/4_cardio_5_cardiomyopathy/4_cardio_5_cardiomyopathy.m3u8,,0,17836,141,Pathophysiology / Cardiovascular Disorders (patho)
Pathophysiology,Pathophysiology,Cardiovascular Disorders (patho),cardiovascular-disorders-patho,4h 17m,6,CHF - Congestive Heart Failure,chf-congestive-heart-failure,34:57,2097,https://members.simplenursing.com/wp-content/themes/simplenursing-app/images/videos/thumbnails/6.-CHF-Congestive-Heart-Failure-copy.webp,https://d1pumg6d5kr18o.cloudfront.net/new/patho/1_pathophysiology_chf_congestive_heart_failure/1_pathophysiology_chf_congestive_heart_failure.m3u8,,0,17960,142,Pathophysiology / Cardiovascular Disorders (patho)
Pathophysiology,Pathophysiology,Cardiovascular Disorders (patho),cardiovascular-disorders-patho,4h 17m,7,CHF - Test Questions,chf-test-questions,5:39,339,https://members.simplenursing.com/wp-content/themes/simplenursing-app/images/videos/thumbnails/7.-CHF-Test-Questions-copy.webp,https://d1pumg6d5kr18o.cloudfront.net/new/patho/4_cardiovascular_4_chf_test_questions/4_cardiovascular_4_chf_test_questions.m3u8,,0,18552,143,Pathophysiology / Cardiovascular Disorders (patho)
Pathophysiology,Pathophysiology,Cardiovascular Disorders (patho),cardiovascular-disorders-patho,4h 17m,8,Congenital Heart Defects,congenital-heart-defects,27:23,1643,https://members.simplenursing.com/wp-content/themes/simplenursing-app/images/videos/thumbnails/8.-Congenital-Heart-Defects-copy.webp,https://d1pumg6d5kr18o.cloudfront.net/new/patho/4_cardio_7_congenital_heart_defects/4_cardio_7_congenital_heart_defects.m3u8,,0,17837,144,Pathophysiology / Cardiovascular Disorders (patho)
Pathophysiology,Pathophysiology,Cardiovascular Disorders (patho),cardiovascular-disorders-patho,4h 17m,9,DVT - Deep Vein Thrombosis (patho),dvt-deep-vein-thrombosis-patho,13:27,807,https://members.simplenursing.com/wp-content/themes/simplenursing-app/images/videos/thumbnails/9.-DVT-Deep-Vein-Thrombosis-copy.webp,https://d1pumg6d5kr18o.cloudfront.net/new/patho/4_cardio_8_dvt_deep_vein_thrombosis/4_cardio_8_dvt_deep_vein_thrombosis.m3u8,,0,17838,145,Pathophysiology / Cardiovascular Disorders (patho)
Pathophysiology,Pathophysiology,Cardiovascular Disorders (patho),cardiovascular-disorders-patho,4h 17m,10,Endocarditis (patho),endocarditis-patho,19:22,1162,https://members.simplenursing.com/wp-content/themes/simplenursing-app/images/videos/thumbnails/10.-Endocarditis-copy.webp,https://d1pumg6d5kr18o.cloudfront.net/new/patho/4_cardio_9_endocarditis/4_cardio_9_endocarditis.m3u8,,0,17839,146,Pathophysiology / Cardiovascular Disorders (patho)
Pathophysiology,Pathophysiology,Cardiovascular Disorders (patho),cardiovascular-disorders-patho,4h 17m,11,Pericarditis (patho),pericarditis-patho,11:17,677,https://members.simplenursing.com/wp-content/themes/simplenursing-app/images/videos/thumbnails/11.-Pericarditis-copy.webp,https://d1pumg6d5kr18o.cloudfront.net/new/patho/4_cardio_10_pericarditis/4_cardio_10_pericarditis.m3u8,,0,17840,147,Pathophysiology / Cardiovascular Disorders (patho)
Pathophysiology,Pathophysiology,Cardiovascular Disorders (patho),cardiovascular-disorders-patho,4h 17m,12,HTN - Hypertension,htn-hypertension,7:10,430,https://members.simplenursing.com/wp-content/themes/simplenursing-app/images/videos/thumbnails/12.-Hypertension-copy.webp,https://d1pumg6d5kr18o.cloudfront.net/new/patho/4_cardio_11_htn_hypertension/4_cardio_11_htn_hypertension.m3u8,,0,17841,148,Pathophysiology / Cardiovascular Disorders (patho)
Pathophysiology,Pathophysiology,Cardiovascular Disorders (patho),cardiovascular-disorders-patho,4h 17m,13,MI - Myocardial Infarction,mi-myocardial-infarction,24:44,1484,https://members.simplenursing.com/wp-content/themes/simplenursing-app/images/videos/thumbnails/13.-MI-Myocardial-Infarction-copy.webp,https://d1pumg6d5kr18o.cloudfront.net/new/patho/4_cardio_12_mi_myocardial_infarction/4_cardio_12_mi_myocardial_infarction.m3u8,"Myocardial infarction is most commonly known as a heart attack. It happens when there is marked reduction or loss of blood flow through one or more of the coronary arteries, resulting in cardiac muscle ischemia and necrosis. Myocardial infarction is a part of a broader category of disease known as acute coronary syndrome, results from prolonged myocardial ischemia due to reduced blood flow through one of the coronary arteries.",0,17842,149,Pathophysiology / Cardiovascular Disorders (patho)
Pathophysiology,Pathophysiology,Cardiovascular Disorders (patho),cardiovascular-disorders-patho,4h 17m,14,PVD - Peripheral Vascular Disease,pvd-peripheral-vascular-disease,18:16,1096,https://members.simplenursing.com/wp-content/themes/simplenursing-app/images/videos/thumbnails/14.-PVD-Peripheral-Vascular-Disease-copy.webp,https://d1pumg6d5kr18o.cloudfront.net/new/patho/4_cardio_13_pvd_peripheral_vascular_disease/4_cardio_13_pvd_peripheral_vascular_disease.m3u8,,0,17843,150,Pathophysiology / Cardiovascular Disorders (patho)
Pathophysiology,Pathophysiology,Cardiovascular Disorders (patho),cardiovascular-disorders-patho,4h 17m,15,PVD - Case Study,pvd-case-study,4:54,294,https://members.simplenursing.com/wp-content/themes/simplenursing-app/images/videos/thumbnails/15.-PVD-Case-Study-copy.webp,https://d1pumg6d5kr18o.cloudfront.net/new/patho/4_cardiovascular_8_pvd_2_pvd_case_study/4_cardiovascular_8_pvd_2_pvd_case_study.m3u8,,0,18553,151,Pathophysiology / Cardiovascular Disorders (patho)
Pathophysiology,Pathophysiology,Cardiovascular Disorders (patho),cardiovascular-disorders-patho,4h 17m,16,PVD - Test Questions,pvd-test-questions,8:23,503,https://members.simplenursing.com/wp-content/themes/simplenursing-app/images/videos/thumbnails/16.-PVD-Test-Questions-copy.webp,https://d1pumg6d5kr18o.cloudfront.net/new/patho/4_cardiovascular_8_pvd_2_pvd_test_questions/4_cardiovascular_8_pvd_2_pvd_test_questions.m3u8,,0,18554,152,Pathophysiology / Cardiovascular Disorders (patho)
Pathophysiology,Pathophysiology,Cardiovascular Disorders (patho),cardiovascular-disorders-patho,4h 17m,17,Shock,shock,22:54,1374,https://members.simplenursing.com/wp-content/themes/simplenursing-app/images/videos/thumbnails/17.-Shock-copy.webp,https://d1pumg6d5kr18o.cloudfront.net/new/patho/4_cardio_14_shock/4_cardio_14_shock.m3u8,,0,17844,153,Pathophysiology / Cardiovascular Disorders (patho)
Pathophysiology,Pathophysiology,Cancer & Neoplasms (patho),cancer-neoplasms-patho,36m 33s,1,Cancer Signs & Neoplasm,neoplasms-cancer-signs,15:21,921,https://members.simplenursing.com/wp-content/themes/simplenursing-app/images/videos/thumbnails/1.-Cancer-Signs-and-Neoplasm-copy.webp,https://d1pumg6d5kr18o.cloudfront.net/new/patho/5_cancer_neoplasm_patho_1_neoplasms_cancer_signs/5_cancer_neoplasm_patho_1_neoplasms_cancer_signs.m3u8,,0,17933,154,Pathophysiology / Cancer & Neoplasms (patho)
Pathophysiology,Pathophysiology,Cancer & Neoplasms (patho),cancer-neoplasms-patho,36m 33s,2,Cancer - Test Questions,cancer-test-questions,5:33,333,https://members.simplenursing.com/wp-content/themes/simplenursing-app/images/videos/thumbnails/2.-Cancer-Test-Questions-copy.webp,https://d1pumg6d5kr18o.cloudfront.net/new/patho/5_cancer_test_questions/5_cancer_test_questions.m3u8,,0,18555,155,Pathophysiology / Cancer & Neoplasms (patho)
Pathophysiology,Pathophysiology,Cancer & Neoplasms (patho),cancer-neoplasms-patho,36m 33s,3,Brain Tumors,brain-tumors,1:33,93,https://members.simplenursing.com/wp-content/themes/simplenursing-app/images/videos/thumbnails/4.-Brain-Tumors-copy.webp,https://d1pumg6d5kr18o.cloudfront.net/new/patho/14_neuro_84_brain_tumors/14_neuro_84_brain_tumors.m3u8,,0,18006,156,Pathophysiology / Cancer & Neoplasms (patho)
Pathophysiology,Pathophysiology,Cancer & Neoplasms (patho),cancer-neoplasms-patho,36m 33s,4,Leukemia (patho),leukemia-patho,4:29,269,https://members.simplenursing.com/wp-content/themes/simplenursing-app/images/videos/thumbnails/4.-Leukemia-copy.webp,https://d1pumg6d5kr18o.cloudfront.net/new/patho/5_cancer_neoplasms_3_leukemia/5_cancer_neoplasms_3_leukemia.m3u8,,0,17845,157,Pathophysiology / Cancer & Neoplasms (patho)
Pathophysiology,Pathophysiology,Cancer & Neoplasms (patho),cancer-neoplasms-patho,36m 33s,5,Lymphoma,lymphoma-patho,2:59,179,https://members.simplenursing.com/wp-content/themes/simplenursing-app/images/videos/thumbnails/5.-Lymphoma-copy.webp,https://d1pumg6d5kr18o.cloudfront.net/new/patho/5_cancer_neoplasms_4_lymphoma/5_cancer_neoplasms_4_lymphoma.m3u8,,0,17846,158,Pathophysiology / Cancer & Neoplasms (patho)
Pathophysiology,Pathophysiology,Cancer & Neoplasms (patho),cancer-neoplasms-patho,36m 33s,6,Skin Cancer,skin-cancer-patho,6:38,398,https://members.simplenursing.com/wp-content/themes/simplenursing-app/images/videos/thumbnails/11.-Skin-Cancer-copy.webp,https://d1pumg6d5kr18o.cloudfront.net/new/patho/12_skin_9_skin_cancer/12_skin_9_skin_cancer.m3u8,,0,17860,159,Pathophysiology / Cancer & Neoplasms (patho)
Pathophysiology,Pathophysiology,Endocrine (patho),endocrine-patho,2h 36m,1,Endocrine Glands & Functions,endocrine-glands-functions,12:35,755,https://members.simplenursing.com/wp-content/themes/simplenursing-app/images/videos/thumbnails/1.-Endocrine-Glands-and-Functions-copy.webp,https://d1pumg6d5kr18o.cloudfront.net/new/patho/6_endo_69_endocrine_glands_functions_v2/6_endo_69_endocrine_glands_functions_v2.m3u8,,0,17966,160,Pathophysiology / Endocrine (patho)
Pathophysiology,Pathophysiology,Endocrine (patho),endocrine-patho,2h 36m,2,Addison & Cushing,addison-cushing,15:06,906,https://members.simplenursing.com/wp-content/themes/simplenursing-app/images/videos/thumbnails/2.-Addison-and-Cushing-copy.webp,https://d1pumg6d5kr18o.cloudfront.net/new/patho/6_endocrine_73_addison_disease_vs_cushing/6_endocrine_73_addison_disease_vs_cushing.m3u8,,0,17962,161,Pathophysiology / Endocrine (patho)
Pathophysiology,Pathophysiology,Endocrine (patho),endocrine-patho,2h 36m,3,Diabetes Type 1 & 2,diabetes-type-1-2,24:45,1485,https://members.simplenursing.com/wp-content/themes/simplenursing-app/images/videos/thumbnails/3.-Diabetes-Type-1-2-copy.webp,https://d1pumg6d5kr18o.cloudfront.net/new/patho/8_diabetes_type_1_2/8_diabetes_type_1_2.m3u8,,0,17963,162,Pathophysiology / Endocrine (patho)
Pathophysiology,Pathophysiology,Endocrine (patho),endocrine-patho,2h 36m,4,Diabetes - Test Questions,diabetes-test-questions,11:07,667,https://members.simplenursing.com/wp-content/themes/simplenursing-app/images/videos/thumbnails/4.-Diabetes-Test-Questions-copy.webp,https://d1pumg6d5kr18o.cloudfront.net/new/patho/6_endocrine_1_diabetes_test_questions/6_endocrine_1_diabetes_test_questions.m3u8,,0,18558,163,Pathophysiology / Endocrine (patho)
Pathophysiology,Pathophysiology,Endocrine (patho),endocrine-patho,2h 36m,5,Dialysis (Patho),dialysis-patho,13:42,822,https://members.simplenursing.com/wp-content/themes/simplenursing-app/images/videos/thumbnails/4.-Dialysis-Patho-copy.webp,https://d1pumg6d5kr18o.cloudfront.net/new/patho/9_dialysis/9_dialysis.m3u8,,0,18021,164,Pathophysiology / Endocrine (patho)
Pathophysiology,Pathophysiology,Endocrine (patho),endocrine-patho,2h 36m,6,DKA & HHNS,dka-hhns,5:54,354,https://members.simplenursing.com/wp-content/themes/simplenursing-app/images/videos/thumbnails/6.-DKA-HHNS-copy.webp,https://d1pumg6d5kr18o.cloudfront.net/new/patho/6_endocrine_16_5_dka_vs_hhns/6_endocrine_16_5_dka_vs_hhns.m3u8,,0,17965,165,Pathophysiology / Endocrine (patho)
Pathophysiology,Pathophysiology,Endocrine (patho),endocrine-patho,2h 36m,7,DKA - Case Study,dka-case-study,9:43,583,https://members.simplenursing.com/wp-content/themes/simplenursing-app/images/videos/thumbnails/7.-DKA-Case-Study-copy.webp,https://d1pumg6d5kr18o.cloudfront.net/new/patho/6_endocrine_2_dka_hhns_dka_case_study/6_endocrine_2_dka_hhns_dka_case_study.m3u8,,0,18556,166,Pathophysiology / Endocrine (patho)
Pathophysiology,Pathophysiology,Endocrine (patho),endocrine-patho,2h 36m,8,DKA & HHNS - Test Questions,dka-hhns-test-questions,7:24,444,https://members.simplenursing.com/wp-content/themes/simplenursing-app/images/videos/thumbnails/8.-DKA-HHNS-Test-Questions-copy.webp,https://d1pumg6d5kr18o.cloudfront.net/new/patho/6_endocrine_2_dka_hhns_dka_hhns_test_questions/6_endocrine_2_dka_hhns_dka_hhns_test_questions.m3u8,,0,18557,167,Pathophysiology / Endocrine (patho)
Pathophysiology,Pathophysiology,Endocrine (patho),endocrine-patho,2h 36m,9,Growth Hormone Disorders,growth-hormone-disorders,2:54,174,https://members.simplenursing.com/wp-content/themes/simplenursing-app/images/videos/thumbnails/9.-Growth-Hormone-Disorders-copy.webp,https://d1pumg6d5kr18o.cloudfront.net/new/patho/6_endocrine_71_growth_hormone_problems/6_endocrine_71_growth_hormone_problems.m3u8,,0,17967,168,Pathophysiology / Endocrine (patho)
Pathophysiology,Pathophysiology,Endocrine (patho),endocrine-patho,2h 36m,10,Hyperaldosteronism,hyperaldosteronism,9:11,551,https://members.simplenursing.com/wp-content/themes/simplenursing-app/images/videos/thumbnails/1.-Hyperaldosteronism-copy.webp,https://d1pumg6d5kr18o.cloudfront.net/new/patho/10_hyperaldosteronism/10_hyperaldosteronism.m3u8,,0,11253,169,Pathophysiology / Endocrine (patho)
Pathophysiology,Pathophysiology,Endocrine (patho),endocrine-patho,2h 36m,11,Parathyroid (Hyper & Hypo),parathyroid-hyper-hypo,8:50,530,https://members.simplenursing.com/wp-content/themes/simplenursing-app/images/videos/thumbnails/11.-Parathyroid-Hyper-Hypo-copy.webp,https://d1pumg6d5kr18o.cloudfront.net/new/patho/6_endo_74_hyper_hypoparathyroid/6_endo_74_hyper_hypoparathyroid.m3u8,,0,17969,170,Pathophysiology / Endocrine (patho)
Pathophysiology,Pathophysiology,Endocrine (patho),endocrine-patho,2h 36m,12,SIADH vs. DI,siadh-vs-di-patho,15:37,937,https://members.simplenursing.com/wp-content/themes/simplenursing-app/images/videos/thumbnails/12.-SIADH-vs.-DI-copy.webp,https://d1pumg6d5kr18o.cloudfront.net/new/patho/6_endocrine_72_siadh_vs_di/6_endocrine_72_siadh_vs_di.m3u8,,0,17970,171,Pathophysiology / Endocrine (patho)
Pathophysiology,Pathophysiology,Endocrine (patho),endocrine-patho,2h 36m,13,Thyroid (Hyper & Hypo),thyroid-hyper-hypo,19:37,1177,https://members.simplenursing.com/wp-content/themes/simplenursing-app/images/videos/thumbnails/13.-Thyroid-copy.webp,https://d1pumg6d5kr18o.cloudfront.net/new/patho/6_endo_70_hyper_hypothyroidism_v3/6_endo_70_hyper_hypothyroidism_v3.m3u8,,0,17971,172,Pathophysiology / Endocrine (patho)
Pathophysiology,Pathophysiology / GI - Gastrointestinal (patho),Gastrointestinal,gi-gastrointestinal-patho-playlist,1h 31m,1,GI Patho Key Terms,gi-patho-key-terms,8:23,503,https://members.simplenursing.com/wp-content/themes/simplenursing-app/images/videos/thumbnails/1.-GI-Patho-Key-Terms-copy.webp,https://d1pumg6d5kr18o.cloudfront.net/new/patho/6_gi_patho_key_terms/6_gi_patho_key_terms.m3u8,,0,17972,173,Pathophysiology / GI - Gastrointestinal (patho) / Gastrointestinal
Pathophysiology,Pathophysiology / GI - Gastrointestinal (patho),Gastrointestinal,gi-gastrointestinal-patho-playlist,1h 31m,2,Appendicitis,appendicitis-patho,4:20,260,https://members.simplenursing.com/wp-content/themes/simplenursing-app/images/videos/thumbnails/2.-Appendicitis-copy.webp,https://d1pumg6d5kr18o.cloudfront.net/new/patho/7_gi_56_appendicitis/7_gi_56_appendicitis.m3u8,,0,17973,174,Pathophysiology / GI - Gastrointestinal (patho) / Gastrointestinal
Pathophysiology,Pathophysiology / GI - Gastrointestinal (patho),Gastrointestinal,gi-gastrointestinal-patho-playlist,1h 31m,3,Celiac Disease,celiac-disease-patho,2:53,173,https://members.simplenursing.com/wp-content/themes/simplenursing-app/images/videos/thumbnails/3.-Celiac-Disease-copy.webp,https://d1pumg6d5kr18o.cloudfront.net/new/patho/7_gi_57_celiac_disease/7_gi_57_celiac_disease.m3u8,,0,17974,175,Pathophysiology / GI - Gastrointestinal (patho) / Gastrointestinal
Pathophysiology,Pathophysiology / GI - Gastrointestinal (patho),Gastrointestinal,gi-gastrointestinal-patho-playlist,1h 31m,4,Colon Cancer & Esophageal Cancer,colon-cancer-esophageal-cancer,6:21,381,https://members.simplenursing.com/wp-content/themes/simplenursing-app/images/videos/thumbnails/4.-Colon-Cancer-and-Esophageal-Cancer-copy.webp,https://d1pumg6d5kr18o.cloudfront.net/new/patho/7_gi_62_colon_cancer_esophageal/7_gi_62_colon_cancer_esophageal.m3u8,,0,17975,176,Pathophysiology / GI - Gastrointestinal (patho) / Gastrointestinal
Pathophysiology,Pathophysiology / GI - Gastrointestinal (patho),Gastrointestinal,gi-gastrointestinal-patho-playlist,1h 31m,5,Constipation,constipation-patho,3:19,199,https://members.simplenursing.com/wp-content/themes/simplenursing-app/images/videos/thumbnails/5.-Constipation-copy.webp,https://d1pumg6d5kr18o.cloudfront.net/new/patho/7_gi_68_5_constipation/7_gi_68_5_constipation.m3u8,,0,17976,177,Pathophysiology / GI - Gastrointestinal (patho) / Gastrointestinal
Pathophysiology,Pathophysiology / GI - Gastrointestinal (patho),Gastrointestinal,gi-gastrointestinal-patho-playlist,1h 31m,6,Crohn’s Disease & Ulcerative Colitis,crohns-disease-ulcerative-colitis,6:36,396,https://members.simplenursing.com/wp-content/themes/simplenursing-app/images/videos/thumbnails/6.-Crohns-Disease-Ulcerative-Colitis-copy.webp,https://d1pumg6d5kr18o.cloudfront.net/new/patho/7_crohns_disease_vs_ulcerative_colitis/7_crohns_disease_vs_ulcerative_colitis.m3u8,,0,17977,178,Pathophysiology / GI - Gastrointestinal (patho) / Gastrointestinal
Pathophysiology,Pathophysiology / GI - Gastrointestinal (patho),Gastrointestinal,gi-gastrointestinal-patho-playlist,1h 31m,7,Crohn’s & UC - Case Study,crohns-uc-case-study,5:44,344,https://members.simplenursing.com/wp-content/themes/simplenursing-app/images/videos/thumbnails/7.-Crohns-UC-Case-Study-copy.webp,https://d1pumg6d5kr18o.cloudfront.net/new/patho/7_gi_1_crohn_s_uc_case_study/7_gi_1_crohn_s_uc_case_study.m3u8,,0,18559,179,Pathophysiology / GI - Gastrointestinal (patho) / Gastrointestinal
Pathophysiology,Pathophysiology / GI - Gastrointestinal (patho),Gastrointestinal,gi-gastrointestinal-patho-playlist,1h 31m,8,Crohn’s & UC - Test Questions,crohns-uc-test-questions,9:42,582,https://members.simplenursing.com/wp-content/themes/simplenursing-app/images/videos/thumbnails/8.-Crohns-UC-Test-Questions-copy.webp,https://d1pumg6d5kr18o.cloudfront.net/new/patho/7_gi_2_chron_s_uc_test_questions/7_gi_2_chron_s_uc_test_questions.m3u8,,0,18560,180,Pathophysiology / GI - Gastrointestinal (patho) / Gastrointestinal
Pathophysiology,Pathophysiology / GI - Gastrointestinal (patho),Gastrointestinal,gi-gastrointestinal-patho-playlist,1h 31m,9,Diverticulitis & Diverticulosis,diverticulitis-diverticulosis-patho,4:01,241,https://members.simplenursing.com/wp-content/themes/simplenursing-app/images/videos/thumbnails/9.-Diverticulitis-Diverticulosis-copy.webp,https://d1pumg6d5kr18o.cloudfront.net/new/patho/7_gi_59_diverticulitis_diverticulosis/7_gi_59_diverticulitis_diverticulosis.m3u8,,0,17978,181,Pathophysiology / GI - Gastrointestinal (patho) / Gastrointestinal
Pathophysiology,Pathophysiology / GI - Gastrointestinal (patho),Gastrointestinal,gi-gastrointestinal-patho-playlist,1h 31m,10,Dumping Syndrome,dumping-syndrome-patho,4:48,288,https://members.simplenursing.com/wp-content/themes/simplenursing-app/images/videos/thumbnails/10.-Dumping-Syndrome-copy.webp,https://d1pumg6d5kr18o.cloudfront.net/new/patho/7_gi_60_dumping_syndrome/7_gi_60_dumping_syndrome.m3u8,,0,17979,182,Pathophysiology / GI - Gastrointestinal (patho) / Gastrointestinal
Pathophysiology,Pathophysiology / GI - Gastrointestinal (patho),Gastrointestinal,gi-gastrointestinal-patho-playlist,1h 31m,11,Gastritis ,gastritis,1:51,111,https://members.simplenursing.com/wp-content/themes/simplenursing-app/images/videos/thumbnails/11.-Gastritis-copy.webp,https://d1pumg6d5kr18o.cloudfront.net/new/patho/7_gi_58_gastritis/7_gi_58_gastritis.m3u8,,0,17980,183,Pathophysiology / GI - Gastrointestinal (patho) / Gastrointestinal
Pathophysiology,Pathophysiology / GI - Gastrointestinal (patho),Gastrointestinal,gi-gastrointestinal-patho-playlist,1h 31m,12,GERD & PUD - Peptic Ulcer Disease,gerd-pud-peptic-ulcer-disease,16:41,1001,https://members.simplenursing.com/wp-content/themes/simplenursing-app/images/videos/thumbnails/12.-GERD-PUD-Peptic-Ulcer-Disease-copy.webp,https://d1pumg6d5kr18o.cloudfront.net/new/patho/7_gi_22_gerd_peptic_ulcer_disease/7_gi_22_gerd_peptic_ulcer_disease.m3u8,,0,17981,184,Pathophysiology / GI - Gastrointestinal (patho) / Gastrointestinal
Pathophysiology,Pathophysiology / GI - Gastrointestinal (patho),Gastrointestinal,gi-gastrointestinal-patho-playlist,1h 31m,13,GERD & PUD - Test Questions,gerd-pud-test-questions,4:20,260,https://members.simplenursing.com/wp-content/themes/simplenursing-app/images/videos/thumbnails/13.-GERD-PUD-Test-Questions-copy.webp,https://d1pumg6d5kr18o.cloudfront.net/new/patho/7_g_3_gerd_pud_test_questions/7_g_3_gerd_pud_test_questions.m3u8,,0,18561,185,Pathophysiology / GI - Gastrointestinal (patho) / Gastrointestinal
Pathophysiology,Pathophysiology / GI - Gastrointestinal (patho),Gastrointestinal,gi-gastrointestinal-patho-playlist,1h 31m,14,GI Bleed,gi-bleed-patho,4:14,254,https://members.simplenursing.com/wp-content/themes/simplenursing-app/images/videos/thumbnails/14.-GI-Bleed-copy.webp,https://d1pumg6d5kr18o.cloudfront.net/new/patho/7_gi_61_gi_bleed/7_gi_61_gi_bleed.m3u8,,0,17982,186,Pathophysiology / GI - Gastrointestinal (patho) / Gastrointestinal
Pathophysiology,Pathophysiology / GI - Gastrointestinal (patho),Gastrointestinal,gi-gastrointestinal-patho-playlist,1h 31m,15,Hiatal Hernia,hiatal-hernia-patho,1:46,106,https://members.simplenursing.com/wp-content/themes/simplenursing-app/images/videos/thumbnails/15.-Hiatal-Hernia-copy.webp,https://d1pumg6d5kr18o.cloudfront.net/new/patho/7_gi_63_hitatal_hernia/7_gi_63_hitatal_hernia.m3u8,,0,17983,187,Pathophysiology / GI - Gastrointestinal (patho) / Gastrointestinal
Pathophysiology,Pathophysiology / GI - Gastrointestinal (patho),Gastrointestinal,gi-gastrointestinal-patho-playlist,1h 31m,16,IBS - Irritable bowel syndrome,ibs-irritable-bowel-syndrome,2:44,164,https://members.simplenursing.com/wp-content/themes/simplenursing-app/images/videos/thumbnails/16.-IBS-Irritable-bowel-syndrome-copy.webp,https://d1pumg6d5kr18o.cloudfront.net/new/patho/7_gi_64_irritable_bowel_syndrome/7_gi_64_irritable_bowel_syndrome.m3u8,,0,17984,188,Pathophysiology / GI - Gastrointestinal (patho) / Gastrointestinal
Pathophysiology,Pathophysiology / GI - Gastrointestinal (patho),Gastrointestinal,gi-gastrointestinal-patho-playlist,1h 31m,17,SBO - small bowel obstruction,sbo-small-bowel-obstruction,3:56,236,https://members.simplenursing.com/wp-content/themes/simplenursing-app/images/videos/thumbnails/17.-SBO-small-bowel-obstruction-copy.webp,https://d1pumg6d5kr18o.cloudfront.net/new/patho/7_gi_65_small_bowel_obstruction/7_gi_65_small_bowel_obstruction.m3u8,,0,17985,189,Pathophysiology / GI - Gastrointestinal (patho) / Gastrointestinal
Pathophysiology,Pathophysiology / GI - Gastrointestinal (patho),"Liver, Gallbladder, Pancreas",liver-gallbladder-pancreas,50m 5s,1,Cirrhosis,cirrhosis,25:20,1520,https://members.simplenursing.com/wp-content/themes/simplenursing-app/images/videos/thumbnails/1.-Cirrhosis-copy.webp,https://d1pumg6d5kr18o.cloudfront.net/new/patho/7_gi_pancreas_66_cirrhosis_v2/7_gi_pancreas_66_cirrhosis_v2.m3u8,,0,17986,190,"Pathophysiology / GI - Gastrointestinal (patho) / Liver, Gallbladder, Pancreas"
Pathophysiology,Pathophysiology / GI - Gastrointestinal (patho),"Liver, Gallbladder, Pancreas",liver-gallbladder-pancreas,50m 5s,2,Cholecystitis ,cholecystitis-patho,2:09,129,https://members.simplenursing.com/wp-content/themes/simplenursing-app/images/videos/thumbnails/2.-Cholecystitis-copy.webp,https://d1pumg6d5kr18o.cloudfront.net/new/patho/7_gi_pancreas_68_cholecystitis/7_gi_pancreas_68_cholecystitis.m3u8,,0,17988,191,"Pathophysiology / GI - Gastrointestinal (patho) / Liver, Gallbladder, Pancreas"
Pathophysiology,Pathophysiology / GI - Gastrointestinal (patho),"Liver, Gallbladder, Pancreas",liver-gallbladder-pancreas,50m 5s,3,Hepatitis,hepatitis-patho,5:51,351,https://members.simplenursing.com/wp-content/themes/simplenursing-app/images/videos/thumbnails/3.-Hepatitis-copy.webp,https://d1pumg6d5kr18o.cloudfront.net/new/patho/7_gi_pancreas_67_hepatitis/7_gi_pancreas_67_hepatitis.m3u8,,0,17989,192,"Pathophysiology / GI - Gastrointestinal (patho) / Liver, Gallbladder, Pancreas"
Pathophysiology,Pathophysiology / GI - Gastrointestinal (patho),"Liver, Gallbladder, Pancreas",liver-gallbladder-pancreas,50m 5s,4,Pancreatitis ,pancreatitis-patho,12:51,771,https://members.simplenursing.com/wp-content/themes/simplenursing-app/images/videos/thumbnails/4.-Pancreatitis-copy.webp,https://d1pumg6d5kr18o.cloudfront.net/new/patho/7_gi_gallbladder_pancreas_21_pancreatitis/7_gi_gallbladder_pancreas_21_pancreatitis.m3u8,,0,17990,193,"Pathophysiology / GI - Gastrointestinal (patho) / Liver, Gallbladder, Pancreas"
Pathophysiology,Pathophysiology / GI - Gastrointestinal (patho),"Liver, Gallbladder, Pancreas",liver-gallbladder-pancreas,50m 5s,5,Pancreatitis - Test Questions,pancreatitis-test-questions,3:54,234,https://members.simplenursing.com/wp-content/themes/simplenursing-app/images/videos/thumbnails/5.-Pancreatitis-Test-Questions-copy.webp,https://d1pumg6d5kr18o.cloudfront.net/new/patho/7_gi_gi_liver_gallbladder_pancreas_1_pancreatitis_test_questions/7_gi_gi_liver_gallbladder_pancreas_1_pancreatitis_test_questions.m3u8,,0,18562,194,"Pathophysiology / GI - Gastrointestinal (patho) / Liver, Gallbladder, Pancreas"
Pathophysiology,Pathophysiology,Hematological (patho),hematological-patho,28m 8s,1,Hemo Patho Key Terms,hemo-patho-key-terms,2:46,166,https://members.simplenursing.com/wp-content/themes/simplenursing-app/images/videos/thumbnails/1.-Hemo-Patho-Key-Terms-copy.webp,https://d1pumg6d5kr18o.cloudfront.net/new/patho/8_hematological_26_hemo_terminology/8_hematological_26_hemo_terminology.m3u8,,0,17991,195,Pathophysiology / Hematological (patho)
Pathophysiology,Pathophysiology,Hematological (patho),hematological-patho,28m 8s,2,Anemia,anemia,13:04,784,https://members.simplenursing.com/wp-content/themes/simplenursing-app/images/videos/thumbnails/2.-Anemia-copy.webp,https://d1pumg6d5kr18o.cloudfront.net/new/patho/8_hematological_27_anemia_v2/8_hematological_27_anemia_v2.m3u8,,0,17992,196,Pathophysiology / Hematological (patho)
Pathophysiology,Pathophysiology,Hematological (patho),hematological-patho,28m 8s,3,DIC,dic,1:28,88,https://members.simplenursing.com/wp-content/themes/simplenursing-app/images/videos/thumbnails/3.-DIC-copy.webp,https://d1pumg6d5kr18o.cloudfront.net/new/patho/8_hematological_103_dic/8_hematological_103_dic.m3u8,,0,17993,197,Pathophysiology / Hematological (patho)
Pathophysiology,Pathophysiology,Hematological (patho),hematological-patho,28m 8s,4,Hemophilia,hemophilia-patho,2:21,141,https://members.simplenursing.com/wp-content/themes/simplenursing-app/images/videos/thumbnails/4.-Hemophilia-copy.webp,https://d1pumg6d5kr18o.cloudfront.net/new/patho/8_hematological_101_hemophilia_v3/8_hematological_101_hemophilia_v3.m3u8,,0,17994,198,Pathophysiology / Hematological (patho)
Pathophysiology,Pathophysiology,Hematological (patho),hematological-patho,28m 8s,5,Leukemia ,leukemia-patho-new,4:29,269,https://members.simplenursing.com/wp-content/themes/simplenursing-app/images/videos/thumbnails/5.-Leukemia-copy.webp,https://d1pumg6d5kr18o.cloudfront.net/new/patho/8_hematological_28_leukemia/8_hematological_28_leukemia.m3u8,,0,17995,199,Pathophysiology / Hematological (patho)
Pathophysiology,Pathophysiology,Hematological (patho),hematological-patho,28m 8s,6,Polycythemia,polycythemia,4:00,240,https://members.simplenursing.com/wp-content/themes/simplenursing-app/images/videos/thumbnails/6.-Polycythemia-copy.webp,https://d1pumg6d5kr18o.cloudfront.net/new/patho/8_hematological_102_polycythemia/8_hematological_102_polycythemia.m3u8,,0,17996,200,Pathophysiology / Hematological (patho)
Pathophysiology,Pathophysiology,Immunity (patho),immunity-patho,22m 53s,1,"Immunity Types (I, II, III, IV)",immunity-types-i-ii-iii-iv,5:16,316,https://members.simplenursing.com/wp-content/themes/simplenursing-app/images/videos/thumbnails/1.-Immunity-Types-I-II-III-IV-copy.webp,https://d1pumg6d5kr18o.cloudfront.net/new/patho/9_immunity_1_immunity_types_i_ii_iii_iv/9_immunity_1_immunity_types_i_ii_iii_iv.m3u8,,0,17847,201,Pathophysiology / Immunity (patho)
Pathophysiology,Pathophysiology,Immunity (patho),immunity-patho,22m 53s,2,Anaphylaxis,anaphylaxis-patho,4:25,265,https://members.simplenursing.com/wp-content/themes/simplenursing-app/images/videos/thumbnails/2.-Anaphylaxis-copy.webp,https://d1pumg6d5kr18o.cloudfront.net/new/patho/9_immunity_2_anaphylaxis/9_immunity_2_anaphylaxis.m3u8,,0,17848,202,Pathophysiology / Immunity (patho)
Pathophysiology,Pathophysiology,Immunity (patho),immunity-patho,22m 53s,3,Immunodeficiency & Immunosuppression,immunodeficiency-immunosuppression,7:56,476,https://members.simplenursing.com/wp-content/themes/simplenursing-app/images/videos/thumbnails/3.-Immunodeficiency-Immunosuppression-copy.webp,https://d1pumg6d5kr18o.cloudfront.net/new/patho/9_immunity_3_immunodeficiency_immunosuppression/9_immunity_3_immunodeficiency_immunosuppression.m3u8,,0,17908,203,Pathophysiology / Immunity (patho)
Pathophysiology,Pathophysiology,Immunity (patho),immunity-patho,22m 53s,4,Lupus SLE - systemic lupus erythematosus,lupus-sle-systemic-lupus-erythematosus,5:16,316,https://members.simplenursing.com/wp-content/themes/simplenursing-app/images/videos/thumbnails/4.-Lupus-SLE-systemic-lupus-erythematosus-copy.webp,https://d1pumg6d5kr18o.cloudfront.net/new/patho/9_immunity_4_systemic_lupus_erythematosus/9_immunity_4_systemic_lupus_erythematosus.m3u8,,0,17849,204,Pathophysiology / Immunity (patho)
Pathophysiology,Pathophysiology,Infection (patho),infection-patho,43m 39s,1,Infection & Transmission Routes,infection-transmission-routes,9:46,586,https://members.simplenursing.com/wp-content/themes/simplenursing-app/images/videos/thumbnails/1.-Infection-Transmission-Routes-copy.webp,https://d1pumg6d5kr18o.cloudfront.net/new/patho/10_infection_1_infection_transmission_routes/10_infection_1_infection_transmission_routes.m3u8,,0,17909,205,Pathophysiology / Infection (patho)
Pathophysiology,Pathophysiology,Infection (patho),infection-patho,43m 39s,2,Infection & Transmission - Test Questions,infection-transmission-test-questions,5:23,323,https://members.simplenursing.com/wp-content/themes/simplenursing-app/images/videos/thumbnails/2.-Infection-Transmission-Test-Questions-copy.webp,https://d1pumg6d5kr18o.cloudfront.net/new/patho/infection_1_infection_tranmission_test_questions/infection_1_infection_tranmission_test_questions.m3u8,,0,18563,206,Pathophysiology / Infection (patho)
Pathophysiology,Pathophysiology,Infection (patho),infection-patho,43m 39s,3,Influenza,influenza-patho,1:12,72,https://members.simplenursing.com/wp-content/themes/simplenursing-app/images/videos/thumbnails/3.-Influenza-copy.webp,https://d1pumg6d5kr18o.cloudfront.net/new/patho/10_infection_2_influenza/10_infection_2_influenza.m3u8,,0,17850,207,Pathophysiology / Infection (patho)
Pathophysiology,Pathophysiology,Infection (patho),infection-patho,43m 39s,4,Pneumonia (Patho),pneumonia-patho,17:18,1038,https://members.simplenursing.com/wp-content/themes/simplenursing-app/images/videos/thumbnails/17.-Pneumonia-Patho-copy.webp,https://d1pumg6d5kr18o.cloudfront.net/new/patho/15_resp_13_pneumonia/15_resp_13_pneumonia.m3u8,,0,17913,208,Pathophysiology / Infection (patho)
Pathophysiology,Pathophysiology,Infection (patho),infection-patho,43m 39s,5,TB - Tuberculosis (Patho),tb-tuberculosis-patho-2,10:00,600,https://members.simplenursing.com/wp-content/themes/simplenursing-app/images/videos/thumbnails/22.-TB-Tuberculosis-Patho-copy.webp,https://d1pumg6d5kr18o.cloudfront.net/new/patho/15_resp_15_tb_tuberculosis/15_resp_15_tb_tuberculosis.m3u8,,0,17873,209,Pathophysiology / Infection (patho)
Pathophysiology,Pathophysiology,Inflammation & Healing (patho),inflammation-healing-patho,1m 29s,1,Inflammation & Healing,inflammation-healing,1:29,89,https://members.simplenursing.com/wp-content/themes/simplenursing-app/images/videos/thumbnails/1.-Inflammation-Healing-copy.webp,https://d1pumg6d5kr18o.cloudfront.net/new/patho/11_inflammation_healing_1_inflammation_healing/11_inflammation_healing_1_inflammation_healing.m3u8,,0,17852,210,Pathophysiology / Inflammation & Healing (patho)
Pathophysiology,Pathophysiology,Integumentary - Skin (patho),integumentary-skin-patho,57m 39s,1,Skin Lesions Key Terms,skin-lesions-key-terms,2:35,155,https://members.simplenursing.com/wp-content/themes/simplenursing-app/images/videos/thumbnails/1.-Skin-Lesions-Key-Terms-copy.webp,https://d1pumg6d5kr18o.cloudfront.net/new/patho/12_skin_1_skin_lesions_key_terms/12_skin_1_skin_lesions_key_terms.m3u8,,0,17853,211,Pathophysiology / Integumentary - Skin (patho)
Pathophysiology,Pathophysiology,Integumentary - Skin (patho),integumentary-skin-patho,57m 39s,2,Burns,burns,18:06,1086,https://members.simplenursing.com/wp-content/themes/simplenursing-app/images/videos/thumbnails/2.-Burns-copy.webp,https://d1pumg6d5kr18o.cloudfront.net/new/patho/12_skin_2_burns/12_skin_2_burns.m3u8,,0,17854,212,Pathophysiology / Integumentary - Skin (patho)
Pathophysiology,Pathophysiology,Integumentary - Skin (patho),integumentary-skin-patho,57m 39s,3,Burns - Test Questions,burns-test-questions,3:15,195,https://members.simplenursing.com/wp-content/themes/simplenursing-app/images/videos/thumbnails/3.-Burns-Test-Questions-copy.webp,https://d1pumg6d5kr18o.cloudfront.net/new/patho/integumentary_skin_1_burns_test_questions/integumentary_skin_1_burns_test_questions.m3u8,,0,18564,213,Pathophysiology / Integumentary - Skin (patho)
Pathophysiology,Pathophysiology,Integumentary - Skin (patho),integumentary-skin-patho,57m 39s,4,Cellulitis,cellulitis-patho,2:22,142,https://members.simplenursing.com/wp-content/themes/simplenursing-app/images/videos/thumbnails/4.-Cellulitis-copy.webp,https://d1pumg6d5kr18o.cloudfront.net/new/patho/12_skin_3_cellutlitis/12_skin_3_cellutlitis.m3u8,,0,17878,214,Pathophysiology / Integumentary - Skin (patho)
Pathophysiology,Pathophysiology,Integumentary - Skin (patho),integumentary-skin-patho,57m 39s,5,Eczema Atopic vs. Contact Dermatitis,eczema-atopic-vs-contact-dermatitis,2:18,138,https://members.simplenursing.com/wp-content/themes/simplenursing-app/images/videos/thumbnails/5.-Eczema-Atopic-vs.-Contact-Dermatitis-copy.webp,https://d1pumg6d5kr18o.cloudfront.net/new/patho/12_skin_4_eczema_atopic_vs_contact_dermatitis/12_skin_4_eczema_atopic_vs_contact_dermatitis.m3u8,,0,17855,215,Pathophysiology / Integumentary - Skin (patho)
Pathophysiology,Pathophysiology,Integumentary - Skin (patho),integumentary-skin-patho,57m 39s,6,Herpes simplex virus,herpes-simplex-virus,3:03,183,https://members.simplenursing.com/wp-content/themes/simplenursing-app/images/videos/thumbnails/6.-Herpes-simplex-virus-copy.webp,https://d1pumg6d5kr18o.cloudfront.net/new/patho/12_skin_5_herpes_simplex_virus/12_skin_5_herpes_simplex_virus.m3u8,,0,17856,216,Pathophysiology / Integumentary - Skin (patho)
Pathophysiology,Pathophysiology,Integumentary - Skin (patho),integumentary-skin-patho,57m 39s,7,Impetigo,impetigo-patho,2:54,174,https://members.simplenursing.com/wp-content/themes/simplenursing-app/images/videos/thumbnails/7.-Impetigo-copy.webp,https://d1pumg6d5kr18o.cloudfront.net/new/patho/12_skin_6_impetigo/12_skin_6_impetigo.m3u8,,0,17857,217,Pathophysiology / Integumentary - Skin (patho)
Pathophysiology,Pathophysiology,Integumentary - Skin (patho),integumentary-skin-patho,57m 39s,8,Pressure Injuries,pressure-injuries,7:57,477,https://members.simplenursing.com/wp-content/themes/simplenursing-app/images/videos/thumbnails/8.-Pressure-Injuries-copy.webp,https://d1pumg6d5kr18o.cloudfront.net/new/patho/12_skin_7_pressure_injuries/12_skin_7_pressure_injuries.m3u8,,0,17858,218,Pathophysiology / Integumentary - Skin (patho)
Pathophysiology,Pathophysiology,Integumentary - Skin (patho),integumentary-skin-patho,57m 39s,9,Pressure Injury - Test Questions,pressure-injury-test-questions,4:12,252,https://members.simplenursing.com/wp-content/themes/simplenursing-app/images/videos/thumbnails/9.-Pressure-Injury-Test-Questions-copy.webp,https://d1pumg6d5kr18o.cloudfront.net/new/patho/integumentary_skin_2_pressure_injury_test_questions/integumentary_skin_2_pressure_injury_test_questions.m3u8,,0,18565,219,Pathophysiology / Integumentary - Skin (patho)
Pathophysiology,Pathophysiology,Integumentary - Skin (patho),integumentary-skin-patho,57m 39s,10,Psoriasis,psoriasis-patho,1:43,103,https://members.simplenursing.com/wp-content/themes/simplenursing-app/images/videos/thumbnails/10.-Psoriasis-copy.webp,https://d1pumg6d5kr18o.cloudfront.net/new/patho/12_skin_8_psoriasis/12_skin_8_psoriasis.m3u8,,0,17859,220,Pathophysiology / Integumentary - Skin (patho)
Pathophysiology,Pathophysiology,Integumentary - Skin (patho),integumentary-skin-patho,57m 39s,11,Skin Cancer,skin-cancer-patho,6:38,398,https://members.simplenursing.com/wp-content/themes/simplenursing-app/images/videos/thumbnails/11.-Skin-Cancer-copy.webp,https://d1pumg6d5kr18o.cloudfront.net/new/patho/12_skin_9_skin_cancer/12_skin_9_skin_cancer.m3u8,,0,17860,221,Pathophysiology / Integumentary - Skin (patho)
Pathophysiology,Pathophysiology,Integumentary - Skin (patho),integumentary-skin-patho,57m 39s,12,Tinea (fungal infection),tinea-fungal-infection,2:36,156,https://members.simplenursing.com/wp-content/themes/simplenursing-app/images/videos/thumbnails/12.-Tinea-fungal-infection-copy.webp,https://d1pumg6d5kr18o.cloudfront.net/new/patho/12_skin_10_tinea_fungal_infection/12_skin_10_tinea_fungal_infection.m3u8,,0,17861,222,Pathophysiology / Integumentary - Skin (patho)
Pathophysiology,Pathophysiology,Musculoskeletal (patho),musculoskeletal-patho,1h 2m,1,Fractures,fractures-patho,33:48,2028,https://members.simplenursing.com/wp-content/themes/simplenursing-app/images/videos/thumbnails/1.-Fractures-copy.webp,https://d1pumg6d5kr18o.cloudfront.net/new/patho/13_musculoskeletal_91_fractures/13_musculoskeletal_91_fractures.m3u8,,0,17997,223,Pathophysiology / Musculoskeletal (patho)
Pathophysiology,Pathophysiology,Musculoskeletal (patho),musculoskeletal-patho,1h 2m,2,Gout,gout-patho,3:34,214,https://members.simplenursing.com/wp-content/themes/simplenursing-app/images/videos/thumbnails/2.-Gout-copy.webp,https://d1pumg6d5kr18o.cloudfront.net/new/patho/13_musculoskeletal_92_5_gout/13_musculoskeletal_92_5_gout.m3u8,,0,17998,224,Pathophysiology / Musculoskeletal (patho)
Pathophysiology,Pathophysiology,Musculoskeletal (patho),musculoskeletal-patho,1h 2m,3,Muscular Dystrophy,muscular-dystrophy-patho,4:57,297,https://members.simplenursing.com/wp-content/themes/simplenursing-app/images/videos/thumbnails/3.-Muscular-Dystrophy-copy.webp,https://d1pumg6d5kr18o.cloudfront.net/new/patho/13_musculoskeletal_89_muscular_dystrophy/13_musculoskeletal_89_muscular_dystrophy.m3u8,,0,17999,225,Pathophysiology / Musculoskeletal (patho)
Pathophysiology,Pathophysiology,Musculoskeletal (patho),musculoskeletal-patho,1h 2m,4,Osteoporosis,osteoporosis-patho-new,5:02,302,https://members.simplenursing.com/wp-content/themes/simplenursing-app/images/videos/thumbnails/4.-Osteoporosis-copy.webp,https://d1pumg6d5kr18o.cloudfront.net/new/patho/13_musculoskeletal_88_osteoporosis/13_musculoskeletal_88_osteoporosis.m3u8,,0,18000,226,Pathophysiology / Musculoskeletal (patho)
Pathophysiology,Pathophysiology,Musculoskeletal (patho),musculoskeletal-patho,1h 2m,5,RA vs. OA,ra-vs-oa,11:50,710,https://members.simplenursing.com/wp-content/themes/simplenursing-app/images/videos/thumbnails/5.-RA-vs.-OA-copy.webp,https://d1pumg6d5kr18o.cloudfront.net/new/patho/13_musculoskeletal_90_ra_vs_oa/13_musculoskeletal_90_ra_vs_oa.m3u8,,0,18001,227,Pathophysiology / Musculoskeletal (patho)
Pathophysiology,Pathophysiology,Musculoskeletal (patho),musculoskeletal-patho,1h 2m,6,Scoliosis,scoliosis-patho,3:40,220,https://members.simplenursing.com/wp-content/themes/simplenursing-app/images/videos/thumbnails/6.-Scoliosis-copy.webp,https://d1pumg6d5kr18o.cloudfront.net/new/patho/13_musculoskeletal_92_scoliosis/13_musculoskeletal_92_scoliosis.m3u8,,0,18002,228,Pathophysiology / Musculoskeletal (patho)
Pathophysiology,Pathophysiology,Neuro (patho),neuro-patho,2h 32m,1,Neuro Patho Key Terms (LOC & GCS),neuro-patho-key-terms-loc-gcs,5:33,333,https://members.simplenursing.com/wp-content/themes/simplenursing-app/images/videos/thumbnails/1.-Neuro-Patho-Key-Terms-copy.webp,https://d1pumg6d5kr18o.cloudfront.net/new/patho/14_neuro_75_key_terms/14_neuro_75_key_terms.m3u8,,0,18003,229,Pathophysiology / Neuro (patho)
Pathophysiology,Pathophysiology,Neuro (patho),neuro-patho,2h 32m,2,Alzheimer’s Disease,alzheimers-disease-patho,9:16,556,https://members.simplenursing.com/wp-content/themes/simplenursing-app/images/videos/thumbnails/2.-Alzheimers-Disease-copy.webp,https://d1pumg6d5kr18o.cloudfront.net/new/patho/14_neuro_81_alzheimers/14_neuro_81_alzheimers.m3u8,,0,18004,230,Pathophysiology / Neuro (patho)
Pathophysiology,Pathophysiology,Neuro (patho),neuro-patho,2h 32m,3,ALS - Amyotrophic Lateral Sclerosis,als-amyotrophic-lateral-sclerosis,3:30,210,https://members.simplenursing.com/wp-content/themes/simplenursing-app/images/videos/thumbnails/3.-ALS-Amyotrophic-Lateral-Sclerosis-copy.webp,https://d1pumg6d5kr18o.cloudfront.net/new/patho/14_neuro_85_als/14_neuro_85_als.m3u8,,0,18005,231,Pathophysiology / Neuro (patho)
Pathophysiology,Pathophysiology,Neuro (patho),neuro-patho,2h 32m,4,Brain Tumors,brain-tumors,1:33,93,https://members.simplenursing.com/wp-content/themes/simplenursing-app/images/videos/thumbnails/4.-Brain-Tumors-copy.webp,https://d1pumg6d5kr18o.cloudfront.net/new/patho/14_neuro_84_brain_tumors/14_neuro_84_brain_tumors.m3u8,,0,18006,232,Pathophysiology / Neuro (patho)
Pathophysiology,Pathophysiology,Neuro (patho),neuro-patho,2h 32m,5,CNS vs. PNS,cns-vs-pns,8:24,504,https://members.simplenursing.com/wp-content/themes/simplenursing-app/images/videos/thumbnails/1.-CNS-vs.-PNS-copy.webp,https://d1pumg6d5kr18o.cloudfront.net/new/1_cns_&_pns/1_cns_&_pns.m3u8,,0,16349,233,Pathophysiology / Neuro (patho)
Pathophysiology,Pathophysiology,Neuro (patho),neuro-patho,2h 32m,6,Dementia & Delirium,dementia-delirium,5:09,309,https://members.simplenursing.com/wp-content/themes/simplenursing-app/images/videos/thumbnails/6.-Dementia-Delirium-copy.webp,https://d1pumg6d5kr18o.cloudfront.net/new/patho/14_neuro_87_dementia_vs_delirium/14_neuro_87_dementia_vs_delirium.m3u8,,0,18007,234,Pathophysiology / Neuro (patho)
Pathophysiology,Pathophysiology,Neuro (patho),neuro-patho,2h 32m,7,GB - Guillain-Barré Syndrome,gb-guillain-barre-syndrome,2:52,172,https://members.simplenursing.com/wp-content/themes/simplenursing-app/images/videos/thumbnails/7.-GB-Guillain-Barre-Syndrome-copy.webp,https://d1pumg6d5kr18o.cloudfront.net/new/patho/14_neuro_77_g_b_syndrome/14_neuro_77_g_b_syndrome.m3u8,,0,18008,235,Pathophysiology / Neuro (patho)
Pathophysiology,Pathophysiology,Neuro (patho),neuro-patho,2h 32m,8,Head Injuries (Hematomas),head-injuries-hematomas,10:29,629,https://members.simplenursing.com/wp-content/themes/simplenursing-app/images/videos/thumbnails/8.-Head-Injuries-Hematomas-copy.webp,https://d1pumg6d5kr18o.cloudfront.net/new/patho/14_neuro_76_head_injuries/14_neuro_76_head_injuries.m3u8,,0,18009,236,Pathophysiology / Neuro (patho)
Pathophysiology,Pathophysiology,Neuro (patho),neuro-patho,2h 32m,9,Increased Intracranial Pressure (ICP),increased-intracranial-pressure-icp,19:50,1190,https://members.simplenursing.com/wp-content/themes/simplenursing-app/images/videos/thumbnails/9.-Increased-Intracranial-Pressure-ICP-copy.webp,https://d1pumg6d5kr18o.cloudfront.net/new/patho/14_neuro_14_5_increased_icp/14_neuro_14_5_increased_icp.m3u8,,0,18010,237,Pathophysiology / Neuro (patho)
Pathophysiology,Pathophysiology,Neuro (patho),neuro-patho,2h 32m,10,ICP - Case Study,icp-case-study,5:11,311,https://members.simplenursing.com/wp-content/themes/simplenursing-app/images/videos/thumbnails/10.-ICP-Case-Study-copy.webp,https://d1pumg6d5kr18o.cloudfront.net/new/patho/neuro_1_increased_icp_1_icp_case_study/neuro_1_increased_icp_1_icp_case_study.m3u8,,0,18567,238,Pathophysiology / Neuro (patho)
Pathophysiology,Pathophysiology,Neuro (patho),neuro-patho,2h 32m,11,ICP - Test Questions,icp-test-questions,6:00,360,https://members.simplenursing.com/wp-content/themes/simplenursing-app/images/videos/thumbnails/11.-ICP-Test-Questions-copy.webp,https://d1pumg6d5kr18o.cloudfront.net/new/patho/neuro_1_increased_icp_2_icp_test_questions/neuro_1_increased_icp_2_icp_test_questions.m3u8,,0,18568,239,Pathophysiology / Neuro (patho)
Pathophysiology,Pathophysiology,Neuro (patho),neuro-patho,2h 32m,12,Meningitis,meningitis-patho,10:11,611,https://members.simplenursing.com/wp-content/themes/simplenursing-app/images/videos/thumbnails/12.-Meningitis-copy.webp,https://d1pumg6d5kr18o.cloudfront.net/new/patho/13_meningitis/13_meningitis.m3u8,,0,18011,240,Pathophysiology / Neuro (patho)
Pathophysiology,Pathophysiology,Neuro (patho),neuro-patho,2h 32m,13,MG - Myasthenia Gravis,mg-myasthenia-gravis-patho,2:05,125,https://members.simplenursing.com/wp-content/themes/simplenursing-app/images/videos/thumbnails/13.-MG-Myasthenia-Gravis-copy.webp,https://d1pumg6d5kr18o.cloudfront.net/new/patho/14_neuro_86_m_g_myasthenia_gravis/14_neuro_86_m_g_myasthenia_gravis.m3u8,,0,18012,241,Pathophysiology / Neuro (patho)
Pathophysiology,Pathophysiology,Neuro (patho),neuro-patho,2h 32m,14,MS - Multiple Sclerosis,ms-multiple-sclerosis,3:41,221,https://members.simplenursing.com/wp-content/themes/simplenursing-app/images/videos/thumbnails/14.-MS-Multiple-Sclerosis-copy.webp,https://d1pumg6d5kr18o.cloudfront.net/new/patho/14_neuro_83_m_s_multiple_sclerosis/14_neuro_83_m_s_multiple_sclerosis.m3u8,,0,18013,242,Pathophysiology / Neuro (patho)
Pathophysiology,Pathophysiology,Neuro (patho),neuro-patho,2h 32m,15,Parkinson’s Disease,parkinsons-disease-patho,6:33,393,https://members.simplenursing.com/wp-content/themes/simplenursing-app/images/videos/thumbnails/15.-Parkinsons-Disease-copy.webp,https://d1pumg6d5kr18o.cloudfront.net/new/patho/14_parkinsons_disease/14_parkinsons_disease.m3u8,,0,18014,243,Pathophysiology / Neuro (patho)
Pathophysiology,Pathophysiology,Neuro (patho),neuro-patho,2h 32m,16,Seizures,seizures-patho,14:50,890,https://members.simplenursing.com/wp-content/themes/simplenursing-app/images/videos/thumbnails/16.-Seizures-copy.webp,https://d1pumg6d5kr18o.cloudfront.net/new/patho/14_neuro_80_seizures/14_neuro_80_seizures.m3u8,,0,18015,244,Pathophysiology / Neuro (patho)
Pathophysiology,Pathophysiology,Neuro (patho),neuro-patho,2h 32m,17,Spinal Cord Injury,spinal-cord-injury-patho,13:25,805,https://members.simplenursing.com/wp-content/themes/simplenursing-app/images/videos/thumbnails/17.-Spinal-Cord-Injury-copy.webp,https://d1pumg6d5kr18o.cloudfront.net/new/patho/14_neuro_78_spinal_cord_injury/14_neuro_78_spinal_cord_injury.m3u8,,0,18016,245,Pathophysiology / Neuro (patho)
Pathophysiology,Pathophysiology,Neuro (patho),neuro-patho,2h 32m,18,Strokes (CVA & TIA),strokes-cva-tia,11:42,702,https://members.simplenursing.com/wp-content/themes/simplenursing-app/images/videos/thumbnails/18.-Strokes-CVA-TIA-copy.webp,https://d1pumg6d5kr18o.cloudfront.net/new/patho/14_neuro_14_cva_stroke_v2/14_neuro_14_cva_stroke_v2.m3u8,,0,18017,246,Pathophysiology / Neuro (patho)
Pathophysiology,Pathophysiology,Neuro (patho),neuro-patho,2h 32m,19,CVA - Case Study,cva-case-study,4:11,251,https://members.simplenursing.com/wp-content/themes/simplenursing-app/images/videos/thumbnails/19.-CVA-Case-Study-copy.webp,https://d1pumg6d5kr18o.cloudfront.net/new/patho/neuro_2_strokes_cva_tia_cva_case_study/neuro_2_strokes_cva_tia_cva_case_study.m3u8,,0,18569,247,Pathophysiology / Neuro (patho)
Pathophysiology,Pathophysiology,Neuro (patho),neuro-patho,2h 32m,20,CVA - Test Questions,cva-test-questions,8:15,495,https://members.simplenursing.com/wp-content/themes/simplenursing-app/images/videos/thumbnails/20.-CVA-Test-Questions-copy.webp,https://d1pumg6d5kr18o.cloudfront.net/new/patho/neuro_2_strokes_cva_tia_cva_practice_questions/neuro_2_strokes_cva_tia_cva_practice_questions.m3u8,,0,18570,248,Pathophysiology / Neuro (patho)
Pathophysiology,Pathophysiology,Respiratory (patho),respiratory-patho,3h 2m,1,Respiratory Patho Key Terms (ventilation & gas exchange),respiratory-patho-key-terms-ventilation-gas-exchange,13:39,819,https://members.simplenursing.com/wp-content/themes/simplenursing-app/images/videos/thumbnails/1.-Respiratory-Patho-Key-Terms-ventilation-gas-exchange-copy.webp,https://d1pumg6d5kr18o.cloudfront.net/new/patho/15_resp_1_resp_key_terms_ventilation_gas_exchange/15_resp_1_resp_key_terms_ventilation_gas_exchange.m3u8,,0,17862,249,Pathophysiology / Respiratory (patho)
Pathophysiology,Pathophysiology,Respiratory (patho),respiratory-patho,3h 2m,2,Acute Respiratory Failure & ARDS,acute-respiratory-failure-ards-patho,9:45,585,https://members.simplenursing.com/wp-content/themes/simplenursing-app/images/videos/thumbnails/2.-Acute-Respiratory-Failure-ARDS-copy.webp,https://d1pumg6d5kr18o.cloudfront.net/new/patho/15_resp_2_acute_resp_failure_ards/15_resp_2_acute_resp_failure_ards.m3u8,,0,17863,250,Pathophysiology / Respiratory (patho)
Pathophysiology,Pathophysiology,Respiratory (patho),respiratory-patho,3h 2m,3,Asthma (Patho),asthma-patho,23:41,1421,https://members.simplenursing.com/wp-content/themes/simplenursing-app/images/videos/thumbnails/3.-Asthma-Patho-copy.webp,https://d1pumg6d5kr18o.cloudfront.net/new/patho/15_resp_3_asthma/15_resp_3_asthma.m3u8,,0,17911,251,Pathophysiology / Respiratory (patho)
Pathophysiology,Pathophysiology,Respiratory (patho),respiratory-patho,3h 2m,4,Asthma - Case Study,asthma-case-study,6:03,363,https://members.simplenursing.com/wp-content/themes/simplenursing-app/images/videos/thumbnails/4.-Asthma-Case-Study-copy.webp,https://d1pumg6d5kr18o.cloudfront.net/new/patho/respiratory_1_asthma_asthma_case_study/respiratory_1_asthma_asthma_case_study.m3u8,,0,18573,252,Pathophysiology / Respiratory (patho)
Pathophysiology,Pathophysiology,Respiratory (patho),respiratory-patho,3h 2m,5,Asthma - Test Questions,asthma-test-questions,7:57,477,https://members.simplenursing.com/wp-content/themes/simplenursing-app/images/videos/thumbnails/5.-Asthma-Test-Questions-copy.webp,https://d1pumg6d5kr18o.cloudfront.net/new/patho/respiratory_1_asthma_asthma_test_questions/respiratory_1_asthma_asthma_test_questions.m3u8,,0,18574,253,Pathophysiology / Respiratory (patho)
Pathophysiology,Pathophysiology,Respiratory (patho),respiratory-patho,3h 2m,6,COPD - Emphysema & Chronic Bronchitis (Patho),copd-emphysema-chronic-bronchitis-patho,18:59,1139,https://members.simplenursing.com/wp-content/themes/simplenursing-app/images/videos/thumbnails/6.-COPD-Emphysema-Chronic-Bronchitis-Patho-copy.webp,https://d1pumg6d5kr18o.cloudfront.net/new/patho/15_resp_4_copd_emphysema_chronic_bronchiti/15_resp_4_copd_emphysema_chronic_bronchiti.m3u8,,0,17912,254,Pathophysiology / Respiratory (patho)
Pathophysiology,Pathophysiology,Respiratory (patho),respiratory-patho,3h 2m,7,COPD - Case Study,copd-case-study,6:00,360,https://members.simplenursing.com/wp-content/themes/simplenursing-app/images/videos/thumbnails/7.-COPD-Case-Study-copy.webp,https://d1pumg6d5kr18o.cloudfront.net/new/patho/respiratory_2_copd_emphysema_copd_case_study/respiratory_2_copd_emphysema_copd_case_study.m3u8,,0,18575,255,Pathophysiology / Respiratory (patho)
Pathophysiology,Pathophysiology,Respiratory (patho),respiratory-patho,3h 2m,8,COPD - Test Questions,copd-test-questions,12:07,727,https://members.simplenursing.com/wp-content/themes/simplenursing-app/images/videos/thumbnails/8.-COPD-Test-Questions-copy.webp,https://d1pumg6d5kr18o.cloudfront.net/new/patho/respiratory_2_copd_emphysema_copd_test_questions/respiratory_2_copd_emphysema_copd_test_questions.m3u8,,0,18576,256,Pathophysiology / Respiratory (patho)
Pathophysiology,Pathophysiology,Respiratory (patho),respiratory-patho,3h 2m,9,Cystic Fibrosis,cystic-fibrosis-patho,5:49,349,https://members.simplenursing.com/wp-content/themes/simplenursing-app/images/videos/thumbnails/9.-Cystic-Fibrosis-copy.webp,https://d1pumg6d5kr18o.cloudfront.net/new/patho/15_resp_5_cystic_fibrosis/15_resp_5_cystic_fibrosis.m3u8,,0,17864,257,Pathophysiology / Respiratory (patho)
Pathophysiology,Pathophysiology,Respiratory (patho),respiratory-patho,3h 2m,10,Diagnostic Tests: Bronchoscopy,diagnostic-tests-bronchoscopy,3:57,237,https://members.simplenursing.com/wp-content/themes/simplenursing-app/images/videos/thumbnails/10.-Diagnostic-Tests-Bronchoscopy-copy.webp,https://d1pumg6d5kr18o.cloudfront.net/new/patho/15_resp_6_diagnostics_tests_bronchoscopy/15_resp_6_diagnostics_tests_bronchoscopy.m3u8,,0,17865,258,Pathophysiology / Respiratory (patho)
Pathophysiology,Pathophysiology,Respiratory (patho),respiratory-patho,3h 2m,11,Flail chest & rib fracture,flail-chest-rib-fracture-patho,4:01,241,https://members.simplenursing.com/wp-content/themes/simplenursing-app/images/videos/thumbnails/11.-Flail-chest-rib-fracture-copy.webp,https://d1pumg6d5kr18o.cloudfront.net/new/patho/15_resp_7_flail_chest_rib_fracture/15_resp_7_flail_chest_rib_fracture.m3u8,,0,17866,259,Pathophysiology / Respiratory (patho)
Pathophysiology,Pathophysiology,Respiratory (patho),respiratory-patho,3h 2m,12,Hemothorax & Pneumothorax,hemothorax-pneumothorax,3:35,215,https://members.simplenursing.com/wp-content/themes/simplenursing-app/images/videos/thumbnails/12.-Hemothorax-Pneumothorax-copy.webp,https://d1pumg6d5kr18o.cloudfront.net/new/patho/15_resp_8_hemothorax_pneumothorax/15_resp_8_hemothorax_pneumothorax.m3u8,,0,17867,260,Pathophysiology / Respiratory (patho)
Pathophysiology,Pathophysiology,Respiratory (patho),respiratory-patho,3h 2m,13,Influenza,influenza-patho-new,1:12,72,https://members.simplenursing.com/wp-content/themes/simplenursing-app/images/videos/thumbnails/13.-Influenza-copy.webp,https://d1pumg6d5kr18o.cloudfront.net/new/patho/15_resp_9_influenza/15_resp_9_influenza.m3u8,,0,17868,261,Pathophysiology / Respiratory (patho)
Pathophysiology,Pathophysiology,Respiratory (patho),respiratory-patho,3h 2m,14,Lung Cancer,lung-cancer,2:45,165,https://members.simplenursing.com/wp-content/themes/simplenursing-app/images/videos/thumbnails/14.-Lung-Cancer-copy.webp,https://d1pumg6d5kr18o.cloudfront.net/new/patho/15_resp_10_lung_cancer/15_resp_10_lung_cancer.m3u8,,0,17869,262,Pathophysiology / Respiratory (patho)
Pathophysiology,Pathophysiology,Respiratory (patho),respiratory-patho,3h 2m,15,OSA - obstructive sleep apnea,osa-obstructive-sleep-apnea,5:20,320,https://members.simplenursing.com/wp-content/themes/simplenursing-app/images/videos/thumbnails/15.-OSA-obstructive-sleep-apnea-copy.webp,https://d1pumg6d5kr18o.cloudfront.net/new/patho/15_resp_11_osa_obstructive_sleep_apnea/15_resp_11_osa_obstructive_sleep_apnea.m3u8,,0,17870,263,Pathophysiology / Respiratory (patho)
Pathophysiology,Pathophysiology,Respiratory (patho),respiratory-patho,3h 2m,16,Pleural Effusion & Thoracentesis,pleural-effusion-thoracentesis-patho,5:49,349,https://members.simplenursing.com/wp-content/themes/simplenursing-app/images/videos/thumbnails/16.-Pleural-Effusion-Thoracentesis-copy.webp,https://d1pumg6d5kr18o.cloudfront.net/new/patho/15_resp_12_pleural_effusion_thoracentesis/15_resp_12_pleural_effusion_thoracentesis.m3u8,,0,17871,264,Pathophysiology / Respiratory (patho)
Pathophysiology,Pathophysiology,Respiratory (patho),respiratory-patho,3h 2m,17,Pneumonia (Patho),pneumonia-patho,17:18,1038,https://members.simplenursing.com/wp-content/themes/simplenursing-app/images/videos/thumbnails/17.-Pneumonia-Patho-copy.webp,https://d1pumg6d5kr18o.cloudfront.net/new/patho/15_resp_13_pneumonia/15_resp_13_pneumonia.m3u8,,0,17913,265,Pathophysiology / Respiratory (patho)
Pathophysiology,Pathophysiology,Respiratory (patho),respiratory-patho,3h 2m,18,Pneumonia - Case Study,pneumonia-case-study,5:15,315,https://members.simplenursing.com/wp-content/themes/simplenursing-app/images/videos/thumbnails/18.-Pneumonia-Case-Study-copy.webp,https://d1pumg6d5kr18o.cloudfront.net/new/patho/respiratory_3_pneumonia_pneumonia_case_study/respiratory_3_pneumonia_pneumonia_case_study.m3u8,,0,18577,266,Pathophysiology / Respiratory (patho)
Pathophysiology,Pathophysiology,Respiratory (patho),respiratory-patho,3h 2m,19,Pneumonia - Test Questions,pneumonia-test-questions,7:04,424,https://members.simplenursing.com/wp-content/themes/simplenursing-app/images/videos/thumbnails/19.-Pneumonia-Test-Questions-copy.webp,https://d1pumg6d5kr18o.cloudfront.net/new/patho/respiratory_3_pneumonia_pneumonia_test_questions/respiratory_3_pneumonia_pneumonia_test_questions.m3u8,,0,18578,267,Pathophysiology / Respiratory (patho)
Pathophysiology,Pathophysiology,Respiratory (patho),respiratory-patho,3h 2m,20,PE - Pulmonary Embolism (Patho),pe-pulmonary-embolism-patho,5:45,345,https://members.simplenursing.com/wp-content/themes/simplenursing-app/images/videos/thumbnails/20.-PE-Pulmonary-Embolism-Patho-copy.webp,https://d1pumg6d5kr18o.cloudfront.net/new/patho/15_resp_14_pe_pulmonary_embolism/15_resp_14_pe_pulmonary_embolism.m3u8,,0,17872,268,Pathophysiology / Respiratory (patho)
Pathophysiology,Pathophysiology,Respiratory (patho),respiratory-patho,3h 2m,21,PE - Test Questions,pe-test-questions,4:29,269,https://members.simplenursing.com/wp-content/themes/simplenursing-app/images/videos/thumbnails/21.-PE-Test-Questions-copy.webp,https://d1pumg6d5kr18o.cloudfront.net/new/patho/respiratory_4_pe_test_questions/respiratory_4_pe_test_questions.m3u8,,0,18579,269,Pathophysiology / Respiratory (patho)
Pathophysiology,Pathophysiology,Respiratory (patho),respiratory-patho,3h 2m,22,TB - Tuberculosis (Patho),tb-tuberculosis-patho-2,10:00,600,https://members.simplenursing.com/wp-content/themes/simplenursing-app/images/videos/thumbnails/22.-TB-Tuberculosis-Patho-copy.webp,https://d1pumg6d5kr18o.cloudfront.net/new/patho/15_resp_15_tb_tuberculosis/15_resp_15_tb_tuberculosis.m3u8,,0,17873,270,Pathophysiology / Respiratory (patho)
Pathophysiology,Pathophysiology,Respiratory (patho),respiratory-patho,3h 2m,23,Tonsillitis ,tonsillitis-patho,2:24,144,https://members.simplenursing.com/wp-content/themes/simplenursing-app/images/videos/thumbnails/23.-Tonsillitis-copy.webp,https://d1pumg6d5kr18o.cloudfront.net/new/patho/15_resp_16_tonsillitis/15_resp_16_tonsillitis.m3u8,,0,17874,271,Pathophysiology / Respiratory (patho)
Pathophysiology,Pathophysiology,Renal & Urinary (patho),renal-urinary-patho,1h 55m,1,Urinary Key Terms (Patho),urinary-key-terms-patho,7:08,428,https://members.simplenursing.com/wp-content/themes/simplenursing-app/images/videos/thumbnails/1.-Urinary-Key-Terms-Patho-copy.webp,https://d1pumg6d5kr18o.cloudfront.net/new/patho/16_renal_48_urinary_key_terms_v3/16_renal_48_urinary_key_terms_v3.m3u8,,0,18018,272,Pathophysiology / Renal & Urinary (patho)
Pathophysiology,Pathophysiology,Renal & Urinary (patho),renal-urinary-patho,1h 55m,2,BPH - benign prostatic hyperplasia (patho),bph-benign-prostatic-hyperplasia-patho,7:28,448,https://members.simplenursing.com/wp-content/themes/simplenursing-app/images/videos/thumbnails/2.-BPH-benign-prostatic-hyperplasia-patho-copy.webp,https://d1pumg6d5kr18o.cloudfront.net/new/patho/16_renal_53_bph/16_renal_53_bph.m3u8,,0,18019,273,Pathophysiology / Renal & Urinary (patho)
Pathophysiology,Pathophysiology,Renal & Urinary (patho),renal-urinary-patho,1h 55m,3,Diagnostics: Urine Analysis & Renal Labs (Patho),diagnostics-urine-analysis-renal-labs-patho,13:13,793,https://members.simplenursing.com/wp-content/themes/simplenursing-app/images/videos/thumbnails/3.-Diagnostics-Urine-Analysis-Renal-Labs-Patho-copy.webp,https://d1pumg6d5kr18o.cloudfront.net/new/patho/16_renal_49_urine_analysis_renal_labs_v2/16_renal_49_urine_analysis_renal_labs_v2.m3u8,,0,18020,274,Pathophysiology / Renal & Urinary (patho)
Pathophysiology,Pathophysiology,Renal & Urinary (patho),renal-urinary-patho,1h 55m,4,Dialysis (Patho),dialysis-patho,13:42,822,https://members.simplenursing.com/wp-content/themes/simplenursing-app/images/videos/thumbnails/4.-Dialysis-Patho-copy.webp,https://d1pumg6d5kr18o.cloudfront.net/new/patho/9_dialysis/9_dialysis.m3u8,,0,18021,275,Pathophysiology / Renal & Urinary (patho)
Pathophysiology,Pathophysiology,Renal & Urinary (patho),renal-urinary-patho,1h 55m,5,Glomerulonephritis & Nephrosis (patho),glomerulonephritis-nephrosis-patho,6:51,411,https://members.simplenursing.com/wp-content/themes/simplenursing-app/images/videos/thumbnails/5.-Glomerulonephritis-Nephrosis-patho-copy.webp,https://d1pumg6d5kr18o.cloudfront.net/new/patho/16_renal_18_glomerulonephritis_vs_nephrosis/16_renal_18_glomerulonephritis_vs_nephrosis.m3u8,,0,18022,276,Pathophysiology / Renal & Urinary (patho)
Pathophysiology,Pathophysiology,Renal & Urinary (patho),renal-urinary-patho,1h 55m,6,Test Questions - Glomerulo & Nephrosis,test-questions-glomerulo-nephrosis,4:55,295,https://members.simplenursing.com/wp-content/themes/simplenursing-app/images/videos/thumbnails/6.-Test-Questions-Glomerulo-Nephrosis-copy.webp,https://d1pumg6d5kr18o.cloudfront.net/new/patho/renal_urinary_1_test_questions_glomerulo_nephrosis_practice/renal_urinary_1_test_questions_glomerulo_nephrosis_practice.m3u8,,0,18571,277,Pathophysiology / Renal & Urinary (patho)
Pathophysiology,Pathophysiology,Renal & Urinary (patho),renal-urinary-patho,1h 55m,7,PKD - polycystic kidney disease (patho),pkd-polycystic-kidney-disease-patho,1:10,70,https://members.simplenursing.com/wp-content/themes/simplenursing-app/images/videos/thumbnails/7.-PKD-polycystic-kidney-disease-patho-copy.webp,https://d1pumg6d5kr18o.cloudfront.net/new/patho/16_renal_50_polycystic_kidney_disease_pkd/16_renal_50_polycystic_kidney_disease_pkd.m3u8,,0,18023,278,Pathophysiology / Renal & Urinary (patho)
Pathophysiology,Pathophysiology,Renal & Urinary (patho),renal-urinary-patho,1h 55m,8,Renal Calculi - Kidney stones (patho),renal-calculi-kidney-stones-patho,5:41,341,https://members.simplenursing.com/wp-content/themes/simplenursing-app/images/videos/thumbnails/8.-Renal-Calculi-Kidney-stones-patho-copy.webp,https://d1pumg6d5kr18o.cloudfront.net/new/patho/16_renal_54_renal_calculi/16_renal_54_renal_calculi.m3u8,,0,18024,279,Pathophysiology / Renal & Urinary (patho)
Pathophysiology,Pathophysiology,Renal & Urinary (patho),renal-urinary-patho,1h 55m,9,Renal Failure - Acute & Chronic (patho),renal-failure-acute-chronic-patho,26:38,1598,https://members.simplenursing.com/wp-content/themes/simplenursing-app/images/videos/thumbnails/9.-Renal-Failure-Acute-Chronic-patho-copy.webp,https://d1pumg6d5kr18o.cloudfront.net/new/patho/16_renal_9_renal_failure/16_renal_9_renal_failure.m3u8,,0,18025,280,Pathophysiology / Renal & Urinary (patho)
Pathophysiology,Pathophysiology,Renal & Urinary (patho),renal-urinary-patho,1h 55m,10,Renal Failure - Test Questions,renal-failure-test-questions,8:46,526,https://members.simplenursing.com/wp-content/themes/simplenursing-app/images/videos/thumbnails/10.-Renal-Failure-Test-Questions-copy.webp,https://d1pumg6d5kr18o.cloudfront.net/new/patho/renal_urinary_2_renal_failure_test_questions/renal_urinary_2_renal_failure_test_questions.m3u8,,0,18572,281,Pathophysiology / Renal & Urinary (patho)
Pathophysiology,Pathophysiology,Renal & Urinary (patho),renal-urinary-patho,1h 55m,11,UTI & Pyelonephritis (Patho),uti-pyelonephritis-patho,15:01,901,https://members.simplenursing.com/wp-content/themes/simplenursing-app/images/videos/thumbnails/11.-UTI-Pyelonephritis-Patho-copy.webp,https://d1pumg6d5kr18o.cloudfront.net/new/patho/16_renal_51_uti_pyelonephritismp4/16_renal_51_uti_pyelonephritismp4.m3u8,,0,18026,282,Pathophysiology / Renal & Urinary (patho)
Pathophysiology,Pathophysiology,Renal & Urinary (patho),renal-urinary-patho,1h 55m,12,Urinary retention & incontinence (Patho),urinary-retention-incontinence-patho,4:48,288,https://members.simplenursing.com/wp-content/themes/simplenursing-app/images/videos/thumbnails/12.-Urinary-retention-incontinence-Patho-copy.webp,https://d1pumg6d5kr18o.cloudfront.net/new/patho/16_renal_52_urinary_retention_incontinence/16_renal_52_urinary_retention_incontinence.m3u8,,0,18027,283,Pathophysiology / Renal & Urinary (patho)
Pathophysiology,Pathophysiology,"Stress, Pain & Homeostasis",stress-pain-homeostasis-patho,3m 27s,1,"Stress, Pain & Homeostasis",stress-pain-homeostasis,3:27,207,https://members.simplenursing.com/wp-content/themes/simplenursing-app/images/videos/thumbnails/1.-Stress-Pain-Homeostasis-copy.webp,https://d1pumg6d5kr18o.cloudfront.net/new/patho/17_stress_23_stress_pain_homeostasis/17_stress_23_stress_pain_homeostasis.m3u8,,0,18028,284,"Pathophysiology / Stress, Pain & Homeostasis"
Fundamentals,Fundamentals,Nursing Process,nursing-process,25m 37s,1,Full Video - Nursing Process,full-video-nursing-process,13:02,782,https://members.simplenursing.com/wp-content/themes/simplenursing-app/images/videos/thumbnails/Fundamentals-Nursing-Process.webp,https://d1pumg6d5kr18o.cloudfront.net/new/fundamentals/1_nursing_process_1_full_video_nursing_process/part.m3u8,,0,18745,285,Fundamentals / Nursing Process
Fundamentals,Fundamentals,Nursing Process,nursing-process,25m 37s,2,ADPIE,adpie,7:41,461,https://members.simplenursing.com/wp-content/themes/simplenursing-app/images/videos/thumbnails/Fundamentals-ADPIE.webp,https://d1pumg6d5kr18o.cloudfront.net/new/fundamentals/1_nursing_process_2_adpie/part.m3u8,,0,18746,286,Fundamentals / Nursing Process
Fundamentals,Fundamentals,Nursing Process,nursing-process,25m 37s,3,Low Literacy,low-literacy,1:38,98,https://members.simplenursing.com/wp-content/themes/simplenursing-app/images/videos/thumbnails/Fundamentals-Low-Literacy.webp,https://d1pumg6d5kr18o.cloudfront.net/new/fundamentals/1_nursing_process_3_low_literacy/part.m3u8,,0,18747,287,Fundamentals / Nursing Process
Fundamentals,Fundamentals,Nursing Process,nursing-process,25m 37s,4,Practice NCLEX question,practice-nclex-question-nursing-process,3:16,196,https://members.simplenursing.com/wp-content/themes/simplenursing-app/images/videos/thumbnails/Fundamentals-Practice-NCLEX-Question.webp,https://d1pumg6d5kr18o.cloudfront.net/new/fundamentals/1_nursing_process_4_practice_nclex_question/part.m3u8,,0,18748,288,Fundamentals / Nursing Process
Fundamentals,Fundamentals / Fluid & Electrolytes,Electrolyte Test Help & Memory Tricks,electrolyte-test-help-memory-tricks,1h 10m,1,Full Video - Electrolyte Imbalances,full-video-electrolyte-imbalances,44:29,2669,https://members.simplenursing.com/wp-content/themes/simplenursing-app/images/videos/thumbnails/Fundamentals-Electrolyte-Imbalances.webp,https://d1pumg6d5kr18o.cloudfront.net/new/fundamentals/2_fe_fluid_balance_1_full_video_fluid_balance/part.m3u8,,0,18754,289,Fundamentals / Fluid & Electrolytes / Electrolyte Test Help & Memory Tricks
Fundamentals,Fundamentals / Fluid & Electrolytes,Electrolyte Test Help & Memory Tricks,electrolyte-test-help-memory-tricks,1h 10m,2,Electrolyte Functions (red carpet fun!),electrolyte-functions-red-carpet-fun,7:22,442,https://members.simplenursing.com/wp-content/themes/simplenursing-app/images/videos/thumbnails/Fundamentals-Electrolyte-Functions.webp,https://d1pumg6d5kr18o.cloudfront.net/new/patho/2_fluids_2_electrolyte_functions_red_carpet_fun/2_fluids_2_electrolyte_functions_red_carpet_fun.m3u8,,0,17827,290,Fundamentals / Fluid & Electrolytes / Electrolyte Test Help & Memory Tricks
Fundamentals,Fundamentals / Fluid & Electrolytes,Electrolyte Test Help & Memory Tricks,electrolyte-test-help-memory-tricks,1h 10m,3,Potassium K+,potassium-k,3:38,218,https://members.simplenursing.com/wp-content/themes/simplenursing-app/images/videos/thumbnails/Fundamentals-Potassium-K.webp,https://d1pumg6d5kr18o.cloudfront.net/new/patho/2_fluids_3_potassium_k/2_fluids_3_potassium_k.m3u8,,0,17825,291,Fundamentals / Fluid & Electrolytes / Electrolyte Test Help & Memory Tricks
Fundamentals,Fundamentals / Fluid & Electrolytes,Electrolyte Test Help & Memory Tricks,electrolyte-test-help-memory-tricks,1h 10m,4,Sodium Na+,sodium-na,3:44,224,https://members.simplenursing.com/wp-content/themes/simplenursing-app/images/videos/thumbnails/Fundamentals-Sodium-Na.webp,https://d1pumg6d5kr18o.cloudfront.net/new/patho/2_fluids_4_sodium_na/2_fluids_4_sodium_na.m3u8,,0,17905,292,Fundamentals / Fluid & Electrolytes / Electrolyte Test Help & Memory Tricks
Fundamentals,Fundamentals / Fluid & Electrolytes,Electrolyte Test Help & Memory Tricks,electrolyte-test-help-memory-tricks,1h 10m,5,Chloride Cl-,chloride-cl,0:38,38,https://members.simplenursing.com/wp-content/themes/simplenursing-app/images/videos/thumbnails/5.-Chloride-Cl-copy-2.webp,https://d1pumg6d5kr18o.cloudfront.net/new/patho/2_fluids_5_chloride_cl/2_fluids_5_chloride_cl.m3u8,,0,17828,293,Fundamentals / Fluid & Electrolytes / Electrolyte Test Help & Memory Tricks
Fundamentals,Fundamentals / Fluid & Electrolytes,Electrolyte Test Help & Memory Tricks,electrolyte-test-help-memory-tricks,1h 10m,6,Magnesium Mg+,magnesium-mg,2:04,124,https://members.simplenursing.com/wp-content/themes/simplenursing-app/images/videos/thumbnails/6.-Magnesium-Mg-copy.webp,https://d1pumg6d5kr18o.cloudfront.net/new/patho/2_fluids_6_magnesium_mg/2_fluids_6_magnesium_mg.m3u8,,0,17829,294,Fundamentals / Fluid & Electrolytes / Electrolyte Test Help & Memory Tricks
Fundamentals,Fundamentals / Fluid & Electrolytes,Electrolyte Test Help & Memory Tricks,electrolyte-test-help-memory-tricks,1h 10m,7,Calcium Ca,calcium-ca,3:48,228,https://members.simplenursing.com/wp-content/themes/simplenursing-app/images/videos/thumbnails/7.-Calcium-Ca-copy.webp,https://d1pumg6d5kr18o.cloudfront.net/new/patho/2_fluids_7_calcium_ca/2_fluids_7_calcium_ca.m3u8,,0,17830,295,Fundamentals / Fluid & Electrolytes / Electrolyte Test Help & Memory Tricks
Fundamentals,Fundamentals / Fluid & Electrolytes,Electrolyte Test Help & Memory Tricks,electrolyte-test-help-memory-tricks,1h 10m,8,Phosphate,phosphate,1:51,111,https://members.simplenursing.com/wp-content/themes/simplenursing-app/images/videos/thumbnails/8.-Phosphate-copy.webp,https://d1pumg6d5kr18o.cloudfront.net/new/patho/2_fluids_8_phosphate/2_fluids_8_phosphate.m3u8,,0,17831,296,Fundamentals / Fluid & Electrolytes / Electrolyte Test Help & Memory Tricks
Fundamentals,Fundamentals / Fluid & Electrolytes,Electrolyte Test Help & Memory Tricks,electrolyte-test-help-memory-tricks,1h 10m,9,2 Minute Electrolyte Wrap Up,2-minute-electrolyte-wrap-up-patho,2:28,148,https://members.simplenursing.com/wp-content/themes/simplenursing-app/images/videos/thumbnails/9.-2-Minute-Electrolyte-Wrap-Up-copy.webp,https://d1pumg6d5kr18o.cloudfront.net/new/patho/2_fluids_9_2_minute_electrolyte_wrap_up/2_fluids_9_2_minute_electrolyte_wrap_up.m3u8,,0,17832,297,Fundamentals / Fluid & Electrolytes / Electrolyte Test Help & Memory Tricks
Fundamentals,Fundamentals / Fluid & Electrolytes,Fluid & Electrolyte Basics (Fundamentals),fluid-electrolyte-basics-fundamentals,49m 54s,1,Fluid & Electrolytes Basics Full Video,fluid-electrolytes-basics-full-video,24:38,1478,https://members.simplenursing.com/wp-content/themes/simplenursing-app/images/videos/thumbnails/1.-Fluid-Electrolytes-Basics-Full-Video-copy.webp,https://d1pumg6d5kr18o.cloudfront.net/new/FluidElectrolytesBasic/FluidElectrolytesBasics.m3u8,"When electrolytes reach specific concentrations in the body, they can trigger a variety of systemic functions including muscle contractions and action potentials in the nerves. For this reason, it is imperative that electrolytes stay within a specific concentration in the blood for the body to function correctly.",0,10780,298,Fundamentals / Fluid & Electrolytes / Fluid & Electrolyte Basics (Fundamentals)
Fundamentals,Fundamentals / Fluid & Electrolytes,Fluid & Electrolyte Basics (Fundamentals),fluid-electrolyte-basics-fundamentals,49m 54s,2,Electrolytes Homeostasis & Therapeutic Range,electrolytes-homeostasis-therapeutic-range,3:36,216,https://members.simplenursing.com/wp-content/themes/simplenursing-app/images/videos/thumbnails/2.-Electrolytes-Homeostasis-Therapeutic-Range-copy.webp,https://d1pumg6d5kr18o.cloudfront.net/new/Homeostasis_therapeutic_range/Homeostasis_therapeutic_range.m3u8,,0,10793,299,Fundamentals / Fluid & Electrolytes / Fluid & Electrolyte Basics (Fundamentals)
Fundamentals,Fundamentals / Fluid & Electrolytes,Fluid & Electrolyte Basics (Fundamentals),fluid-electrolyte-basics-fundamentals,49m 54s,3,Electrolytes Values and Function - Red Carpet,electrolytes-values-and-function-red-carpet,8:29,509,https://members.simplenursing.com/wp-content/themes/simplenursing-app/images/videos/thumbnails/3.-Electrolytes-Values-and-Function-Red-Carpet-copy.webp,https://d1pumg6d5kr18o.cloudfront.net/new/Red_Carpet/Red_Carpet.m3u8,,0,10794,300,Fundamentals / Fluid & Electrolytes / Fluid & Electrolyte Basics (Fundamentals)
Fundamentals,Fundamentals / Fluid & Electrolytes,Fluid & Electrolyte Basics (Fundamentals),fluid-electrolyte-basics-fundamentals,49m 54s,4,Electrolyte Study Tip & Memorization Trick,electrolyte-study-tip-memorization-trick,1:57,117,https://members.simplenursing.com/wp-content/themes/simplenursing-app/images/videos/thumbnails/4.-Electrolyte-Study-Tip-Memorization-Trick-copy.webp,https://d1pumg6d5kr18o.cloudfront.net/new/Memorization_Trick/Memorization_Trick.m3u8,,0,10795,301,Fundamentals / Fluid & Electrolytes / Fluid & Electrolyte Basics (Fundamentals)
Fundamentals,Fundamentals / Fluid & Electrolytes,Fluid & Electrolyte Basics (Fundamentals),fluid-electrolyte-basics-fundamentals,49m 54s,5,Foods to Know with Electrolytes,foods-to-know-with-electrolytes,2:58,178,https://members.simplenursing.com/wp-content/themes/simplenursing-app/images/videos/thumbnails/5.-Foods-to-Know-with-Electrolytes-copy.webp,https://d1pumg6d5kr18o.cloudfront.net/new/Foods_to_Know_with_Electrolytes/Foods_to_Know_with_Electrolytes.m3u8,,0,10796,302,Fundamentals / Fluid & Electrolytes / Fluid & Electrolyte Basics (Fundamentals)
Fundamentals,Fundamentals / Fluid & Electrolytes,Fluid & Electrolyte Basics (Fundamentals),fluid-electrolyte-basics-fundamentals,49m 54s,6,4 Causes of Electrolyte Depletion,4-causes-of-electrolyte-depletion,2:28,148,https://members.simplenursing.com/wp-content/themes/simplenursing-app/images/videos/thumbnails/6.-4-Causes-of-Electrolyte-Depletion-copy.webp,https://d1pumg6d5kr18o.cloudfront.net/new/4_Causes_of_Electrolyte_Depletion/4_Causes_of_Electrolyte_Depletion.m3u8,,0,10797,303,Fundamentals / Fluid & Electrolytes / Fluid & Electrolyte Basics (Fundamentals)
Fundamentals,Fundamentals / Fluid & Electrolytes,Fluid & Electrolyte Basics (Fundamentals),fluid-electrolyte-basics-fundamentals,49m 54s,7,Hemo-concentration vs. Hemo-Dilution Electrolyte Lab Values,hemo-concentration-vs-hemo-dilution-electrolyte-lab-values,3:27,207,https://members.simplenursing.com/wp-content/themes/simplenursing-app/images/videos/thumbnails/7.-Hemo-concentration-vs.-Hemo-Dilution-Electrolyte-Lab-Values-copy.webp,https://d1pumg6d5kr18o.cloudfront.net/new/Hemoconcentration_HemoDilution/Hemoconcentration_HemoDilution.m3u8,,0,10798,304,Fundamentals / Fluid & Electrolytes / Fluid & Electrolyte Basics (Fundamentals)
Fundamentals,Fundamentals / Fluid & Electrolytes,Fluid & Electrolyte Basics (Fundamentals),fluid-electrolyte-basics-fundamentals,49m 54s,8,2 Minute Electrolyte Wrap-up,2-minute-electrolyte-wrap-up,2:21,141,https://members.simplenursing.com/wp-content/themes/simplenursing-app/images/videos/thumbnails/8.-2-Minute-Electrolyte-Wrap-up-copy.webp,https://d1pumg6d5kr18o.cloudfront.net/new/2MinuteElectrolyteWrapUp/2MinuteElectrolyteWrap-up.m3u8,,0,10799,305,Fundamentals / Fluid & Electrolytes / Fluid & Electrolyte Basics (Fundamentals)
Fundamentals,Fundamentals / Fluid & Electrolytes,Fluid Balance,fluid-balance,1h 20m,1,Full Video - Fluid Balance,full-video-fluid-balance,44:29,2669,https://members.simplenursing.com/wp-content/themes/simplenursing-app/images/videos/thumbnails/1.-Fluid-Balance-copy.webp,https://d1pumg6d5kr18o.cloudfront.net/new/fundamentals/2_fe_fluid_balance_1_full_video_fluid_balance/part.m3u8,,0,18755,306,Fundamentals / Fluid & Electrolytes / Fluid Balance
Fundamentals,Fundamentals / Fluid & Electrolytes,Fluid Balance,fluid-balance,1h 20m,2,"Osmosis, Diffusion & Filtration",osmosis-diffusion-filtration,4:35,275,https://members.simplenursing.com/wp-content/themes/simplenursing-app/images/videos/thumbnails/3.-Osmosis-Diffusion-Filtration-copy.webp,https://d1pumg6d5kr18o.cloudfront.net/new/osmosis_diffusion_038_filtration/osmosis_diffusion_038_filtration.m3u8,,0,11175,307,Fundamentals / Fluid & Electrolytes / Fluid Balance
Fundamentals,Fundamentals / Fluid & Electrolytes,Fluid Balance,fluid-balance,1h 20m,3,FVO - Fluid volume overload,fvo-fluid-volume-overload,7:52,472,https://members.simplenursing.com/wp-content/themes/simplenursing-app/images/videos/thumbnails/3.-FVO-Fluid-volume-overload-copy.webp,https://d1pumg6d5kr18o.cloudfront.net/new/patho/2_fluid_balance_3_fvo_fluid_volume_overload/2_fluid_balance_3_fvo_fluid_volume_overload.m3u8,,0,17928,308,Fundamentals / Fluid & Electrolytes / Fluid Balance
Fundamentals,Fundamentals / Fluid & Electrolytes,Fluid Balance,fluid-balance,1h 20m,4,FVD - Fluid volume deficit,fvd-fluid-volume-deficit,3:16,196,https://members.simplenursing.com/wp-content/themes/simplenursing-app/images/videos/thumbnails/4.-FVD-Fluid-volume-deficit-copy.webp,https://d1pumg6d5kr18o.cloudfront.net/new/patho/2_fluid_balance_4_fvd_fluid_volume_deficit_/2_fluid_balance_4_fvd_fluid_volume_deficit_.m3u8,,0,17929,309,Fundamentals / Fluid & Electrolytes / Fluid Balance
Fundamentals,Fundamentals / Fluid & Electrolytes,Fluid Balance,fluid-balance,1h 20m,5,Manifestations (signs & symtoms),manifestations-signs-symtoms,11:54,714,https://members.simplenursing.com/wp-content/themes/simplenursing-app/images/videos/thumbnails/5.-Manifestations-signs-symtoms-copy.webp,https://d1pumg6d5kr18o.cloudfront.net/new/patho/2_fluid_balance_5_manifestations_signs_symtoms_/2_fluid_balance_5_manifestations_signs_symtoms_.m3u8,,0,17930,310,Fundamentals / Fluid & Electrolytes / Fluid Balance
Fundamentals,Fundamentals / Fluid & Electrolytes,Fluid Balance,fluid-balance,1h 20m,6,"Tonicity of IV fluids (Iso, Hypo, Hypertonic)",tonicity-of-fluids,8:38,518,https://members.simplenursing.com/wp-content/themes/simplenursing-app/images/videos/thumbnails/6.-Tonicity-of-IV-fluids-Iso-Hypo-Hypertonic-copy.webp,https://d1pumg6d5kr18o.cloudfront.net/new/patho/2_fluid_balance_6_tonicity_of_fluids/2_fluid_balance_6_tonicity_of_fluids.m3u8,,0,17931,311,Fundamentals / Fluid & Electrolytes / Fluid Balance
Fundamentals,Fundamentals,"HIPAA, Ethics & Legal",hipaa-ethics-legal,1h 57m,1,"Full Video - HIPAA, Ethics, Legal",full-video-hipaa-ethics-legal,59:16,3556,https://members.simplenursing.com/wp-content/themes/simplenursing-app/images/videos/thumbnails/1.-Full-Video-HIPAA-Ethics-Legal-copy.webp,https://d1pumg6d5kr18o.cloudfront.net/new/fundamentals/3_hipaa_ethics_legal_1_full_video_hipaa_ethics_legal/part.m3u8,,0,18756,312,"Fundamentals / HIPAA, Ethics & Legal"
Fundamentals,Fundamentals,"HIPAA, Ethics & Legal",hipaa-ethics-legal,1h 57m,2,HIPAA,hipaa,11:05,665,https://members.simplenursing.com/wp-content/themes/simplenursing-app/images/videos/thumbnails/2.-HIPAA-copy.webp,https://d1pumg6d5kr18o.cloudfront.net/new/fundamentals/3_hipaa_ethics_legal_2_hipaa/part.m3u8,,0,18757,313,"Fundamentals / HIPAA, Ethics & Legal"
Fundamentals,Fundamentals,"HIPAA, Ethics & Legal",hipaa-ethics-legal,1h 57m,3,Ethics Key Terms,ethics-key-terms,3:07,187,https://members.simplenursing.com/wp-content/themes/simplenursing-app/images/videos/thumbnails/3.-Ethics-Key-Terms-copy.webp,https://d1pumg6d5kr18o.cloudfront.net/new/fundamentals/3_hipaa_ethics_legal_3_ethics_key_terms/part.m3u8,,0,18758,314,"Fundamentals / HIPAA, Ethics & Legal"
Fundamentals,Fundamentals,"HIPAA, Ethics & Legal",hipaa-ethics-legal,1h 57m,4,Tort Law,tort-law,7:16,436,https://members.simplenursing.com/wp-content/themes/simplenursing-app/images/videos/thumbnails/4.-Tort-Law-copy.webp,https://d1pumg6d5kr18o.cloudfront.net/new/fundamentals/3_hipaa_ethics_legal_4_tort_law/part.m3u8,,0,18759,315,"Fundamentals / HIPAA, Ethics & Legal"
Fundamentals,Fundamentals,"HIPAA, Ethics & Legal",hipaa-ethics-legal,1h 57m,5,Informed Consent,informed-consent,12:48,768,https://members.simplenursing.com/wp-content/themes/simplenursing-app/images/videos/thumbnails/5.-Informed-Consent-copy.webp,https://d1pumg6d5kr18o.cloudfront.net/new/fundamentals/3_hipaa_ethics_legal_5_informed_consent/part.m3u8,,0,18760,316,"Fundamentals / HIPAA, Ethics & Legal"
Fundamentals,Fundamentals,"HIPAA, Ethics & Legal",hipaa-ethics-legal,1h 57m,6,"Advanced Directives, Living Will",advanced-directives-living-will,8:24,504,https://members.simplenursing.com/wp-content/themes/simplenursing-app/images/videos/thumbnails/6.-Advanced-Directives-Living-Will-copy.webp,https://d1pumg6d5kr18o.cloudfront.net/new/fundamentals/3_hipaa_ethics_legal_6_advanced_directives_living_will/part.m3u8,,0,18761,317,"Fundamentals / HIPAA, Ethics & Legal"
Fundamentals,Fundamentals,"HIPAA, Ethics & Legal",hipaa-ethics-legal,1h 57m,7,AMA & Refusal of Care,ama-refusal-of-care,4:42,282,https://members.simplenursing.com/wp-content/themes/simplenursing-app/images/videos/thumbnails/7.-AMA-Refusal-of-Care-copy.webp,https://d1pumg6d5kr18o.cloudfront.net/new/fundamentals/3_hipaa_ethics_legal_7_ama_refusalcare/part.m3u8,,0,18762,318,"Fundamentals / HIPAA, Ethics & Legal"
Fundamentals,Fundamentals,"HIPAA, Ethics & Legal",hipaa-ethics-legal,1h 57m,8,Mandatory Reporting,mandatory-reporting,11:21,681,https://members.simplenursing.com/wp-content/themes/simplenursing-app/images/videos/thumbnails/8.-Mandatory-Reporting-copy.webp,https://d1pumg6d5kr18o.cloudfront.net/new/fundamentals/3_hipaa_ethics_legal_8_mandatory_reporting/part.m3u8,,0,18763,319,"Fundamentals / HIPAA, Ethics & Legal"
Fundamentals,Fundamentals,Delegation & Supervision,delegation-supervision,26m 39s,1,Full Video - Delegation & Supervision,full-video-delegation-supervision,13:22,802,https://members.simplenursing.com/wp-content/themes/simplenursing-app/images/videos/thumbnails/1.-Full-Video-Delegation-Supervision-copy.webp,https://d1pumg6d5kr18o.cloudfront.net/new/fundamentals/4_delegation_supervision_1_full_video_delegation_supervision/part.m3u8,,0,18764,320,Fundamentals / Delegation & Supervision
Fundamentals,Fundamentals,Delegation & Supervision,delegation-supervision,26m 39s,2,5 Rights of Delegation,5-rights-of-delegation,3:58,238,https://members.simplenursing.com/wp-content/themes/simplenursing-app/images/videos/thumbnails/2.-5-Rights-of-Delegation-copy.webp,https://d1pumg6d5kr18o.cloudfront.net/new/fundamentals/4_delegation_supervision_2_5_rightsdelegation/part.m3u8,,0,18765,321,Fundamentals / Delegation & Supervision
Fundamentals,Fundamentals,Delegation & Supervision,delegation-supervision,26m 39s,3,RN delegation,rn-delegation-delegation-supervision,4:14,254,https://members.simplenursing.com/wp-content/themes/simplenursing-app/images/videos/thumbnails/3.-RN-delegation-copy.webp,https://d1pumg6d5kr18o.cloudfront.net/new/fundamentals/4_delegation_supervision_3_rn_delegation/part.m3u8,,0,18766,322,Fundamentals / Delegation & Supervision
Fundamentals,Fundamentals,Delegation & Supervision,delegation-supervision,26m 39s,4,LPN / LVN Delegation,lpn-lvn-delegation-2,1:39,99,https://members.simplenursing.com/wp-content/themes/simplenursing-app/images/videos/thumbnails/4.-LPN-LVN-Delegation-copy.webp,https://d1pumg6d5kr18o.cloudfront.net/new/fundamentals/4_delegation_supervision_4_lpn_lvn_delegation/part.m3u8,,0,18767,323,Fundamentals / Delegation & Supervision
Fundamentals,Fundamentals,Delegation & Supervision,delegation-supervision,26m 39s,5,"CNA, UAP delegation",cna-uap-delegation,0:55,55,https://members.simplenursing.com/wp-content/themes/simplenursing-app/images/videos/thumbnails/5.-CNA-UAP-delegation-copy.webp,https://d1pumg6d5kr18o.cloudfront.net/new/fundamentals/4_delegation_supervision_5_cna_uap_delegation/part.m3u8,,0,18768,324,Fundamentals / Delegation & Supervision
Fundamentals,Fundamentals,Delegation & Supervision,delegation-supervision,26m 39s,6,NCLEX practice questions,nclex-practice-questions-delegation-supervision,2:31,151,https://members.simplenursing.com/wp-content/themes/simplenursing-app/images/videos/thumbnails/6.-NCLEX-practice-questions-copy.webp,https://d1pumg6d5kr18o.cloudfront.net/new/fundamentals/4_delegation_supervision_6_nclex_practice_questions/part.m3u8,,0,18769,325,Fundamentals / Delegation & Supervision
Fundamentals,Fundamentals,Pharmacology Fundamentals,pharmacology-fundamentals,33m 7s,1,Perfect Drug Card & Med Admin,perfect-drug-card-med-admin,6:26,386,https://members.simplenursing.com/wp-content/themes/simplenursing-app/images/videos/thumbnails/1.-Perfect-Drug-Card-Med-Admin-copy.webp,https://d1pumg6d5kr18o.cloudfront.net/new/fundamentals/5_pharmacology_1_perfect_drug_card_med_admin/part.m3u8,,0,18770,326,Fundamentals / Pharmacology Fundamentals
Fundamentals,Fundamentals,Pharmacology Fundamentals,pharmacology-fundamentals,33m 7s,2,Pharmacokinetics (Routes of Admin),pharmacokinetics-routes-of-admin,7:02,422,https://members.simplenursing.com/wp-content/themes/simplenursing-app/images/videos/thumbnails/2.-Pharmacokinetics-Routes-of-Admin-copy.webp,https://d1pumg6d5kr18o.cloudfront.net/new/fundamentals/5_pharmacology_2_pharmacokinetics_routesadmin/part.m3u8,,0,18771,327,Fundamentals / Pharmacology Fundamentals
Fundamentals,Fundamentals,Pharmacology Fundamentals,pharmacology-fundamentals,33m 7s,3,Rights of Medication Admin,rights-of-medication-admin,4:26,266,https://members.simplenursing.com/wp-content/themes/simplenursing-app/images/videos/thumbnails/3.-Rights-of-Medication-Admin-copy.webp,https://d1pumg6d5kr18o.cloudfront.net/new/fundamentals/5_pharmacology_3_rightsmedication_admin/part.m3u8,,0,18772,328,Fundamentals / Pharmacology Fundamentals
Fundamentals,Fundamentals,Pharmacology Fundamentals,pharmacology-fundamentals,33m 7s,4,"IV Types, IV insertion & cautions",iv-types-iv-insertion-cautions,15:13,913,https://members.simplenursing.com/wp-content/themes/simplenursing-app/images/videos/thumbnails/4.-IV-Types-IV-insertion-cautions-copy.webp,https://d1pumg6d5kr18o.cloudfront.net/new/fundamentals/5_pharmacology_4_iv_therapy_iv_insertion_cautions/part.m3u8,,0,18773,329,Fundamentals / Pharmacology Fundamentals
Fundamentals,Fundamentals,Lab Values,lab-values,3h 38m,1,Lab Values Full Video,lab-values-full-video,1:37:20,5840,https://members.simplenursing.com/wp-content/themes/simplenursing-app/images/videos/thumbnails/1.-Lab-Values-Full-Video-copy.webp,https://d1pumg6d5kr18o.cloudfront.net/new/5_fundamentals_labs_values_2/part.m3u8,,0,16834,330,Fundamentals / Lab Values
Fundamentals,Fundamentals,Lab Values,lab-values,3h 38m,2,Acid Base (ABGs) Labs,acid-base-abgs-labs,5:33,333,https://members.simplenursing.com/wp-content/themes/simplenursing-app/images/videos/thumbnails/2.-Acid-Base-ABGs-Labs-copy.webp,https://d1pumg6d5kr18o.cloudfront.net/new/lab_values_8_acid_base_abgs_labs/lab_values_8_acid_base_abgs_labs.m3u8,,0,16841,331,Fundamentals / Lab Values
Fundamentals,Fundamentals,Lab Values,lab-values,3h 38m,3,BMP - Basic Metabolic Panel,bmp-basic-metabolic-panel,5:42,342,https://members.simplenursing.com/wp-content/themes/simplenursing-app/images/videos/thumbnails/3.-BMP-Basic-Metabolic-Panel-copy.webp,https://d1pumg6d5kr18o.cloudfront.net/new/lab_values_2_bmp_basic_metabolic_panel/lab_values_2_bmp_basic_metabolic_panel.m3u8,,0,16835,332,Fundamentals / Lab Values
Fundamentals,Fundamentals,Lab Values,lab-values,3h 38m,4,Cardiac labs,cardiac-labs,4:32,272,https://members.simplenursing.com/wp-content/themes/simplenursing-app/images/videos/thumbnails/4.-Cardiac-labs-copy.webp,https://d1pumg6d5kr18o.cloudfront.net/new/lab_values_7_cardiac_labs/lab_values_7_cardiac_labs.m3u8,,0,16840,333,Fundamentals / Lab Values
Fundamentals,Fundamentals,Lab Values,lab-values,3h 38m,5,CBC - Complete Blood Count,cbc-complete-blood-count,5:09,309,https://members.simplenursing.com/wp-content/themes/simplenursing-app/images/videos/thumbnails/5.-CBC-Complete-Blood-Count-copy.webp,https://d1pumg6d5kr18o.cloudfront.net/new/lab_values_4_cbc_complete_blood_count/lab_values_4_cbc_complete_blood_count.m3u8,,0,16837,334,Fundamentals / Lab Values
Fundamentals,Fundamentals,Lab Values,lab-values,3h 38m,6,Cholesterol labs,cholesterol-labs,4:03,243,https://members.simplenursing.com/wp-content/themes/simplenursing-app/images/videos/thumbnails/6.-Cholesterol-labs-copy.webp,https://d1pumg6d5kr18o.cloudfront.net/new/lab_values_10_cholesterol_labs/lab_values_10_cholesterol_labs.m3u8,,0,16843,335,Fundamentals / Lab Values
Fundamentals,Fundamentals,Lab Values,lab-values,3h 38m,7,Coagulation (Clotting),coagulation-panel,17:57,1077,https://members.simplenursing.com/wp-content/themes/simplenursing-app/images/videos/thumbnails/7.-Coagulation-Clotting-copy.webp,https://d1pumg6d5kr18o.cloudfront.net/new/lab_values_6_coagulation_panel/lab_values_6_coagulation_panel.m3u8,,0,16839,336,Fundamentals / Lab Values
Fundamentals,Fundamentals,Lab Values,lab-values,3h 38m,8,Diabetic labs,diabetic-labs,7:06,426,https://members.simplenursing.com/wp-content/themes/simplenursing-app/images/videos/thumbnails/8.-Diabetic-labs-copy.webp,https://d1pumg6d5kr18o.cloudfront.net/new/lab_values_11_diabetic_labs/lab_values_11_diabetic_labs.m3u8,,0,16844,337,Fundamentals / Lab Values
Fundamentals,Fundamentals,Lab Values,lab-values,3h 38m,9,Electrolytes Top Tested,electrolytes-top-tested,12:54,774,https://members.simplenursing.com/wp-content/themes/simplenursing-app/images/videos/thumbnails/9.-Electrolytes-Top-Tested-copy.webp,https://d1pumg6d5kr18o.cloudfront.net/new/lab_values_3_electrolytes_top_tested/lab_values_3_electrolytes_top_tested.m3u8,,0,16836,338,Fundamentals / Lab Values
Fundamentals,Fundamentals,Lab Values,lab-values,3h 38m,10,Kidney labs & UA,kidney-labs-ua,10:34,634,https://members.simplenursing.com/wp-content/themes/simplenursing-app/images/videos/thumbnails/10.-Kidney-labs-UA-copy.webp,https://d1pumg6d5kr18o.cloudfront.net/new/lab_values_12_kidney_labs_ua/lab_values_12_kidney_labs_ua.m3u8,,0,16845,339,Fundamentals / Lab Values
Fundamentals,Fundamentals,Lab Values,lab-values,3h 38m,11,Liver Labs,liver-labs-2,14:51,891,https://members.simplenursing.com/wp-content/themes/simplenursing-app/images/videos/thumbnails/11.-Liver-Labs-copy.webp,https://d1pumg6d5kr18o.cloudfront.net/new/lab_values_13_liver_labs/lab_values_13_liver_labs.m3u8,,0,16846,340,Fundamentals / Lab Values
Fundamentals,Fundamentals,Lab Values,lab-values,3h 38m,12,Priority labs,priority-labs,5:53,353,https://members.simplenursing.com/wp-content/themes/simplenursing-app/images/videos/thumbnails/12.-Priority-labs-copy.webp,https://d1pumg6d5kr18o.cloudfront.net/new/6_fundamentals_priority_labs/6_fundamentals_priority_labs.m3u8,,0,16842,341,Fundamentals / Lab Values
Fundamentals,Fundamentals,Lab Values,lab-values,3h 38m,13,Top 5 Toxic Drug Levels,top-5-toxic-drug-levels,23:46,1426,https://members.simplenursing.com/wp-content/themes/simplenursing-app/images/videos/thumbnails/13.-Top-5-Toxic-Drug-Levels-copy.webp,https://d1pumg6d5kr18o.cloudfront.net/new/lab_values_14_top_5_toxics_drug_levels/lab_values_14_top_5_toxics_drug_levels.m3u8,,0,16847,342,Fundamentals / Lab Values
Fundamentals,Fundamentals,Lab Values,lab-values,3h 38m,14,WBC - White Blood Cells,wbc-white-blood-cells,2:58,178,https://members.simplenursing.com/wp-content/themes/simplenursing-app/images/videos/thumbnails/14.-WBC-White-Blood-Cells-copy.webp,https://d1pumg6d5kr18o.cloudfront.net/new/lab_values_5_wbc_white_blood_cells/lab_values_5_wbc_white_blood_cells.m3u8,,0,16838,343,Fundamentals / Lab Values
Fundamentals,Fundamentals,Asepsis & Sterility,asepsis-sterility,3m 32s,1,Asepsis & Sterility,asepsis-sterility,3:32,212,https://members.simplenursing.com/wp-content/themes/simplenursing-app/images/videos/thumbnails/Asepsis-Sterility-copy.webp,https://d1pumg6d5kr18o.cloudfront.net/new/fundamentals/7_asepsis_sterility/part.m3u8,,0,18798,344,Fundamentals / Asepsis & Sterility
Fundamentals,Fundamentals,"Death, Dying, Grief & Loss",death-dying-grief-loss,28m 57s,1,"Full Video - Death, Gying, Grief & Loss",full-video-death-gying-grief-loss,14:36,876,https://members.simplenursing.com/wp-content/themes/simplenursing-app/images/videos/thumbnails/1.-Full-Video-Death-Gying-Grief-Loss-copy.webp,https://d1pumg6d5kr18o.cloudfront.net/new/fundamentals/8_death_dying_1_full_video_death_gying_grief_loss/part.m3u8,,0,18774,345,"Fundamentals / Death, Dying, Grief & Loss"
Fundamentals,Fundamentals,"Death, Dying, Grief & Loss",death-dying-grief-loss,28m 57s,2,5 stages of Grief - Kubler-Ross,5-stages-of-grief-kubler-ross,3:19,199,https://members.simplenursing.com/wp-content/themes/simplenursing-app/images/videos/thumbnails/2.-5-stages-of-Grief-Kubler-Ross-copy.webp,https://d1pumg6d5kr18o.cloudfront.net/new/fundamentals/8_death_dying_2_5_stagesgrief_kublerross/part.m3u8,,0,18775,346,"Fundamentals / Death, Dying, Grief & Loss"
Fundamentals,Fundamentals,"Death, Dying, Grief & Loss",death-dying-grief-loss,28m 57s,3,Coping & Defense Mechanisms,coping-defense-mechanisms,4:12,252,https://members.simplenursing.com/wp-content/themes/simplenursing-app/images/videos/thumbnails/3.-Coping-Defense-Mechanisms-copy.webp,https://d1pumg6d5kr18o.cloudfront.net/new/fundamentals/8_death_dying_3_coping_defense_mechanisms/part.m3u8,,0,18776,347,"Fundamentals / Death, Dying, Grief & Loss"
Fundamentals,Fundamentals,"Death, Dying, Grief & Loss",death-dying-grief-loss,28m 57s,4,Unhealthy Grief & Coping,unhealthy-grief-coping,1:58,118,https://members.simplenursing.com/wp-content/themes/simplenursing-app/images/videos/thumbnails/4.-Unhealthy-Grief-Coping-copy.webp,https://d1pumg6d5kr18o.cloudfront.net/new/fundamentals/8_death_dying_4_unhealthy_grief_coping/part.m3u8,,0,18777,348,"Fundamentals / Death, Dying, Grief & Loss"
Fundamentals,Fundamentals,"Death, Dying, Grief & Loss",death-dying-grief-loss,28m 57s,5,Interventions for Grief & Loss,interventions-for-grief-loss,2:17,137,https://members.simplenursing.com/wp-content/themes/simplenursing-app/images/videos/thumbnails/5.-Interventions-for-Grief-Loss-copy.webp,https://d1pumg6d5kr18o.cloudfront.net/new/fundamentals/8_death_dying_5_interventions_for_grief_loss/part.m3u8,,0,18778,349,"Fundamentals / Death, Dying, Grief & Loss"
Fundamentals,Fundamentals,"Death, Dying, Grief & Loss",death-dying-grief-loss,28m 57s,6,Palliative Care & Hospice,palliative-care-hospice,2:35,155,https://members.simplenursing.com/wp-content/themes/simplenursing-app/images/videos/thumbnails/6.-Palliative-Care-Hospice-copy.webp,https://d1pumg6d5kr18o.cloudfront.net/new/fundamentals/8_death_dying_6_palliative_care_hospice/part.m3u8,,0,18779,350,"Fundamentals / Death, Dying, Grief & Loss"
Fundamentals,Fundamentals,Med Math Memory Tricks,med-math-memory-tricks,1m 59s,1,Med Math Memory Tricks,med-math-memory-tricks,1:59,119,https://members.simplenursing.com/wp-content/themes/simplenursing-app/images/videos/thumbnails/1.-Med-Math-Memory-Tricks-copy.webp,https://d1pumg6d5kr18o.cloudfront.net/new/fundamentals/9_med_math_memory_tricks/part.m3u8,,0,18799,351,Fundamentals / Med Math Memory Tricks
Fundamentals,Fundamentals,Nutrition,nutrition,8m 51s,1,Nutrition,nutrition,8:51,531,https://members.simplenursing.com/wp-content/themes/simplenursing-app/images/videos/thumbnails/1.-Nutrition-copy.webp,https://d1pumg6d5kr18o.cloudfront.net/new/fundamentals/10_nutrition/part.m3u8,,0,18794,352,Fundamentals / Nutrition
Fundamentals,Fundamentals,O2 Devices & Music Video!,o2-devices-music-video,1h 57m,1,Full Video - Oxygen devices,full-video-oxygen-devices,57:09,3429,https://members.simplenursing.com/wp-content/themes/simplenursing-app/images/videos/o2-devices-music-video.png,https://d1pumg6d5kr18o.cloudfront.net/new/fundamentals/11_o2_devices_1_full_video_oxygen_devices/part.m3u8,,0,18780,353,Fundamentals / O2 Devices & Music Video!
Fundamentals,Fundamentals,O2 Devices & Music Video!,o2-devices-music-video,1h 57m,2,Hypoxia vs. Hypoxemia,hypoxia-vs-hypoxemia,4:02,242,https://members.simplenursing.com/wp-content/themes/simplenursing-app/images/videos/o2-devices-music-video.png,https://d1pumg6d5kr18o.cloudfront.net/new/fundamentals/11_o2_devices_2_hypoxia_vs_hypoxemia/part.m3u8,,0,18781,354,Fundamentals / O2 Devices & Music Video!
Fundamentals,Fundamentals,O2 Devices & Music Video!,o2-devices-music-video,1h 57m,3,Oxygen Devices,oxygen-devices-o2-devices,8:37,517,https://members.simplenursing.com/wp-content/themes/simplenursing-app/images/videos/o2-devices-music-video.png,https://d1pumg6d5kr18o.cloudfront.net/new/fundamentals/11_o2_devices_3_oxygen_devices/part.m3u8,,0,18782,355,Fundamentals / O2 Devices & Music Video!
Fundamentals,Fundamentals,O2 Devices & Music Video!,o2-devices-music-video,1h 57m,4,Anatomy & Physiology of Breathing,anatomy-physiology-of-breathing,6:04,364,https://members.simplenursing.com/wp-content/themes/simplenursing-app/images/videos/thumbnails/2.-Anatomy-Physiology-of-Breathing-copy.webp,https://d1pumg6d5kr18o.cloudfront.net/new/fundamentals/11_o2_devices_4_anatomy_physiologybreathing/part.m3u8,,0,18783,356,Fundamentals / O2 Devices & Music Video!
Fundamentals,Fundamentals,O2 Devices & Music Video!,o2-devices-music-video,1h 57m,5,Key Terms for Exams,key-terms-for-exams,10:24,624,https://members.simplenursing.com/wp-content/themes/simplenursing-app/images/videos/thumbnails/7.-Key-Terms-for-Exams-copy.webp,https://d1pumg6d5kr18o.cloudfront.net/new/fundamentals/11_o2_devices_5_key_terms_for_exams/part.m3u8,,0,18784,357,Fundamentals / O2 Devices & Music Video!
Fundamentals,Fundamentals,O2 Devices & Music Video!,o2-devices-music-video,1h 57m,6,How to Assess Lung Sounds,how-to-assess-lung-sounds,3:27,207,https://members.simplenursing.com/wp-content/themes/simplenursing-app/images/videos/o2-devices-music-video.png,https://d1pumg6d5kr18o.cloudfront.net/new/fundamentals/11_o2_devices_6_how_to_assess_lung_sounds/part.m3u8,,0,18785,358,Fundamentals / O2 Devices & Music Video!
Fundamentals,Fundamentals,O2 Devices & Music Video!,o2-devices-music-video,1h 57m,7,6 Lungs Sounds on Exams,6-lungs-sounds-on-exams,15:09,909,https://members.simplenursing.com/wp-content/themes/simplenursing-app/images/videos/o2-devices-music-video.png,https://d1pumg6d5kr18o.cloudfront.net/new/fundamentals/11_o2_devices_7_6_lungs_sounds_on_exams/part.m3u8,,0,18786,359,Fundamentals / O2 Devices & Music Video!
Fundamentals,Fundamentals,O2 Devices & Music Video!,o2-devices-music-video,1h 57m,8,Tracheostomy Care,tracheostomy-care-o2-devices,7:45,465,https://members.simplenursing.com/wp-content/themes/simplenursing-app/images/videos/o2-devices-music-video.png,https://d1pumg6d5kr18o.cloudfront.net/new/fundamentals/11_o2_devices_8_tracheostomy_care_copy/part.m3u8,,0,18787,360,Fundamentals / O2 Devices & Music Video!
Fundamentals,Fundamentals,O2 Devices & Music Video!,o2-devices-music-video,1h 57m,9,Music Video “Don’t Stop Breathing”,music-video-dont-stop-breathing,4:53,293,https://members.simplenursing.com/wp-content/themes/simplenursing-app/images/videos/o2-devices-music-video.png,https://d1pumg6d5kr18o.cloudfront.net/new/fundamentals/11_o2_devices_9_don_t_stop_breathing/part.m3u8,,0,18788,361,Fundamentals / O2 Devices & Music Video!
Fundamentals,Fundamentals,Pain management,pain-management,5m 31s,1,Pain management,pain-management,5:31,331,https://members.simplenursing.com/wp-content/themes/simplenursing-app/images/videos/thumbnails/1.-Pain-management-copy.webp,https://d1pumg6d5kr18o.cloudfront.net/new/fundamentals/12_pain_management/part.m3u8,,0,18795,362,Fundamentals / Pain management
Fundamentals,Fundamentals,Pressure injuries,pressure-injuries,8m 12s,1,Pressure Injuries,pressure-injuries-fundamentals,8:12,492,https://members.simplenursing.com/wp-content/themes/simplenursing-app/images/videos/thumbnails/1.-Pressure-injuries-copy.webp,https://d1pumg6d5kr18o.cloudfront.net/new/fundamentals/13_pressure_injuries/part.m3u8,,0,18796,363,Fundamentals / Pressure injuries
Fundamentals,Fundamentals,Report SBAR,report-sbar,4m 30s,1,Report SBAR,sbar-report-giving,4:30,270,https://members.simplenursing.com/wp-content/themes/simplenursing-app/images/videos/thumbnails/1.-Report-SBAR-copy-1.webp,https://d1pumg6d5kr18o.cloudfront.net/new/skills_more/new/3_sbar/3_sbar.m3u8,,0,17458,364,Fundamentals / Report SBAR
Fundamentals,Fundamentals,"Stress, Rest & Sleep",stress-rest-sleep,18m 49s,1,Stress,stress,6:03,363,https://members.simplenursing.com/wp-content/themes/simplenursing-app/images/videos/thumbnails/1.-Stress-copy.webp,https://d1pumg6d5kr18o.cloudfront.net/new/fundamentals/15_stress_rest_sleep_1_stress/part.m3u8,,0,18789,365,"Fundamentals / Stress, Rest & Sleep"
Fundamentals,Fundamentals,"Stress, Rest & Sleep",stress-rest-sleep,18m 49s,2,Rest & Sleep,rest-sleep,12:46,766,https://members.simplenursing.com/wp-content/themes/simplenursing-app/images/videos/thumbnails/2.-Rest-Sleep-copy.webp,https://d1pumg6d5kr18o.cloudfront.net/new/fundamentals/15_stress_rest_sleep_2_rest_sleep/part.m3u8,,0,18790,366,"Fundamentals / Stress, Rest & Sleep"
Fundamentals,Fundamentals,Therapeutic Communication,therapeutic-communication-fund,13m 30s,1,Therapeutic Communication,therapeutic-communication-fundamentals,13:30,810,https://members.simplenursing.com/wp-content/themes/simplenursing-app/images/videos/thumbnails/1.-Therapeutic-Communication-fundamentals-copy.webp,https://d1pumg6d5kr18o.cloudfront.net/new/fundamentals/16_therapeutic_communication/part.m3u8,,0,18797,367,Fundamentals / Therapeutic Communication
Fundamentals,Fundamentals,Vital Signs,vital-signs-fundamentals,59m 23s,1,Temperature,temperature,14:01,841,https://members.simplenursing.com/wp-content/themes/simplenursing-app/images/videos/thumbnails/1.-Temperature-copy.webp,https://d1pumg6d5kr18o.cloudfront.net/new/temperature/temperature.m3u8,,0,11545,368,Fundamentals / Vital Signs
Fundamentals,Fundamentals,Vital Signs,vital-signs-fundamentals,59m 23s,2,Heart Rate,heart-rate,11:14,674,https://members.simplenursing.com/wp-content/themes/simplenursing-app/images/videos/thumbnails/2.-Heart-Rate-copy.webp,https://d1pumg6d5kr18o.cloudfront.net/new/heart_rate/heart_rate.m3u8,,0,11548,369,Fundamentals / Vital Signs
Fundamentals,Fundamentals,Vital Signs,vital-signs-fundamentals,59m 23s,3,Blood Pressure (Part 1 of 2),blood-pressure-part-1-of-2,11:31,691,https://members.simplenursing.com/wp-content/themes/simplenursing-app/images/videos/thumbnails/3.-Blood-Pressure-Part-1-of-2-copy.webp,https://d1pumg6d5kr18o.cloudfront.net/new/blood_pressure_part_1_of_2/blood_pressure_part_1_of_2.m3u8,,0,11546,370,Fundamentals / Vital Signs
Fundamentals,Fundamentals,Vital Signs,vital-signs-fundamentals,59m 23s,4,Blood Pressure (Part 2 of 2),blood-pressure-part-2-of-2,10:38,638,https://members.simplenursing.com/wp-content/themes/simplenursing-app/images/videos/thumbnails/4.-Blood-Pressure-Part-2-of-2-copy.webp,https://d1pumg6d5kr18o.cloudfront.net/new/blood_pressure_part_2_of_2/blood_pressure_part_2_of_2.m3u8,,0,11547,371,Fundamentals / Vital Signs
Fundamentals,Fundamentals,Vital Signs,vital-signs-fundamentals,59m 23s,5,SpO2 % and Respiratory Rate,spo2-and-respiratory-rate,11:59,719,https://members.simplenursing.com/wp-content/themes/simplenursing-app/images/videos/thumbnails/5.-SpO2-_-and-Respiratory-Rate-copy.webp,https://d1pumg6d5kr18o.cloudfront.net/new/spo2_and_respiratory_rate/spo2_and_respiratory_rate.m3u8,,0,11929,372,Fundamentals / Vital Signs
Fundamentals,Fundamentals,Geriatrics,geriatrics-fundamentals,19m 56s,1,Elderly Overview,elderly-overview,15:22,922,https://members.simplenursing.com/wp-content/themes/simplenursing-app/images/videos/thumbnails/1.-Elderly-Overview-copy.webp,https://d1pumg6d5kr18o.cloudfront.net/new/8_elderly_overview/8_elderly_overview.m3u8,,0,11953,373,Fundamentals / Geriatrics
Fundamentals,Fundamentals,Geriatrics,geriatrics-fundamentals,19m 56s,2,Muscle & Neuro Changes,muscle-neuro-changes,4:34,274,https://members.simplenursing.com/wp-content/themes/simplenursing-app/images/videos/thumbnails/2.-Muscle-Neuro-Changes-copy.webp,https://d1pumg6d5kr18o.cloudfront.net/new/muscle_038_neuro_changes_2/muscle_038_neuro_changes.m3u8,,0,11954,374,Fundamentals / Geriatrics
Fundamentals,Fundamentals,Perioperative Care,perioperative-care,36m 53s,1,Preoperative Care,preoperative-care-intro,7:53,473,https://members.simplenursing.com/wp-content/themes/simplenursing-app/images/videos/thumbnails/1.-Perioperative-Care-copy.webp,https://d1pumg6d5kr18o.cloudfront.net/new/preoperative_care/preoperative_care.m3u8,,0,11459,375,Fundamentals / Perioperative Care
Fundamentals,Fundamentals,Perioperative Care,perioperative-care,36m 53s,2,Preoperative Assessment Part 1,preoperative-assessment-part-1,14:32,872,https://members.simplenursing.com/wp-content/themes/simplenursing-app/images/videos/thumbnails/2.-Preoperative-Assessment-Part-1-copy.webp,https://d1pumg6d5kr18o.cloudfront.net/new/preoperative_assessment_part_1/preoperative_assessment_part_1.m3u8,,0,13836,376,Fundamentals / Perioperative Care
Fundamentals,Fundamentals,Perioperative Care,perioperative-care,36m 53s,3,Preoperative Assessment Part 2,preoperative-assessment-part-2,14:28,868,https://members.simplenursing.com/wp-content/themes/simplenursing-app/images/videos/thumbnails/3.-Preoperative-Assessment-Part-2-copy.webp,https://d1pumg6d5kr18o.cloudfront.net/new/preoperative_assessment_part_2/preoperative_assessment_part_2.m3u8,,0,13837,377,Fundamentals / Perioperative Care
Fundamentals,Fundamentals,Postoperative Care,postoperative-care,45m 27s,1,Post-operative ASSESSMENT “PACU”,post-operative-assessment-pacu,16:02,962,https://members.simplenursing.com/wp-content/themes/simplenursing-app/images/videos/thumbnails/1.-Post-operative-ASSESSMENT-PACU-copy.webp,https://d1pumg6d5kr18o.cloudfront.net/new/post_operative_assessment_pacu/post_operative_assessment_pacu.m3u8,,0,11460,378,Fundamentals / Postoperative Care
Fundamentals,Fundamentals,Postoperative Care,postoperative-care,45m 27s,2,Abdominal Tubes ( JP Drain vs Pen Rose),abdominal-tubes-jp-drain-vs-pen-rose,1:50,110,https://members.simplenursing.com/wp-content/themes/simplenursing-app/images/videos/thumbnails/2.-Abdominal-Tubes-JP-Drain-vs-Pen-Rose-copy.webp,https://d1pumg6d5kr18o.cloudfront.net/new/abdominal_tubes_jp_drain_vs_pen_rose/abdominal_tubes_jp_drain_vs_pen_rose.m3u8,,0,11461,379,Fundamentals / Postoperative Care
Fundamentals,Fundamentals,Postoperative Care,postoperative-care,45m 27s,3,Abdominal Wound Dressing Change,abdominal-wound-dressing-change,8:09,489,https://members.simplenursing.com/wp-content/themes/simplenursing-app/images/videos/thumbnails/3.-Abdominal-Wound-Dressing-Change-copy.webp,https://d1pumg6d5kr18o.cloudfront.net/new/abdominal_wound_dressing_change/abdominal_wound_dressing_change.m3u8,,0,11848,380,Fundamentals / Postoperative Care
Fundamentals,Fundamentals,Postoperative Care,postoperative-care,45m 27s,4,Foley Catheter Insertion,foley-catheter-insertion,14:07,847,https://members.simplenursing.com/wp-content/themes/simplenursing-app/images/videos/thumbnails/4.-Foley-Catheter-Insertion-copy.webp,https://d1pumg6d5kr18o.cloudfront.net/new/foley_catheter_insertion/foley_catheter_insertion.m3u8,,0,11828,381,Fundamentals / Postoperative Care
Fundamentals,Fundamentals,Postoperative Care,postoperative-care,45m 27s,5,Foley D/C,foley-d-c,4:03,243,https://members.simplenursing.com/wp-content/themes/simplenursing-app/images/videos/thumbnails/5.-Foley-DC-copy.webp,https://d1pumg6d5kr18o.cloudfront.net/new/foley_d_c/foley_d_c.m3u8,,0,11464,382,Fundamentals / Postoperative Care
Fundamentals,Fundamentals,Postoperative Care,postoperative-care,45m 27s,6,In & Out Foley Catheter,in-out-foley-catheter,1:16,76,https://members.simplenursing.com/wp-content/themes/simplenursing-app/images/videos/thumbnails/6.-In-Out-Foley-Catheter-copy.webp,https://d1pumg6d5kr18o.cloudfront.net/new/in_038_out_foley_catheter/in_038_out_foley_catheter.m3u8,,0,11465,383,Fundamentals / Postoperative Care
Health Assessment,Health Assessment,Data Collection,health-assessment-data-collection,3h,1,Full Video - Data Collection,full-video-data-collection,1:30:19,5419,https://members.simplenursing.com/wp-content/themes/simplenursing-app/images/videos/thumbnails/Health-Assessment-Data-Collection.webp,https://d1pumg6d5kr18o.cloudfront.net/new/health/1_data_collection_01_full_video/part.m3u8,,0,19115,384,Health Assessment / Data Collection
Health Assessment,Health Assessment,Data Collection,health-assessment-data-collection,3h,2,Nursing Process: Data Collection,nursing-process-data-collection,20:11,1211,https://members.simplenursing.com/wp-content/themes/simplenursing-app/images/videos/thumbnails/Health-Assessment-Nursing-Process-Data-Collection.webp,https://d1pumg6d5kr18o.cloudfront.net/new/health/1_data_collection_02_nursing_process_data_collection/part.m3u8,,0,19116,385,Health Assessment / Data Collection
Health Assessment,Health Assessment,Data Collection,health-assessment-data-collection,3h,3,Health History Questions,health-history-questions,22:36,1356,https://members.simplenursing.com/wp-content/themes/simplenursing-app/images/videos/thumbnails/Health-Assessment-Health-History-Questions.webp,https://d1pumg6d5kr18o.cloudfront.net/new/health/1_data_collection_03_health_history_questions/part.m3u8,,0,19117,386,Health Assessment / Data Collection
Health Assessment,Health Assessment,Data Collection,health-assessment-data-collection,3h,4,Assessment Techniques,assessment-techniques,21:30,1290,https://members.simplenursing.com/wp-content/themes/simplenursing-app/images/videos/thumbnails/Health-Assessment-Assessment-Techniques.webp,https://d1pumg6d5kr18o.cloudfront.net/new/health/1_data_collection_04_assessment_techniques/part.m3u8,,0,19118,387,Health Assessment / Data Collection
Health Assessment,Health Assessment,Data Collection,health-assessment-data-collection,3h,5,Vital Signs Assessment,vital-signs-assessment,26:01,1561,https://members.simplenursing.com/wp-content/themes/simplenursing-app/images/videos/thumbnails/Health-Assessment-Vital-Signs-Assessment.webp,https://d1pumg6d5kr18o.cloudfront.net/new/health/1_data_collection_05_vital_signs_assessment/part.m3u8,,0,19119,388,Health Assessment / Data Collection
Health Assessment,Health Assessment,"Skin, Hair & Nails",health-assessment-skin-hair-nails,1h 44m,1,Full Video - Skin Hair Nails,full-video-skin-hair-nails,48:36,2916,https://members.simplenursing.com/wp-content/themes/simplenursing-app/images/videos/thumbnails/Health-Assessment-Skin-Hair-Nails.webp,https://d1pumg6d5kr18o.cloudfront.net/new/health/2_skin_hair_nails_01_full_video/part.m3u8,,0,19120,389,"Health Assessment / Skin, Hair & Nails"
Health Assessment,Health Assessment,"Skin, Hair & Nails",health-assessment-skin-hair-nails,1h 44m,2,Inspection 1st,inspection-1st,14:41,881,https://members.simplenursing.com/wp-content/themes/simplenursing-app/images/videos/thumbnails/Health-Assessment-Inspection-1st.webp,https://d1pumg6d5kr18o.cloudfront.net/new/health/2_skin_hair_nails_02_inspection_1st/part.m3u8,,0,19121,390,"Health Assessment / Skin, Hair & Nails"
Health Assessment,Health Assessment,"Skin, Hair & Nails",health-assessment-skin-hair-nails,1h 44m,3,Palpation 2nd,palpation-2nd,7:25,445,https://members.simplenursing.com/wp-content/themes/simplenursing-app/images/videos/thumbnails/Health-Assessment-Palpation-2nd.webp,https://d1pumg6d5kr18o.cloudfront.net/new/health/2_skin_hair_nails_03_palpation_2nd/part.m3u8,,0,19123,391,"Health Assessment / Skin, Hair & Nails"
Health Assessment,Health Assessment,"Skin, Hair & Nails",health-assessment-skin-hair-nails,1h 44m,4,Newborn Skin Assessment,newborn-skin-assessment,8:14,494,https://members.simplenursing.com/wp-content/themes/simplenursing-app/images/videos/thumbnails/4.-Newborn-Skin-Assessment-copy.webp,https://d1pumg6d5kr18o.cloudfront.net/new/health/2_skin_hair_nails_04_newborn_skin_assessment/part.m3u8,,0,19124,392,"Health Assessment / Skin, Hair & Nails"
Health Assessment,Health Assessment,"Skin, Hair & Nails",health-assessment-skin-hair-nails,1h 44m,5,Pregnancy Considerations,pregnancy-considerations,7:27,447,https://members.simplenursing.com/wp-content/themes/simplenursing-app/images/videos/thumbnails/Health-Assessment-Pregnancy-Considerations.webp,https://d1pumg6d5kr18o.cloudfront.net/new/health/2_skin_hair_nails_05_pregnancy_considerations/part.m3u8,,0,19125,393,"Health Assessment / Skin, Hair & Nails"
Health Assessment,Health Assessment,"Skin, Hair & Nails",health-assessment-skin-hair-nails,1h 44m,6,Skin Cancer,skin-cancer-2,7:25,445,https://members.simplenursing.com/wp-content/themes/simplenursing-app/images/videos/thumbnails/6.-Skin-Cancer-copy.webp,https://d1pumg6d5kr18o.cloudfront.net/new/health/2_skin_hair_nails_03_palpation_2nd/part.m3u8,,0,19126,394,"Health Assessment / Skin, Hair & Nails"
Health Assessment,Health Assessment,"Skin, Hair & Nails",health-assessment-skin-hair-nails,1h 44m,7,Key Terms for Exams,key-terms-for-exams,10:24,624,https://members.simplenursing.com/wp-content/themes/simplenursing-app/images/videos/thumbnails/7.-Key-Terms-for-Exams-copy.webp,https://d1pumg6d5kr18o.cloudfront.net/new/fundamentals/11_o2_devices_5_key_terms_for_exams/part.m3u8,,0,18784,395,"Health Assessment / Skin, Hair & Nails"
Health Assessment,Health Assessment,Head & Neck,health-assessment-head-neck,3h 6m,1,Full Video - Head & Neck,full-video-head-neck,1:33:41,5621,https://members.simplenursing.com/wp-content/themes/simplenursing-app/images/videos/thumbnails/1.-Full-Video-Head-Neck-copy.webp,https://d1pumg6d5kr18o.cloudfront.net/new/health/3_head_neck_01_full_video/part.m3u8,,0,19128,396,Health Assessment / Head & Neck
Health Assessment,Health Assessment,Head & Neck,health-assessment-head-neck,3h 6m,2,Head & Neck,head-neck,6:21,381,https://members.simplenursing.com/wp-content/themes/simplenursing-app/images/videos/thumbnails/2.-Head-Neck-copy.webp,https://d1pumg6d5kr18o.cloudfront.net/new/health/3_head_neck_02_head_neck/part.m3u8,,0,19129,397,Health Assessment / Head & Neck
Health Assessment,Health Assessment,Head & Neck,health-assessment-head-neck,3h 6m,3,Lymph Node,lymph-node,8:51,531,https://members.simplenursing.com/wp-content/themes/simplenursing-app/images/videos/thumbnails/3.-Lymph-Node-copy.webp,https://d1pumg6d5kr18o.cloudfront.net/new/health/3_head_neck_03_lymph_node/part.m3u8,,0,19130,398,Health Assessment / Head & Neck
Health Assessment,Health Assessment,Head & Neck,health-assessment-head-neck,3h 6m,4,Thyroid Gland,thyroid-gland,7:44,464,https://members.simplenursing.com/wp-content/themes/simplenursing-app/images/videos/thumbnails/4.-Thyroid-Gland-copy.webp,https://d1pumg6d5kr18o.cloudfront.net/new/health/3_head_neck_04_thyroid_gland/part.m3u8,,0,19131,399,Health Assessment / Head & Neck
Health Assessment,Health Assessment,Head & Neck,health-assessment-head-neck,3h 6m,5,12 Cranial Nerves,12-cranial-nerves,2:46,166,https://members.simplenursing.com/wp-content/themes/simplenursing-app/images/videos/thumbnails/5.-12-Cranial-Nerves-copy.webp,https://d1pumg6d5kr18o.cloudfront.net/new/health/3_head_neck_05_12_cranial_nerves/part.m3u8,,0,19132,400,Health Assessment / Head & Neck
Health Assessment,Health Assessment,Head & Neck,health-assessment-head-neck,3h 6m,6,Peds & Pregnancy,peds-pregnancy,4:33,273,https://members.simplenursing.com/wp-content/themes/simplenursing-app/images/videos/thumbnails/6.-Peds-Pregnancy-copy.webp,https://d1pumg6d5kr18o.cloudfront.net/new/health/3_head_neck_06_peds_pregnancy/part.m3u8,,0,19133,401,Health Assessment / Head & Neck
Health Assessment,Health Assessment,Head & Neck,health-assessment-head-neck,3h 6m,7,Elderly Population,elderly-population,2:19,139,https://members.simplenursing.com/wp-content/themes/simplenursing-app/images/videos/thumbnails/7.-Elderly-Population-copy.webp,https://d1pumg6d5kr18o.cloudfront.net/new/health/3_head_neck_07_elderly_population/part.m3u8,,0,19134,402,Health Assessment / Head & Neck
Health Assessment,Health Assessment,Head & Neck,health-assessment-head-neck,3h 6m,8,Eye Assessment,eye-assessment,23:46,1426,https://members.simplenursing.com/wp-content/themes/simplenursing-app/images/videos/thumbnails/8.-Eye-Assessment-copy.webp,https://d1pumg6d5kr18o.cloudfront.net/new/health/3_head_neck_08_eye_assessment/part.m3u8,,0,19135,403,Health Assessment / Head & Neck
Health Assessment,Health Assessment,Head & Neck,health-assessment-head-neck,3h 6m,9,Ear Assessment,ear-assessment,16:43,1003,https://members.simplenursing.com/wp-content/themes/simplenursing-app/images/videos/thumbnails/9.-Ear-Assessment-copy.webp,https://d1pumg6d5kr18o.cloudfront.net/new/health/3_head_neck_09_ear_assessment/part.m3u8,,0,19136,404,Health Assessment / Head & Neck
Health Assessment,Health Assessment,Head & Neck,health-assessment-head-neck,3h 6m,10,Nose & Sinus Assessment,nose-sinus-assessment,5:52,352,https://members.simplenursing.com/wp-content/themes/simplenursing-app/images/videos/thumbnails/10.-Nose-Sinus-Assessment-copy.webp,https://d1pumg6d5kr18o.cloudfront.net/new/health/3_head_neck_10_nose_sinus_assessment/part.m3u8,,0,19137,405,Health Assessment / Head & Neck
Health Assessment,Health Assessment,Head & Neck,health-assessment-head-neck,3h 6m,11,Mouth & Throat Assessment,mouth-throat-assessment,14:22,862,https://members.simplenursing.com/wp-content/themes/simplenursing-app/images/videos/thumbnails/11.-Mouth-Throat-Assessment-copy.webp,https://d1pumg6d5kr18o.cloudfront.net/new/health/3_head_neck_11_mouth_throat_assessment/part.m3u8,,0,19138,406,Health Assessment / Head & Neck
Health Assessment,Health Assessment,Respiratory,health-assessment-respiratory,3h 6m,1,Full Video - Respiratory,full-video-respiratory,1:34:18,5658,https://members.simplenursing.com/wp-content/themes/simplenursing-app/images/videos/thumbnails/1.-Full-Video-Respiratory-copy.webp,https://d1pumg6d5kr18o.cloudfront.net/new/health/4_respiratory_01_full_video/part.m3u8,,0,19139,407,Health Assessment / Respiratory
Health Assessment,Health Assessment,Respiratory,health-assessment-respiratory,3h 6m,2,Anatomy & Physiology of Breathing,anatomy-physiology-muscle-breathing,6:04,364,https://members.simplenursing.com/wp-content/themes/simplenursing-app/images/videos/thumbnails/2.-Anatomy-Physiology-of-Breathing-copy.webp,https://d1pumg6d5kr18o.cloudfront.net/new/fundamentals/11_o2_devices_4_anatomy_physiologybreathing/part.m3u8,,0,11941,408,Health Assessment / Respiratory
Health Assessment,Health Assessment,Respiratory,health-assessment-respiratory,3h 6m,3,Lung Sound Locations,lung-sound-locations,3:36,216,https://members.simplenursing.com/wp-content/themes/simplenursing-app/images/videos/thumbnails/3.-Lung-Sound-Locations-copy.webp,https://d1pumg6d5kr18o.cloudfront.net/new/health/4_respiratory_03_lung_sound_locations/part.m3u8,,0,19141,409,Health Assessment / Respiratory
Health Assessment,Health Assessment,Respiratory,health-assessment-respiratory,3h 6m,4,Inspection,inspection,7:59,479,https://members.simplenursing.com/wp-content/themes/simplenursing-app/images/videos/thumbnails/4.-Inspection-copy.webp,https://d1pumg6d5kr18o.cloudfront.net/new/health/4_respiratory_04_inspection/part.m3u8,,0,19142,410,Health Assessment / Respiratory
Health Assessment,Health Assessment,Respiratory,health-assessment-respiratory,3h 6m,5,Palpation,palpation,6:56,416,https://members.simplenursing.com/wp-content/themes/simplenursing-app/images/videos/thumbnails/5.-Palpation-copy.webp,https://d1pumg6d5kr18o.cloudfront.net/new/health/4_respiratory_05_palpation_2/part.m3u8,,0,19143,411,Health Assessment / Respiratory
Health Assessment,Health Assessment,Respiratory,health-assessment-respiratory,3h 6m,6,Auscultation,auscultation,5:34,334,https://members.simplenursing.com/wp-content/themes/simplenursing-app/images/videos/thumbnails/6.-Auscultation-copy.webp,https://d1pumg6d5kr18o.cloudfront.net/new/health/4_respiratory_06_auscultation/part.m3u8,,0,19144,412,Health Assessment / Respiratory
Health Assessment,Health Assessment,Respiratory,health-assessment-respiratory,3h 6m,7,Abnormal Lung Sounds,abnormal-lung-sounds,15:20,920,https://members.simplenursing.com/wp-content/themes/simplenursing-app/images/videos/thumbnails//1.-Abnormal-Lung-Sounds-copy.webp,https://d1pumg6d5kr18o.cloudfront.net/new/1_abnormal_lung_sounds/1_abnormal_lung_sounds.m3u8,,0,16573,413,Health Assessment / Respiratory
Health Assessment,Health Assessment,Respiratory,health-assessment-respiratory,3h 6m,8,Sputum Colors,sputum-colors,3:23,203,https://members.simplenursing.com/wp-content/themes/simplenursing-app/images/videos/thumbnails/8.-Sputum-Colors-copy.webp,https://d1pumg6d5kr18o.cloudfront.net/new/health/4_respiratory_08_sputum_colors/part.m3u8,,0,19146,414,Health Assessment / Respiratory
Health Assessment,Health Assessment,Respiratory,health-assessment-respiratory,3h 6m,9,Hypoxia & Resp. Distress,hypoxia-resp-distress,5:09,309,https://members.simplenursing.com/wp-content/themes/simplenursing-app/images/videos/thumbnails/9.-Hypoxia-Resp.-Distress-copy.webp,https://d1pumg6d5kr18o.cloudfront.net/new/health/4_respiratory_09_hypoxia_resp_distress/part.m3u8,,0,19147,415,Health Assessment / Respiratory
Health Assessment,Health Assessment,Respiratory,health-assessment-respiratory,3h 6m,10,Top Tested Conditions,top-tested-conditions,31:36,1896,https://members.simplenursing.com/wp-content/themes/simplenursing-app/images/videos/thumbnails/10.-Top-Tested-Conditions-copy.webp,https://d1pumg6d5kr18o.cloudfront.net/new/health/4_respiratory_10_top_tested_conditions_mov/part.m3u8,,0,19148,416,Health Assessment / Respiratory
Health Assessment,Health Assessment,Respiratory,health-assessment-respiratory,3h 6m,11,"Infants, Mothers & Elderly",infants-mothers-elderly-respiratory,6:27,387,https://members.simplenursing.com/wp-content/themes/simplenursing-app/images/videos/thumbnails/11.-Infants-Mothers-Elderly-copy.webp,"https://d1pumg6d5kr18o.cloudfront.net/new/health/4_respiratory_11_infants,_mothers_elderly/part.m3u8",,0,19164,417,Health Assessment / Respiratory
Health Assessment,Health Assessment,Cardiac,health-assessment-cardiac,1h 22m,1,Full Video - Cardiac,full-video-cardiac,41:59,2519,https://members.simplenursing.com/wp-content/themes/simplenursing-app/images/videos/thumbnails/1.-Full-Video-Cardiac-copy.webp,https://d1pumg6d5kr18o.cloudfront.net/new/health/5_cardiac_01_full_video/part.m3u8,,0,19150,418,Health Assessment / Cardiac
Health Assessment,Health Assessment,Cardiac,health-assessment-cardiac,1h 22m,2,Key Terms & Labs,key-terms-labs,11:46,706,https://members.simplenursing.com/wp-content/themes/simplenursing-app/images/videos/thumbnails/2.-Key-Terms-Labs-copy.webp,https://d1pumg6d5kr18o.cloudfront.net/new/health/5_cardiac_02_key_terms_labs/part.m3u8,,0,19215,419,Health Assessment / Cardiac
Health Assessment,Health Assessment,Cardiac,health-assessment-cardiac,1h 22m,3,Heart Sounds Lub & Dub,heart-sounds-lub-dub,4:22,262,https://members.simplenursing.com/wp-content/themes/simplenursing-app/images/videos/thumbnails/3.-Heart-Sounds-Lub-Dub-copy.webp,https://d1pumg6d5kr18o.cloudfront.net/new/health/5_cardiac_03_heart_sounds_lub_dub/part.m3u8,,0,19216,420,Health Assessment / Cardiac
Health Assessment,Health Assessment,Cardiac,health-assessment-cardiac,1h 22m,4,Objective Physical Exam,objective-physical-exam,0:58,58,https://members.simplenursing.com/wp-content/themes/simplenursing-app/images/videos/thumbnails/4.-Objective-Physical-Exam-copy.webp,https://d1pumg6d5kr18o.cloudfront.net/new/health/9_musculoskeletal_02_objective_physical_exam/part.m3u8,,0,19192,421,Health Assessment / Cardiac
Health Assessment,Health Assessment,Cardiac,health-assessment-cardiac,1h 22m,5,Heart Sound Locations & Murmurs,heart-sound-locations-murmurs,6:49,409,https://members.simplenursing.com/wp-content/themes/simplenursing-app/images/videos/thumbnails/5.-Heart-Sound-Locations-Murmurs-copy.webp,https://d1pumg6d5kr18o.cloudfront.net/new/health/5_cardiac_05_heart_sound_locations_murmurs/part.m3u8,,0,19218,422,Health Assessment / Cardiac
Health Assessment,Health Assessment,Cardiac,health-assessment-cardiac,1h 22m,6,Heart Failure Assessment,heart-failure-assessment,4:53,293,https://members.simplenursing.com/wp-content/themes/simplenursing-app/images/videos/thumbnails/6.-Heart-Failure-Assessment-copy.webp,https://d1pumg6d5kr18o.cloudfront.net/new/health/5_cardiac_06_heart_failure_assessment/part.m3u8,,0,19219,423,Health Assessment / Cardiac
Health Assessment,Health Assessment,Cardiac,health-assessment-cardiac,1h 22m,7,Pericardial Friction Rub,pericardial-friction-rub,1:34,94,https://members.simplenursing.com/wp-content/themes/simplenursing-app/images/videos/thumbnails/7.-Pericardial-Friction-Rub-copy.webp,https://d1pumg6d5kr18o.cloudfront.net/new/health/5_cardiac_07_pericardial_friction_rub/part.m3u8,,0,19220,424,Health Assessment / Cardiac
Health Assessment,Health Assessment,Cardiac,health-assessment-cardiac,1h 22m,8,Cor Pulmonale,cor-pulmonale,2:53,173,https://members.simplenursing.com/wp-content/themes/simplenursing-app/images/videos/thumbnails/8.-Cor-Pulmonale-copy.webp,https://d1pumg6d5kr18o.cloudfront.net/new/health/5_cardiac_08_cor_pulmonale/part.m3u8,,0,19221,425,Health Assessment / Cardiac
Health Assessment,Health Assessment,Cardiac,health-assessment-cardiac,1h 22m,9,"Infants, Mothers & Elderly",infants-mothers-elderly-cardiac,7:03,423,https://members.simplenursing.com/wp-content/themes/simplenursing-app/images/videos/thumbnails/9.-Infants-Mothers-Elderly-copy.webp,"https://d1pumg6d5kr18o.cloudfront.net/new/health/5_cardiac_09_infants,_mothers_elderly/part.m3u8",,0,19149,426,Health Assessment / Cardiac
Health Assessment,Health Assessment,Abdomen,health-assessment-abdomen,2h 53m,1,Full Video - Abdomen,full-video-abdomen,1:27:24,5244,https://members.simplenursing.com/wp-content/themes/simplenursing-app/images/videos/thumbnails/1.-Full-Video-Abdomen-copy.webp,https://d1pumg6d5kr18o.cloudfront.net/new/health/6_abdomen_01_full_video/part.m3u8,,0,19151,427,Health Assessment / Abdomen
Health Assessment,Health Assessment,Abdomen,health-assessment-abdomen,2h 53m,2,Liver Song & Function,liver-song-function,9:35,575,https://members.simplenursing.com/wp-content/themes/simplenursing-app/images/videos/thumbnails/2.-Liver-Song-Function-copy.webp,https://d1pumg6d5kr18o.cloudfront.net/new/health/6_abdomen_02_liver_song_function/part.m3u8,,0,19152,428,Health Assessment / Abdomen
Health Assessment,Health Assessment,Abdomen,health-assessment-abdomen,2h 53m,3,Organs in the Abdomen,organs-in-the-abdomen,3:54,234,https://members.simplenursing.com/wp-content/themes/simplenursing-app/images/videos/thumbnails/3.-Organs-in-the-Abdomen-copy.webp,https://d1pumg6d5kr18o.cloudfront.net/new/health/6_abdomen_03_organs_in_the_abdomen/part.m3u8,,0,19153,429,Health Assessment / Abdomen
Health Assessment,Health Assessment,Abdomen,health-assessment-abdomen,2h 53m,4,Physical Exam,physical-exam,19:46,1186,https://members.simplenursing.com/wp-content/themes/simplenursing-app/images/videos/thumbnails/4.-Physical-Exam-copy.webp,https://d1pumg6d5kr18o.cloudfront.net/new/health/6_abdomen_04_physical_exam/part.m3u8,,0,19154,430,Health Assessment / Abdomen
Health Assessment,Health Assessment,Abdomen,health-assessment-abdomen,2h 53m,5,Peritonitis,peritonitis-abdomen,3:49,229,https://members.simplenursing.com/wp-content/themes/simplenursing-app/images/videos/thumbnails/5.-Peritonitis-copy.webp,https://d1pumg6d5kr18o.cloudfront.net/new/health/6_abdomen_05_peritonitis/part.m3u8,,0,19155,431,Health Assessment / Abdomen
Health Assessment,Health Assessment,Abdomen,health-assessment-abdomen,2h 53m,6,Ascites,ascites,4:09,249,https://members.simplenursing.com/wp-content/themes/simplenursing-app/images/videos/thumbnails/6.-Ascites-copy.webp,https://d1pumg6d5kr18o.cloudfront.net/new/health/6_abdomen_06_ascites/part.m3u8,,0,19156,432,Health Assessment / Abdomen
Health Assessment,Health Assessment,Abdomen,health-assessment-abdomen,2h 53m,7,Appendicitis,appendicitis-abdomen,4:02,242,https://members.simplenursing.com/wp-content/themes/simplenursing-app/images/videos/thumbnails/7.-Appendicitis-copy.webp,https://d1pumg6d5kr18o.cloudfront.net/new/health/6_abdomen_07_appendicitis/part.m3u8,,0,19157,433,Health Assessment / Abdomen
Health Assessment,Health Assessment,Abdomen,health-assessment-abdomen,2h 53m,8,GI Bleed,gi-bleed-abdomen,7:35,455,https://members.simplenursing.com/wp-content/themes/simplenursing-app/images/videos/thumbnails/8.-GI-Bleed-copy.webp,https://d1pumg6d5kr18o.cloudfront.net/new/health/6_abdomen_08_gi_bleed/part.m3u8,,0,19159,434,Health Assessment / Abdomen
Health Assessment,Health Assessment,Abdomen,health-assessment-abdomen,2h 53m,9,Diverticulitis vs. Diverticulosis,diverticulitis-vs-diverticulosis-abdomen,6:04,364,https://members.simplenursing.com/wp-content/themes/simplenursing-app/images/videos/thumbnails/9.-Diverticulitis-vs.-Diverticulosis-copy.webp,https://d1pumg6d5kr18o.cloudfront.net/new/health/6_abdomen_09_diverticulitis_vs_diverticulosis/part.m3u8,,0,19160,435,Health Assessment / Abdomen
Health Assessment,Health Assessment,Abdomen,health-assessment-abdomen,2h 53m,10,Cholecystitis,cholecystitis,5:19,319,https://members.simplenursing.com/wp-content/themes/simplenursing-app/images/videos/thumbnails/1.-Cholecystitis-copy.webp,https://d1pumg6d5kr18o.cloudfront.net/new/gi_liver_liver_gallbladder_3_cholecystitis/gi_liver_liver_gallbladder_3_cholecystitis.m3u8,,0,16889,436,Health Assessment / Abdomen
Health Assessment,Health Assessment,Abdomen,health-assessment-abdomen,2h 53m,11,IBS,ibs,2:44,164,https://members.simplenursing.com/wp-content/themes/simplenursing-app/images/videos/thumbnails/11.-IBS-copy.webp,https://d1pumg6d5kr18o.cloudfront.net/new/health/6_abdomen_11_ibs/part.m3u8,,0,19162,437,Health Assessment / Abdomen
Health Assessment,Health Assessment,Abdomen,health-assessment-abdomen,2h 53m,12,Emesis & Stool Assessment,emesis-stool-assessment,10:31,631,https://members.simplenursing.com/wp-content/themes/simplenursing-app/images/videos/thumbnails/12.-Emesis-Stool-Assessment-copy.webp,https://d1pumg6d5kr18o.cloudfront.net/new/health/6_abdomen_12_emesis_stool_assessment/part.m3u8,,0,19163,438,Health Assessment / Abdomen
Health Assessment,Health Assessment,Abdomen,health-assessment-abdomen,2h 53m,13,"Infants, Mothers & Elderly",infants-mothers-elderly-abdomen,8:38,518,https://members.simplenursing.com/wp-content/themes/simplenursing-app/images/videos/thumbnails/13.-Infants-Mothers-Elderly-copy.webp,"https://d1pumg6d5kr18o.cloudfront.net/new/health/6_abdomen_13_infants,_mothers_elderly/part.m3u8",,0,19228,439,Health Assessment / Abdomen
Health Assessment,Health Assessment,Peripheral Vascular,health-assessment-peripheral-vascular,1h 28m,1,Full Video - Peripheral Vascular,full-video-peripheral-vascular,44:00,2640,https://members.simplenursing.com/wp-content/themes/simplenursing-app/images/videos/thumbnails/1.-Full-Video-Peripheral-Vascular-copy.webp,https://d1pumg6d5kr18o.cloudfront.net/new/health/7_peripheral_vascular_01_full_video/part.m3u8,,0,19165,440,Health Assessment / Peripheral Vascular
Health Assessment,Health Assessment,Peripheral Vascular,health-assessment-peripheral-vascular,1h 28m,2,Blood Vessel A&P,blood-vessel-ap,6:22,382,https://members.simplenursing.com/wp-content/themes/simplenursing-app/images/videos/thumbnails/2.-Blood-Vessel-AP-copy.webp,https://d1pumg6d5kr18o.cloudfront.net/new/health/7_peripheral_vascular_02_blood_vessel_a_p/part.m3u8,,0,19166,441,Health Assessment / Peripheral Vascular
Health Assessment,Health Assessment,Peripheral Vascular,health-assessment-peripheral-vascular,1h 28m,3,Pulse Locations,pulse-locations-peripheral-vascular,12:26,746,https://members.simplenursing.com/wp-content/themes/simplenursing-app/images/videos/thumbnails/3.-Pulse-Locations-copy.webp,https://d1pumg6d5kr18o.cloudfront.net/new/health/7_peripheral_vascular_03_pulse_locations/part.m3u8,,0,19167,442,Health Assessment / Peripheral Vascular
Health Assessment,Health Assessment,Peripheral Vascular,health-assessment-peripheral-vascular,1h 28m,4,Capillary Refill,capillary-refill,0:43,43,https://members.simplenursing.com/wp-content/themes/simplenursing-app/images/videos/thumbnails/4.-Capillary-Refill-copy.webp,https://d1pumg6d5kr18o.cloudfront.net/new/health/7_peripheral_vascular_04_capillary_refill/part.m3u8,,0,19168,443,Health Assessment / Peripheral Vascular
Health Assessment,Health Assessment,Peripheral Vascular,health-assessment-peripheral-vascular,1h 28m,5,Allen Test,allen-test,2:16,136,https://members.simplenursing.com/wp-content/themes/simplenursing-app/images/videos/thumbnails/5.-Allen-Test-copy.webp,https://d1pumg6d5kr18o.cloudfront.net/new/health/7_peripheral_vascular_05_allen_test/part.m3u8,,0,19169,444,Health Assessment / Peripheral Vascular
Health Assessment,Health Assessment,Peripheral Vascular,health-assessment-peripheral-vascular,1h 28m,6,Arterial Problems,arterial-problems,8:09,489,https://members.simplenursing.com/wp-content/themes/simplenursing-app/images/videos/thumbnails/6.-Arterial-Problems-copy.webp,https://d1pumg6d5kr18o.cloudfront.net/new/health/7_peripheral_vascular_06_arterial_problems/part.m3u8,,0,19170,445,Health Assessment / Peripheral Vascular
Health Assessment,Health Assessment,Peripheral Vascular,health-assessment-peripheral-vascular,1h 28m,7,PVD vs. PAD,pvd-vs-pad-abdomen,7:16,436,https://members.simplenursing.com/wp-content/themes/simplenursing-app/images/videos/thumbnails/7.-PVD-vs.-PAD-copy.webp,https://d1pumg6d5kr18o.cloudfront.net/new/health/7_peripheral_vascular_07_pvd_vs_pad/part.m3u8,,0,19171,446,Health Assessment / Peripheral Vascular
Health Assessment,Health Assessment,Peripheral Vascular,health-assessment-peripheral-vascular,1h 28m,8,Lymph Assessment,lymph-assessment,3:35,215,https://members.simplenursing.com/wp-content/themes/simplenursing-app/images/videos/thumbnails/8.-Lymph-Assessment-copy.webp,https://d1pumg6d5kr18o.cloudfront.net/new/health/7_peripheral_vascular_08_lymph_assessment/part.m3u8,,0,19172,447,Health Assessment / Peripheral Vascular
Health Assessment,Health Assessment,Peripheral Vascular,health-assessment-peripheral-vascular,1h 28m,9,Pregnant & Elderly Clients,pregnant-elderly-clients,3:13,193,https://members.simplenursing.com/wp-content/themes/simplenursing-app/images/videos/thumbnails/9.-Pregnant-Elderly-Clients-copy.webp,https://d1pumg6d5kr18o.cloudfront.net/new/health/7_peripheral_vascular_09_pregnant_elderly_clients/part.m3u8,,0,19173,448,Health Assessment / Peripheral Vascular
Health Assessment,Health Assessment,Neurological,health-assessment-neurological,1h 59m,1,Full Video - Neurological,full-video-neurological,1:00:24,3624,https://members.simplenursing.com/wp-content/themes/simplenursing-app/images/videos/thumbnails/1.-Full-Video-Neurological-copy.webp,https://d1pumg6d5kr18o.cloudfront.net/new/health/8_neurological_01_full_video_v2/part.m3u8,,0,19175,449,Health Assessment / Neurological
Health Assessment,Health Assessment,Neurological,health-assessment-neurological,1h 59m,2,Neuro A&P,neuro-ap,0:51,51,https://members.simplenursing.com/wp-content/themes/simplenursing-app/images/videos/thumbnails/2.-Neuro-AP-copy.webp,https://d1pumg6d5kr18o.cloudfront.net/new/health/8_neurological_02_neuro_a_p/part.m3u8,,0,19176,450,Health Assessment / Neurological
Health Assessment,Health Assessment,Neurological,health-assessment-neurological,1h 59m,3,Objective Assessment,objective-assessment,4:48,288,https://members.simplenursing.com/wp-content/themes/simplenursing-app/images/videos/thumbnails/3.-Objective-Assessment-copy.webp,https://d1pumg6d5kr18o.cloudfront.net/new/health/8_neurological_03_objective_assessment/part.m3u8,,0,19179,451,Health Assessment / Neurological
Health Assessment,Health Assessment,Neurological,health-assessment-neurological,1h 59m,4,GCS Assessment,gcs-assessment,1:06,66,https://members.simplenursing.com/wp-content/themes/simplenursing-app/images/videos/thumbnails/4.-GCS-Assessment-copy.webp,https://d1pumg6d5kr18o.cloudfront.net/new/health/8_neurological_04_gcs_assessment/part.m3u8,,0,19180,452,Health Assessment / Neurological
Health Assessment,Health Assessment,Neurological,health-assessment-neurological,1h 59m,5,Cranial Nerve Assessment,cranial-nerve-assessment,13:44,824,https://members.simplenursing.com/wp-content/themes/simplenursing-app/images/videos/thumbnails/5.-Cranial-Nerve-Assessment-copy.webp,https://d1pumg6d5kr18o.cloudfront.net/new/health/8_neurological_05_cranial_nerve_assessment/part.m3u8,,0,19181,453,Health Assessment / Neurological
Health Assessment,Health Assessment,Neurological,health-assessment-neurological,1h 59m,6,DTR: Deep Tendon Reflexes,dtr-deep-tendon-reflexes,7:02,422,https://members.simplenursing.com/wp-content/themes/simplenursing-app/images/videos/thumbnails/6.-DTR-Deep-Tendon-Reflexes-copy.webp,https://d1pumg6d5kr18o.cloudfront.net/new/health/8_neurological_06_deep_tendon_reflexes/part.m3u8,,0,19182,454,Health Assessment / Neurological
Health Assessment,Health Assessment,Neurological,health-assessment-neurological,1h 59m,7,Tactile Assessment,tactile-assessment,3:53,233,https://members.simplenursing.com/wp-content/themes/simplenursing-app/images/videos/thumbnails/7.-Tactile-Assessment-copy.webp,https://d1pumg6d5kr18o.cloudfront.net/new/health/8_neurological_07_tactile_assessment/part.m3u8,,0,19183,455,Health Assessment / Neurological
Health Assessment,Health Assessment,Neurological,health-assessment-neurological,1h 59m,8,Cerebellum Tests (Balance),cerebellum-tests-balance,4:44,284,https://members.simplenursing.com/wp-content/themes/simplenursing-app/images/videos/thumbnails/8.-Cerebellum-Tests-Balance-copy.webp,https://d1pumg6d5kr18o.cloudfront.net/new/health/8_neurological_08_cerebellum_tests_balance_v2/part.m3u8,,0,19184,456,Health Assessment / Neurological
Health Assessment,Health Assessment,Neurological,health-assessment-neurological,1h 59m,9,Meningitis Assessments,meningitis-assessments,4:50,290,https://members.simplenursing.com/wp-content/themes/simplenursing-app/images/videos/thumbnails/9.-Meningitis-Assessments-copy.webp,https://d1pumg6d5kr18o.cloudfront.net/new/health/8_neurological_09_meningitis_assessments/part.m3u8,,0,19185,457,Health Assessment / Neurological
Health Assessment,Health Assessment,Neurological,health-assessment-neurological,1h 59m,10,Stroke CVA,stroke-cva-neurological,6:46,406,https://members.simplenursing.com/wp-content/themes/simplenursing-app/images/videos/thumbnails/10.-Stroke-CVA-copy.webp,https://d1pumg6d5kr18o.cloudfront.net/new/health/8_neurological_10_stroke_cva/part.m3u8,,0,19186,458,Health Assessment / Neurological
Health Assessment,Health Assessment,Neurological,health-assessment-neurological,1h 59m,11,Increased ICP,increased-icp-neurological,7:41,461,https://members.simplenursing.com/wp-content/themes/simplenursing-app/images/videos/thumbnails/11.-Increased-ICP-copy.webp,https://d1pumg6d5kr18o.cloudfront.net/new/health/8_neurological_11_increased_icp/part.m3u8,,0,19187,459,Health Assessment / Neurological
Health Assessment,Health Assessment,Neurological,health-assessment-neurological,1h 59m,12,Pregnant & Elderly Clients,pregnant-elderly-clients-neurological,3:52,232,https://members.simplenursing.com/wp-content/themes/simplenursing-app/images/videos/thumbnails/12.-Pregnant-Elderly-Clients-copy.webp,https://d1pumg6d5kr18o.cloudfront.net/new/health/8_neurological_12_pregnant_elderly_clients/part.m3u8,,0,19188,460,Health Assessment / Neurological
Health Assessment,Health Assessment,Musculoskeletal,health-assessment-musculoskeletal,55m 17s,1,Full Video - Musculoskeletal,full-video-musculoskeletal,27:39,1659,https://members.simplenursing.com/wp-content/themes/simplenursing-app/images/videos/thumbnails/1.-Full-Video-Musculoskeletal-copy.webp,https://d1pumg6d5kr18o.cloudfront.net/new/health/9_musculoskeletal_01_video_full/part.m3u8,,0,19191,461,Health Assessment / Musculoskeletal
Health Assessment,Health Assessment,Musculoskeletal,health-assessment-musculoskeletal,55m 17s,2,Objective Physical Exam,objective-physical-exam,0:58,58,https://members.simplenursing.com/wp-content/themes/simplenursing-app/images/videos/thumbnails/4.-Objective-Physical-Exam-copy.webp,https://d1pumg6d5kr18o.cloudfront.net/new/health/9_musculoskeletal_02_objective_physical_exam/part.m3u8,,0,19192,462,Health Assessment / Musculoskeletal
Health Assessment,Health Assessment,Musculoskeletal,health-assessment-musculoskeletal,55m 17s,3,Knee Exam,knee-exam,3:12,192,https://members.simplenursing.com/wp-content/themes/simplenursing-app/images/videos/thumbnails/3.-Knee-Exam-copy.webp,https://d1pumg6d5kr18o.cloudfront.net/new/health/9_musculoskeletal_03_knee_exam/part.m3u8,,0,19194,463,Health Assessment / Musculoskeletal
Health Assessment,Health Assessment,Musculoskeletal,health-assessment-musculoskeletal,55m 17s,4,Spine Exam,spine-exam,5:09,309,https://members.simplenursing.com/wp-content/themes/simplenursing-app/images/videos/thumbnails/4.-Spine-Exam-copy.webp,https://d1pumg6d5kr18o.cloudfront.net/new/health/9_musculoskeletal_04_spine_exam/part.m3u8,,0,19195,464,Health Assessment / Musculoskeletal
Health Assessment,Health Assessment,Musculoskeletal,health-assessment-musculoskeletal,55m 17s,5,Wrist Exam (Carpal Tunnel),wrist-exam-carpal-tunnel,2:20,140,https://members.simplenursing.com/wp-content/themes/simplenursing-app/images/videos/thumbnails/5.-Wrist-Exam-Carpal-Tunnel-copy.webp,https://d1pumg6d5kr18o.cloudfront.net/new/health/9_musculoskeletal_05_wrist_exam_carpal_tunnel/part.m3u8,,0,19196,465,Health Assessment / Musculoskeletal
Health Assessment,Health Assessment,Musculoskeletal,health-assessment-musculoskeletal,55m 17s,6,Neck ROM & Motor Function,neck-rom-motor-function,2:26,146,https://members.simplenursing.com/wp-content/themes/simplenursing-app/images/videos/thumbnails/6.-Neck-ROM-Motor-Function-copy.webp,https://d1pumg6d5kr18o.cloudfront.net/new/health/9_musculoskeletal_06_neck_rom_motor_function/part.m3u8,,0,19197,466,Health Assessment / Musculoskeletal
Health Assessment,Health Assessment,Musculoskeletal,health-assessment-musculoskeletal,55m 17s,7,Upper Extremities ROM & Motor Function,upper-extremities-rom-motor-function,8:10,490,https://members.simplenursing.com/wp-content/themes/simplenursing-app/images/videos/thumbnails/7.-Upper-Extremities-ROM-Motor-Function-copy.webp,https://d1pumg6d5kr18o.cloudfront.net/new/health/9_musculoskeletal_07_upper_extremities_rom_motor_function/part.m3u8,,0,19198,467,Health Assessment / Musculoskeletal
Health Assessment,Health Assessment,Musculoskeletal,health-assessment-musculoskeletal,55m 17s,8,Spine ROM (Range of Motion),spine-rom-range-of-motion,1:22,82,https://members.simplenursing.com/wp-content/themes/simplenursing-app/images/videos/thumbnails/8.-Spine-ROM-Range-of-Motion-copy.webp,https://d1pumg6d5kr18o.cloudfront.net/new/health/9_musculoskeletal_08_spine_rom_range_of_motion/part.m3u8,,0,19199,468,Health Assessment / Musculoskeletal
Health Assessment,Health Assessment,Musculoskeletal,health-assessment-musculoskeletal,55m 17s,9,Lower Extremities ROM & Motor Function,lower-extremities-rom-motor-function,4:01,241,https://members.simplenursing.com/wp-content/themes/simplenursing-app/images/videos/thumbnails/9.-Lower-Extremities-ROM-Motor-Function-copy.webp,https://d1pumg6d5kr18o.cloudfront.net/new/health/9_musculoskeletal_09_lower_extremities_rom_motor_function/part.m3u8,,0,19200,469,Health Assessment / Musculoskeletal
Health Assessment,Health Assessment,Reproductive,health-assessment-reproductive,3h 25m,1,Full Video - Reproductive,full-video-reproductive,1:38:39,5919,https://members.simplenursing.com/wp-content/themes/simplenursing-app/images/videos/thumbnails/1.-Full-Video-Reproductive-copy.webp,https://d1pumg6d5kr18o.cloudfront.net/new/health/10_reproductive_01_full_video/part.m3u8,,0,19201,470,Health Assessment / Reproductive
Health Assessment,Health Assessment,Reproductive,health-assessment-reproductive,3h 25m,2,Breast Assessment,breast-assessment,21:07,1267,https://members.simplenursing.com/wp-content/themes/simplenursing-app/images/videos/thumbnails/2.-Breast-Assessment-copy.webp,https://d1pumg6d5kr18o.cloudfront.net/new/health/10_reproductive_02_breast_assessment/part.m3u8,,0,19202,471,Health Assessment / Reproductive
Health Assessment,Health Assessment,Reproductive,health-assessment-reproductive,3h 25m,3,Self Breast Exam,self-breast-exam,7:00,420,https://members.simplenursing.com/wp-content/themes/simplenursing-app/images/videos/thumbnails/3.-Self-Breast-Exam-copy.webp,https://d1pumg6d5kr18o.cloudfront.net/new/health/10_reproductive_03_self_breast_exam/part.m3u8,,0,19203,472,Health Assessment / Reproductive
Health Assessment,Health Assessment,Reproductive,health-assessment-reproductive,3h 25m,4,Breast Cancer Key Terms,breast-cancer-key-terms,3:49,229,https://members.simplenursing.com/wp-content/themes/simplenursing-app/images/videos/thumbnails/4.-Breast-Cancer-Key-Terms-copy.webp,https://d1pumg6d5kr18o.cloudfront.net/new/health/10_reproductive_04_breast_cancer_key_terms/part.m3u8,,0,19204,473,Health Assessment / Reproductive
Health Assessment,Health Assessment,Reproductive,health-assessment-reproductive,3h 25m,5,Breast Abnormalities,breast-abnormalities,2:59,179,https://members.simplenursing.com/wp-content/themes/simplenursing-app/images/videos/thumbnails/5.-Breast-Abnormalities-copy.webp,https://d1pumg6d5kr18o.cloudfront.net/new/health/10_reproductive_05_breast_abnormalities/part.m3u8,,0,19205,474,Health Assessment / Reproductive
Health Assessment,Health Assessment,Reproductive,health-assessment-reproductive,3h 25m,6,Female Genitalia,female-genitalia,12:31,751,https://members.simplenursing.com/wp-content/themes/simplenursing-app/images/videos/thumbnails/6.-Female-Genitalia-copy.webp,https://d1pumg6d5kr18o.cloudfront.net/new/health/10_reproductive_06_female_genitalia/part.m3u8,,0,19206,475,Health Assessment / Reproductive
Health Assessment,Health Assessment,Reproductive,health-assessment-reproductive,3h 25m,7,Birth Control,birth-control,12:31,751,https://members.simplenursing.com/wp-content/themes/simplenursing-app/images/videos/thumbnails/7.-Birth-Control-copy.webp,https://d1pumg6d5kr18o.cloudfront.net/new/health/10_reproductive_06_female_genitalia/part.m3u8,,0,19207,476,Health Assessment / Reproductive
Health Assessment,Health Assessment,Reproductive,health-assessment-reproductive,3h 25m,8,Disorders & STIs,disorders-stis,16:58,1018,https://members.simplenursing.com/wp-content/themes/simplenursing-app/images/videos/thumbnails/8.-Disorders-STIs-copy.webp,https://d1pumg6d5kr18o.cloudfront.net/new/health/10_reproductive_08_disorders_stis/part.m3u8,,0,19208,477,Health Assessment / Reproductive
Health Assessment,Health Assessment,Reproductive,health-assessment-reproductive,3h 25m,9,Male Genitalia,male-genitalia,10:54,654,https://members.simplenursing.com/wp-content/themes/simplenursing-app/images/videos/thumbnails/9.-Male-Genitalia-copy.webp,https://d1pumg6d5kr18o.cloudfront.net/new/health/10_reproductive_09_male_genitalia/part.m3u8,,0,19209,478,Health Assessment / Reproductive
Health Assessment,Health Assessment,Reproductive,health-assessment-reproductive,3h 25m,10,Testicular Cancer,testicular-cancer-2,2:38,158,https://members.simplenursing.com/wp-content/themes/simplenursing-app/images/videos/thumbnails/10.-Testicular-Cancer-copy.webp,https://d1pumg6d5kr18o.cloudfront.net/new/health/10_reproductive_10_testicular_cancer/part.m3u8,,0,19210,479,Health Assessment / Reproductive
Health Assessment,Health Assessment,Reproductive,health-assessment-reproductive,3h 25m,11,Prostate Exam,prostate-exam,8:43,523,https://members.simplenursing.com/wp-content/themes/simplenursing-app/images/videos/thumbnails/11.-Prostate-Exam-copy.webp,https://d1pumg6d5kr18o.cloudfront.net/new/health/10_reproductive_11_prostate_exam/part.m3u8,,0,19211,480,Health Assessment / Reproductive
Health Assessment,Health Assessment,Reproductive,health-assessment-reproductive,3h 25m,12,Anus & Rectum Disorders,anus-rectum-disorders,4:38,278,https://members.simplenursing.com/wp-content/themes/simplenursing-app/images/videos/thumbnails/12.-Anus-Rectum-Disorders-copy.webp,https://d1pumg6d5kr18o.cloudfront.net/new/health/10_reproductive_12_anus_rectum_disorders/part.m3u8,,0,19212,481,Health Assessment / Reproductive
Health Assessment,Health Assessment,Reproductive,health-assessment-reproductive,3h 25m,13,Colorectal Cancer,colorectal-cancer,2:34,154,https://members.simplenursing.com/wp-content/themes/simplenursing-app/images/videos/thumbnails/13.-Colorectal-Cancer-copy.webp,https://d1pumg6d5kr18o.cloudfront.net/new/health/10_reproductive_13_colorectal_cancer/part.m3u8,,0,19213,482,Health Assessment / Reproductive
Medical / Surgical,Medical / Surgical / Fluid & Electrolytes (Adult Health),Fluid & Electrolytes Basics (Adult Health),fluid-electrolytes-basics-watch-me,49m 54s,1,Fluid & Electrolytes Basics Full Video,fluid-electrolytes-basics-full-video,24:38,1478,https://members.simplenursing.com/wp-content/themes/simplenursing-app/images/videos/thumbnails/1.-Fluid-Electrolytes-Basics-Full-Video-copy.webp,https://d1pumg6d5kr18o.cloudfront.net/new/FluidElectrolytesBasic/FluidElectrolytesBasics.m3u8,"When electrolytes reach specific concentrations in the body, they can trigger a variety of systemic functions including muscle contractions and action potentials in the nerves. For this reason, it is imperative that electrolytes stay within a specific concentration in the blood for the body to function correctly.",0,10780,483,Medical / Surgical / Fluid & Electrolytes (Adult Health) / Fluid & Electrolytes Basics (Adult Health)
Medical / Surgical,Medical / Surgical / Fluid & Electrolytes (Adult Health),Fluid & Electrolytes Basics (Adult Health),fluid-electrolytes-basics-watch-me,49m 54s,2,Electrolytes Homeostasis & Therapeutic Range,electrolytes-homeostasis-therapeutic-range,3:36,216,https://members.simplenursing.com/wp-content/themes/simplenursing-app/images/videos/thumbnails/2.-Electrolytes-Homeostasis-Therapeutic-Range-copy.webp,https://d1pumg6d5kr18o.cloudfront.net/new/Homeostasis_therapeutic_range/Homeostasis_therapeutic_range.m3u8,,0,10793,484,Medical / Surgical / Fluid & Electrolytes (Adult Health) / Fluid & Electrolytes Basics (Adult Health)
Medical / Surgical,Medical / Surgical / Fluid & Electrolytes (Adult Health),Fluid & Electrolytes Basics (Adult Health),fluid-electrolytes-basics-watch-me,49m 54s,3,Electrolytes Values and Function - Red Carpet,electrolytes-values-and-function-red-carpet,8:29,509,https://members.simplenursing.com/wp-content/themes/simplenursing-app/images/videos/thumbnails/3.-Electrolytes-Values-and-Function-Red-Carpet-copy.webp,https://d1pumg6d5kr18o.cloudfront.net/new/Red_Carpet/Red_Carpet.m3u8,,0,10794,485,Medical / Surgical / Fluid & Electrolytes (Adult Health) / Fluid & Electrolytes Basics (Adult Health)
Medical / Surgical,Medical / Surgical / Fluid & Electrolytes (Adult Health),Fluid & Electrolytes Basics (Adult Health),fluid-electrolytes-basics-watch-me,49m 54s,4,Electrolyte Study Tip & Memorization Trick,electrolyte-study-tip-memorization-trick,1:57,117,https://members.simplenursing.com/wp-content/themes/simplenursing-app/images/videos/thumbnails/4.-Electrolyte-Study-Tip-Memorization-Trick-copy.webp,https://d1pumg6d5kr18o.cloudfront.net/new/Memorization_Trick/Memorization_Trick.m3u8,,0,10795,486,Medical / Surgical / Fluid & Electrolytes (Adult Health) / Fluid & Electrolytes Basics (Adult Health)
Medical / Surgical,Medical / Surgical / Fluid & Electrolytes (Adult Health),Fluid & Electrolytes Basics (Adult Health),fluid-electrolytes-basics-watch-me,49m 54s,5,Foods to Know with Electrolytes,foods-to-know-with-electrolytes,2:58,178,https://members.simplenursing.com/wp-content/themes/simplenursing-app/images/videos/thumbnails/5.-Foods-to-Know-with-Electrolytes-copy.webp,https://d1pumg6d5kr18o.cloudfront.net/new/Foods_to_Know_with_Electrolytes/Foods_to_Know_with_Electrolytes.m3u8,,0,10796,487,Medical / Surgical / Fluid & Electrolytes (Adult Health) / Fluid & Electrolytes Basics (Adult Health)
Medical / Surgical,Medical / Surgical / Fluid & Electrolytes (Adult Health),Fluid & Electrolytes Basics (Adult Health),fluid-electrolytes-basics-watch-me,49m 54s,6,4 Causes of Electrolyte Depletion,4-causes-of-electrolyte-depletion,2:28,148,https://members.simplenursing.com/wp-content/themes/simplenursing-app/images/videos/thumbnails/6.-4-Causes-of-Electrolyte-Depletion-copy.webp,https://d1pumg6d5kr18o.cloudfront.net/new/4_Causes_of_Electrolyte_Depletion/4_Causes_of_Electrolyte_Depletion.m3u8,,0,10797,488,Medical / Surgical / Fluid & Electrolytes (Adult Health) / Fluid & Electrolytes Basics (Adult Health)
Medical / Surgical,Medical / Surgical / Fluid & Electrolytes (Adult Health),Fluid & Electrolytes Basics (Adult Health),fluid-electrolytes-basics-watch-me,49m 54s,7,Hemo-concentration vs. Hemo-Dilution Electrolyte Lab Values,hemo-concentration-vs-hemo-dilution-electrolyte-lab-values,3:27,207,https://members.simplenursing.com/wp-content/themes/simplenursing-app/images/videos/thumbnails/7.-Hemo-concentration-vs.-Hemo-Dilution-Electrolyte-Lab-Values-copy.webp,https://d1pumg6d5kr18o.cloudfront.net/new/Hemoconcentration_HemoDilution/Hemoconcentration_HemoDilution.m3u8,,0,10798,489,Medical / Surgical / Fluid & Electrolytes (Adult Health) / Fluid & Electrolytes Basics (Adult Health)
Medical / Surgical,Medical / Surgical / Fluid & Electrolytes (Adult Health),Fluid & Electrolytes Basics (Adult Health),fluid-electrolytes-basics-watch-me,49m 54s,8,2 Minute Electrolyte Wrap-up,2-minute-electrolyte-wrap-up,2:21,141,https://members.simplenursing.com/wp-content/themes/simplenursing-app/images/videos/thumbnails/8.-2-Minute-Electrolyte-Wrap-up-copy.webp,https://d1pumg6d5kr18o.cloudfront.net/new/2MinuteElectrolyteWrapUp/2MinuteElectrolyteWrap-up.m3u8,,0,10799,490,Medical / Surgical / Fluid & Electrolytes (Adult Health) / Fluid & Electrolytes Basics (Adult Health)
Medical / Surgical,Medical / Surgical / Fluid & Electrolytes (Adult Health),Electrolyte Test Help (Adult Health),electrolytes-s-s-easy-memorization-trick,11m 5s,1,Electrolytes S/S Easy Memorization Trick,electrolytes-s-s-easy-memorization-trick,11:05,665,https://members.simplenursing.com/wp-content/themes/simplenursing-app/images/videos/thumbnails/1.-Electrolytes-SS-Easy-Memorization-Trick-copy.webp,https://d1pumg6d5kr18o.cloudfront.net/new/electrolytes-easy-memorization-new/electrolytes-easy-memorization-new.m3u8,,0,11160,491,Medical / Surgical / Fluid & Electrolytes (Adult Health) / Electrolyte Test Help (Adult Health)
Medical / Surgical,Medical / Surgical / Fluid & Electrolytes (Adult Health),Potassium K+ (Adult Health),potassium-k,13m 21s,1,Hypokalemia - Hypo K+,hypokalemia-hypo-k,6:16,376,https://members.simplenursing.com/wp-content/themes/simplenursing-app/images/videos/thumbnails/1.-Hypokalemia-Hypo-K-copy.webp,https://d1pumg6d5kr18o.cloudfront.net/new/hypokalemia-new/hypokalemia-new.m3u8,,0,11161,492,Medical / Surgical / Fluid & Electrolytes (Adult Health) / Potassium K+ (Adult Health)
Medical / Surgical,Medical / Surgical / Fluid & Electrolytes (Adult Health),Potassium K+ (Adult Health),potassium-k,13m 21s,2,Hyperkalemia - Hyper K+,hyperkalemia-hyper-k,7:05,425,https://members.simplenursing.com/wp-content/themes/simplenursing-app/images/videos/thumbnails/2.-Hyperkalemia-Hyper-K-copy.webp,https://d1pumg6d5kr18o.cloudfront.net/new/hypokalemia_8211_hypo_k/hypokalemia_8211_hypo_k.m3u8,,0,11162,493,Medical / Surgical / Fluid & Electrolytes (Adult Health) / Potassium K+ (Adult Health)
Medical / Surgical,Medical / Surgical / Fluid & Electrolytes (Adult Health),Sodium Na+ (Adult Health),sodium-na,17m 53s,1,Hyponatremia,hyponatremia,8:00,480,https://members.simplenursing.com/wp-content/themes/simplenursing-app/images/videos/thumbnails/1.-Hyponatremia-copy.webp,https://d1pumg6d5kr18o.cloudfront.net/new/hyponatremia-new/hyponatremia-new.m3u8,,0,11163,494,Medical / Surgical / Fluid & Electrolytes (Adult Health) / Sodium Na+ (Adult Health)
Medical / Surgical,Medical / Surgical / Fluid & Electrolytes (Adult Health),Sodium Na+ (Adult Health),sodium-na,17m 53s,2,Hypernatremia,hypernatremia,9:53,593,https://members.simplenursing.com/wp-content/themes/simplenursing-app/images/videos/thumbnails/2.-Hypernatremia-copy.webp,https://d1pumg6d5kr18o.cloudfront.net/new/hypernatremia2/hypernatremia.m3u8,,0,11164,495,Medical / Surgical / Fluid & Electrolytes (Adult Health) / Sodium Na+ (Adult Health)
Medical / Surgical,Medical / Surgical / Fluid & Electrolytes (Adult Health),Calcium Ca (Adult Health),calcium-ca,14m 36s,1,Hypocalcemia,hypocalcemia,9:03,543,https://members.simplenursing.com/wp-content/themes/simplenursing-app/images/videos/thumbnails/1.-Hypocalcemia-copy.webp,https://d1pumg6d5kr18o.cloudfront.net/new/hypocalcemia/hypocalcemia.m3u8,,0,11165,496,Medical / Surgical / Fluid & Electrolytes (Adult Health) / Calcium Ca (Adult Health)
Medical / Surgical,Medical / Surgical / Fluid & Electrolytes (Adult Health),Calcium Ca (Adult Health),calcium-ca,14m 36s,2,Hypercalcemia,hypercalcemia,5:33,333,https://members.simplenursing.com/wp-content/themes/simplenursing-app/images/videos/thumbnails/2.-Hypercalcemia-copy.webp,https://d1pumg6d5kr18o.cloudfront.net/new/hypercalcemia/hypercalcemia.m3u8,,0,11166,497,Medical / Surgical / Fluid & Electrolytes (Adult Health) / Calcium Ca (Adult Health)
Medical / Surgical,Medical / Surgical / Fluid & Electrolytes (Adult Health),Magnesium Mg+ (Adult Health),magnesium-mg,8m 10s,1,Hypomagnesemia,hypomagnesemia,4:14,254,https://members.simplenursing.com/wp-content/themes/simplenursing-app/images/videos/thumbnails/1.-Hypomagnesemia-copy.webp,https://d1pumg6d5kr18o.cloudfront.net/new/hypomagnesemia/hypomagnesemia.m3u8,,0,11167,498,Medical / Surgical / Fluid & Electrolytes (Adult Health) / Magnesium Mg+ (Adult Health)
Medical / Surgical,Medical / Surgical / Fluid & Electrolytes (Adult Health),Magnesium Mg+ (Adult Health),magnesium-mg,8m 10s,2,Hypermagnesemia,hypermagnesemia,3:56,236,https://members.simplenursing.com/wp-content/themes/simplenursing-app/images/videos/thumbnails/2.-Hypermagnesemia-copy.webp,https://d1pumg6d5kr18o.cloudfront.net/new/hypermagnesemia/hypermagnesemia.m3u8,,0,11168,499,Medical / Surgical / Fluid & Electrolytes (Adult Health) / Magnesium Mg+ (Adult Health)
Medical / Surgical,Medical / Surgical / Fluid & Electrolytes (Adult Health),Chloride (Adult Health),chloride,7m 6s,1,Hypochloremia,hypochloremia,3:38,218,https://members.simplenursing.com/wp-content/themes/simplenursing-app/images/videos/thumbnails/1.-Hypochloremia-copy.webp,https://d1pumg6d5kr18o.cloudfront.net/new/hypochloremia/hypochloremia.m3u8,,0,11169,500,Medical / Surgical / Fluid & Electrolytes (Adult Health) / Chloride (Adult Health)
Medical / Surgical,Medical / Surgical / Fluid & Electrolytes (Adult Health),Chloride (Adult Health),chloride,7m 6s,2,Hyperchloremia,hyperchloremia,3:28,208,https://members.simplenursing.com/wp-content/themes/simplenursing-app/images/videos/thumbnails/2.-Hyperchloremia-copy.webp,https://d1pumg6d5kr18o.cloudfront.net/new/2_hyperchloremia/2_hyperchloremia.m3u8,,0,11170,501,Medical / Surgical / Fluid & Electrolytes (Adult Health) / Chloride (Adult Health)
Medical / Surgical,Medical / Surgical / Fluid & Electrolytes (Adult Health),Phosphate (Adult Health),phosphate,7m 16s,1,Hypophosphatemia,hypophosphatemia,3:49,229,https://members.simplenursing.com/wp-content/themes/simplenursing-app/images/videos/thumbnails/1.-Hypophosphatemia-copy.webp,https://d1pumg6d5kr18o.cloudfront.net/new/hypophosphatemia/hypophosphatemia.m3u8,,0,11171,502,Medical / Surgical / Fluid & Electrolytes (Adult Health) / Phosphate (Adult Health)
Medical / Surgical,Medical / Surgical / Fluid & Electrolytes (Adult Health),Phosphate (Adult Health),phosphate,7m 16s,2,Hyperphosphatemia,hyperphosphatemia,3:27,207,https://members.simplenursing.com/wp-content/themes/simplenursing-app/images/videos/thumbnails/2.-Hyperphosphatemia-copy.webp,https://d1pumg6d5kr18o.cloudfront.net/new/hyperphosphatemia/hyperphosphatemia.m3u8,,0,11172,503,Medical / Surgical / Fluid & Electrolytes (Adult Health) / Phosphate (Adult Health)
Medical / Surgical,Medical / Surgical / Fluid & Electrolytes (Adult Health),Fluids & Hormones (Adult Health),fluids-hormones,51m 15s,1,"Isotonic, Hypotonic, Hypertonic IV Fluids",isotonic-hypotonic-hypertonic-iv-fluids,13:09,789,https://members.simplenursing.com/wp-content/themes/simplenursing-app/images/videos/thumbnails/1.-Isotonic-Hypotonic-Hypertonic-IV-Fluids-copy.webp,https://d1pumg6d5kr18o.cloudfront.net/new/isotonic_hypotonic_hypertonic_iv_fluids/isotonic_hypotonic_hypertonic_iv_fluids.m3u8,,0,11173,504,Medical / Surgical / Fluid & Electrolytes (Adult Health) / Fluids & Hormones (Adult Health)
Medical / Surgical,Medical / Surgical / Fluid & Electrolytes (Adult Health),Fluids & Hormones (Adult Health),fluids-hormones,51m 15s,2,Body Fluids,body-fluids,8:31,511,https://members.simplenursing.com/wp-content/themes/simplenursing-app/images/videos/thumbnails/2.-Body-Fluids-copy.webp,https://d1pumg6d5kr18o.cloudfront.net/new/body_fluids/body_fluids.m3u8,,0,11174,505,Medical / Surgical / Fluid & Electrolytes (Adult Health) / Fluids & Hormones (Adult Health)
Medical / Surgical,Medical / Surgical / Fluid & Electrolytes (Adult Health),Fluids & Hormones (Adult Health),fluids-hormones,51m 15s,3,"Osmosis, Diffusion & Filtration",osmosis-diffusion-filtration,4:35,275,https://members.simplenursing.com/wp-content/themes/simplenursing-app/images/videos/thumbnails/3.-Osmosis-Diffusion-Filtration-copy.webp,https://d1pumg6d5kr18o.cloudfront.net/new/osmosis_diffusion_038_filtration/osmosis_diffusion_038_filtration.m3u8,,0,11175,506,Medical / Surgical / Fluid & Electrolytes (Adult Health) / Fluids & Hormones (Adult Health)
Medical / Surgical,Medical / Surgical / Fluid & Electrolytes (Adult Health),Fluids & Hormones (Adult Health),fluids-hormones,51m 15s,4,Dehydration (Med Surg),dehydration-2,7:03,423,https://members.simplenursing.com/wp-content/themes/simplenursing-app/images/videos/thumbnails/4.-Dehydration-Med-Surg-copy.webp,https://d1pumg6d5kr18o.cloudfront.net/new/dehydration_med_surg/dehydration_med_surg.m3u8,,0,11176,507,Medical / Surgical / Fluid & Electrolytes (Adult Health) / Fluids & Hormones (Adult Health)
Medical / Surgical,Medical / Surgical / Fluid & Electrolytes (Adult Health),Fluids & Hormones (Adult Health),fluids-hormones,51m 15s,5,Sodium Potassium Pump – Physiology,sodium-potassium-pump-physiology,2:12,132,https://members.simplenursing.com/wp-content/themes/simplenursing-app/images/videos/thumbnails/5.-Sodium-Potassium-Pump-–-Physiology-copy.webp,https://d1pumg6d5kr18o.cloudfront.net/new/sodium_potassium_pump_physiology/sodium_potassium_pump_physiology.m3u8,,0,11177,508,Medical / Surgical / Fluid & Electrolytes (Adult Health) / Fluids & Hormones (Adult Health)
Medical / Surgical,Medical / Surgical / Fluid & Electrolytes (Adult Health),Fluids & Hormones (Adult Health),fluids-hormones,51m 15s,6,"Hormones Regulation of Fluids (RAAS, ADH ect.)",hormones-regulation-of-fluids-raas-adh-ect,15:45,945,https://members.simplenursing.com/wp-content/themes/simplenursing-app/images/videos/thumbnails/6.-Hormones-Regulation-of-Fluids-RAAS-ADH-ect.-copy.webp,https://d1pumg6d5kr18o.cloudfront.net/new/hormones_regulation_of_fluids_raas_adh_ect/hormones_regulation_of_fluids_raas_adh_ect.m3u8,,0,11178,509,Medical / Surgical / Fluid & Electrolytes (Adult Health) / Fluids & Hormones (Adult Health)
Medical / Surgical,Medical / Surgical,EKG (Adult Health),ekg-playlist,1h 42m,1,Normal Sinus Rhythms Overview,normal-sinus-rhythms-overview,7:16,436,https://members.simplenursing.com/wp-content/themes/simplenursing-app/images/videos/thumbnails/1.-Normal-Sinus-Rhythms-Overview-copy.webp,https://d1pumg6d5kr18o.cloudfront.net/new/normal_sinus_rhythms_overview/normal_sinus_rhythms_overview.m3u8,,0,10848,510,Medical / Surgical / EKG (Adult Health)
Medical / Surgical,Medical / Surgical,EKG (Adult Health),ekg-playlist,1h 42m,2,Atrial Fibrillation - A-Fib,atrial-fibrillation-a-fib,7:03,423,https://members.simplenursing.com/wp-content/themes/simplenursing-app/images/videos/thumbnails/2.-Atrial-Fibrillation-A-Fib-copy.webp,https://d1pumg6d5kr18o.cloudfront.net/new/atrial_fibrillation_8211_a_fib_new/atrial_fibrillation_8211_a_fib.m3u8,,0,10849,511,Medical / Surgical / EKG (Adult Health)
Medical / Surgical,Medical / Surgical,EKG (Adult Health),ekg-playlist,1h 42m,3,Atrial Flutter - A-Flutter,atrial-flutter-a-flutter,7:42,462,https://members.simplenursing.com/wp-content/themes/simplenursing-app/images/videos/thumbnails/3.-Atrial-Flutter-A-Flutter-copy.webp,https://d1pumg6d5kr18o.cloudfront.net/new/5_atrial_flutter/5_atrial_flutter.m3u8,,0,10850,512,Medical / Surgical / EKG (Adult Health)
Medical / Surgical,Medical / Surgical,EKG (Adult Health),ekg-playlist,1h 42m,4,Ventricular Tachycardia - V Tach,ventricular-tachycardia-v-tach,4:37,277,https://members.simplenursing.com/wp-content/themes/simplenursing-app/images/videos/thumbnails/4.-Ventricular-Tachycardia-V-Tach-copy.webp,https://d1pumg6d5kr18o.cloudfront.net/new/ventricular_tachycardia_8211_v_tach/ventricular_tachycardia_8211_v_tach.m3u8,,0,10851,513,Medical / Surgical / EKG (Adult Health)
Medical / Surgical,Medical / Surgical,EKG (Adult Health),ekg-playlist,1h 42m,5,Ventricular Fibrillation - V Fib,ventricular-fibrillation-v-fib,5:17,317,https://members.simplenursing.com/wp-content/themes/simplenursing-app/images/videos/thumbnails/5.-Ventricular-Fibrillation-V-Fib-copy.webp,https://d1pumg6d5kr18o.cloudfront.net/new/ventricular-fibrillation-v-fib-new/ventricular-fibrillation-v-fib.m3u8,,0,10852,514,Medical / Surgical / EKG (Adult Health)
Medical / Surgical,Medical / Surgical,EKG (Adult Health),ekg-playlist,1h 42m,6,STEMI (ST Elevated Myocardial Infarction),stemi-st-elevated-myocardial-infarction,13:47,827,https://members.simplenursing.com/wp-content/themes/simplenursing-app/images/videos/thumbnails/6.-STEMI-ST-Elevated-Myocardial-Infarction-copy.webp,https://d1pumg6d5kr18o.cloudfront.net/new/9_stemi_st_elevated_myocardial_infarction/9_stemi_st_elevated_myocardial_infarction.m3u8,,0,10853,515,Medical / Surgical / EKG (Adult Health)
Medical / Surgical,Medical / Surgical,EKG (Adult Health),ekg-playlist,1h 42m,7,SVT (Supraventricular Tachycardia),svt-supraventricular-tachycardia,6:34,394,https://members.simplenursing.com/wp-content/themes/simplenursing-app/images/videos/thumbnails/7.-SVT-Supraventricular-Tachycardia-copy.webp,https://d1pumg6d5kr18o.cloudfront.net/new/svt_supraventricular_tachycardia/svt_supraventricular_tachycardia.m3u8,,0,10854,516,Medical / Surgical / EKG (Adult Health)
Medical / Surgical,Medical / Surgical,EKG (Adult Health),ekg-playlist,1h 42m,8,Torsades de Pointes,torsades-de-pointes,4:59,299,https://members.simplenursing.com/wp-content/themes/simplenursing-app/images/videos/thumbnails/8.-Torsades-de-Pointes-copy.webp,https://d1pumg6d5kr18o.cloudfront.net/new/torsades_de_pointes/torsades_de_pointes.m3u8,,0,10855,517,Medical / Surgical / EKG (Adult Health)
Medical / Surgical,Medical / Surgical,EKG (Adult Health),ekg-playlist,1h 42m,9,PEA (Pulseless Electrical Activity),pea-pulseless-electrical-activity,4:51,291,https://members.simplenursing.com/wp-content/themes/simplenursing-app/images/videos/thumbnails/9.-PEA-Pulseless-Electrical-Activity-copy.webp,https://d1pumg6d5kr18o.cloudfront.net/new/pea_pulseless_electrical_activity/pea_pulseless_electrical_activity.m3u8,,0,10856,518,Medical / Surgical / EKG (Adult Health)
Medical / Surgical,Medical / Surgical,EKG (Adult Health),ekg-playlist,1h 42m,10,Premature Contractions (PAC vs PJC vs PVC),premature-contractions-pac-vs-pjc-vs-pvc,5:16,316,https://members.simplenursing.com/wp-content/themes/simplenursing-app/images/videos/thumbnails/10.-Premature-Contractions-PAC-vs-PJC-vs-PVC-copy.webp,https://d1pumg6d5kr18o.cloudfront.net/new/premature_contractions_pac_vs_pjc_vs_pvc/premature_contractions_pac_vs_pjc_vs_pvc.m3u8,,0,10857,519,Medical / Surgical / EKG (Adult Health)
Medical / Surgical,Medical / Surgical,EKG (Adult Health),ekg-playlist,1h 42m,11,Junctional Rhythms,junctional-rhythms,4:40,280,https://members.simplenursing.com/wp-content/themes/simplenursing-app/images/videos/thumbnails/11.-Junctional-Rhythms-copy.webp,https://d1pumg6d5kr18o.cloudfront.net/new/junctional_rhythms/junctional_rhythms.m3u8,,0,10858,520,Medical / Surgical / EKG (Adult Health)
Medical / Surgical,Medical / Surgical,EKG (Adult Health),ekg-playlist,1h 42m,12,2nd Degree AV Block Type 1,2nd-degree-av-block-type-1,5:19,319,https://members.simplenursing.com/wp-content/themes/simplenursing-app/images/videos/thumbnails/12.-2nd-Degree-AV-Block-Type-1-copy.webp,https://d1pumg6d5kr18o.cloudfront.net/new/2nd_degree_av_block_type_1/2nd_degree_av_block_type_1.m3u8,,0,10860,521,Medical / Surgical / EKG (Adult Health)
Medical / Surgical,Medical / Surgical,EKG (Adult Health),ekg-playlist,1h 42m,13,2nd Degree Block Type 2,2nd-degree-block-type-2,4:03,243,https://members.simplenursing.com/wp-content/themes/simplenursing-app/images/videos/thumbnails/13.-2nd-Degree-Block-Type-2-copy.webp,https://d1pumg6d5kr18o.cloudfront.net/new/2nd_degree_block_type_2/2nd_degree_block_type_2.m3u8,,0,10861,522,Medical / Surgical / EKG (Adult Health)
Medical / Surgical,Medical / Surgical,EKG (Adult Health),ekg-playlist,1h 42m,14,3rd Degree Block,3rd-degree-block,6:12,372,https://members.simplenursing.com/wp-content/themes/simplenursing-app/images/videos/thumbnails/14.-3rd-Degree-Block-copy.webp,https://d1pumg6d5kr18o.cloudfront.net/new/3rd_degree_block/3rd_degree_block.m3u8,,0,10862,523,Medical / Surgical / EKG (Adult Health)
Medical / Surgical,Medical / Surgical,EKG (Adult Health),ekg-playlist,1h 42m,15,Asystole,asystole,2:50,170,https://members.simplenursing.com/wp-content/themes/simplenursing-app/images/videos/thumbnails/15.-Asystole-copy.webp,https://d1pumg6d5kr18o.cloudfront.net/new/asystole/asystole.m3u8,,0,10863,524,Medical / Surgical / EKG (Adult Health)
Medical / Surgical,Medical / Surgical,EKG (Adult Health),ekg-playlist,1h 42m,16,Pacemakers,pacemakers,6:43,403,https://members.simplenursing.com/wp-content/themes/simplenursing-app/images/videos/thumbnails/16.-Pacemakers-copy.webp,https://d1pumg6d5kr18o.cloudfront.net/new/pacemakers/pacemakers.m3u8,A pacemaker is a small device that's placed in the chest or abdomen to help control abnormal heart rhythms. This device uses electrical pulses to prompt the heart to beat at a normal rate. Pacemakers are used to treat arrhythmias - which are problems with the rate or rhythm of the heartbeat.,0,10864,525,Medical / Surgical / EKG (Adult Health)
Medical / Surgical,Medical / Surgical,EKG (Adult Health),ekg-playlist,1h 42m,17,Bundle Branch Block,bundle-branch-block,5:24,324,https://members.simplenursing.com/wp-content/themes/simplenursing-app/images/videos/thumbnails/17.-Bundle-Branch-Block-copy.webp,https://d1pumg6d5kr18o.cloudfront.net/new/bundle_branch_block/bundle_branch_block.m3u8,,0,10865,526,Medical / Surgical / EKG (Adult Health)
Medical / Surgical,Medical / Surgical / Cardiac (Adult Health),Cardiac Fundamentals,cardiac-fundamentals-medical-surgical,1h 25m,1,Blood Flow Through Heart,blood-flow-through-heart,12:47,767,https://members.simplenursing.com/wp-content/themes/simplenursing-app/images/videos/thumbnails/1.-Blood-Flow-Through-Heart-copy.webp,https://d1pumg6d5kr18o.cloudfront.net/new/blood_flow_through_heart_2/blood_flow_through_heart.m3u8,,0,11933,527,Medical / Surgical / Cardiac (Adult Health) / Cardiac Fundamentals
Medical / Surgical,Medical / Surgical / Cardiac (Adult Health),Cardiac Fundamentals,cardiac-fundamentals-medical-surgical,1h 25m,2,"Anatomy ""Structure"" & Physiology ""Electrical""",anatomy-structure-physiology-electrical,10:07,607,https://members.simplenursing.com/wp-content/themes/simplenursing-app/images/videos/thumbnails/2.-Anatomy-Structure-Physiology-Electrical-copy.webp,https://d1pumg6d5kr18o.cloudfront.net/new/anatomy_8220_structure_8221_038_physiology_8220_electrical_8221_3/anatomy_8220_structure_8221_038_physiology_8220_electrical_8221.m3u8,,0,11934,528,Medical / Surgical / Cardiac (Adult Health) / Cardiac Fundamentals
Medical / Surgical,Medical / Surgical / Cardiac (Adult Health),Cardiac Fundamentals,cardiac-fundamentals-medical-surgical,1h 25m,3,"Physical Focus Assessment Heart Sounds (S1, S2, Valves)",physical-focus-assessment-heart-sounds-s1-s2-valves,18:24,1104,https://members.simplenursing.com/wp-content/themes/simplenursing-app/images/videos/thumbnails/3.-Physical-Focus-Assessment-Heart-Sounds-S1-S2-Valves-copy.webp,https://d1pumg6d5kr18o.cloudfront.net/new/physical_focus_assessment_heart_sounds_s1_s2_valves_2/physical_focus_assessment_heart_sounds_s1_s2_valves.m3u8,,0,11935,529,Medical / Surgical / Cardiac (Adult Health) / Cardiac Fundamentals
Medical / Surgical,Medical / Surgical / Cardiac (Adult Health),Cardiac Fundamentals,cardiac-fundamentals-medical-surgical,1h 25m,4,Apical Pulse Assessment (Point of maximum impulse),apical-pulse-assessment-point-of-maximum-impulse,14:04,844,https://members.simplenursing.com/wp-content/themes/simplenursing-app/images/videos/thumbnails/4.Apical-Pulse-Assessment-Point-of-maximum-impulse-copy.webp,https://d1pumg6d5kr18o.cloudfront.net/new/apical_pulse_assessment_point_of_maximum_impulse/apical_pulse_assessment_point_of_maximum_impulse.m3u8,,0,11182,530,Medical / Surgical / Cardiac (Adult Health) / Cardiac Fundamentals
Medical / Surgical,Medical / Surgical / Cardiac (Adult Health),Cardiac Fundamentals,cardiac-fundamentals-medical-surgical,1h 25m,5,Physical Assessment (Total Body),physical-assessment-total-body,17:48,1068,https://members.simplenursing.com/wp-content/themes/simplenursing-app/images/videos/thumbnails/5.-Physical-Assessment-Total-Body-copy.webp,https://d1pumg6d5kr18o.cloudfront.net/new/physical_assessment_total_body_2/physical_assessment_total_body.m3u8,,0,11937,531,Medical / Surgical / Cardiac (Adult Health) / Cardiac Fundamentals
Medical / Surgical,Medical / Surgical / Cardiac (Adult Health),Cardiac Fundamentals,cardiac-fundamentals-medical-surgical,1h 25m,6,Subjective Questions,subjective-questions,11:59,719,https://members.simplenursing.com/wp-content/themes/simplenursing-app/images/videos/thumbnails/6.-Subjective-Questions-copy.webp,https://d1pumg6d5kr18o.cloudfront.net/new/subjective_questions_2/subjective_questions.m3u8,,0,11938,532,Medical / Surgical / Cardiac (Adult Health) / Cardiac Fundamentals
Medical / Surgical,Medical / Surgical / Cardiac (Adult Health),Cardiac Tamponade (Adult Health),cardiac-tamponade,12m 8s,1,Cardiac Tamponade,cardiac-tamponade,10:41,641,https://members.simplenursing.com/wp-content/themes/simplenursing-app/images/videos/thumbnails/1.-Cardiac-Tamponade-copy.webp,https://d1pumg6d5kr18o.cloudfront.net/new/cardiac_tamponade/cardiac_tamponade.m3u8,,0,11185,533,Medical / Surgical / Cardiac (Adult Health) / Cardiac Tamponade (Adult Health)
Medical / Surgical,Medical / Surgical / Cardiac (Adult Health),Cardiac Tamponade (Adult Health),cardiac-tamponade,12m 8s,2,2 minute Wrap up - Cardiac Tamponade,2-minute-wrap-up-cardiac-tamponade,1:27,87,https://members.simplenursing.com/wp-content/themes/simplenursing-app/images/videos/thumbnails/2.-2-minute-Wrap-up-Cardiac-Tamponade-copy.webp,https://d1pumg6d5kr18o.cloudfront.net/new/2_minute_wrap_up_8211_cardiac_tamponade/2_minute_wrap_up_8211_cardiac_tamponade.m3u8,,0,11186,534,Medical / Surgical / Cardiac (Adult Health) / Cardiac Tamponade (Adult Health)
Medical / Surgical,Medical / Surgical / Cardiac (Adult Health),Cardiomyopathy (Adult Health),cardiomyopathy,44m 42s,1,Cardiomyopathy,cardiomyopathy,22:00,1320,https://members.simplenursing.com/wp-content/themes/simplenursing-app/images/videos/thumbnails/1.-Cardiomyopathy-copy.webp,https://d1pumg6d5kr18o.cloudfront.net/new/cardiomyopathy/cardiomyopathy.m3u8,,0,11187,535,Medical / Surgical / Cardiac (Adult Health) / Cardiomyopathy (Adult Health)
Medical / Surgical,Medical / Surgical / Cardiac (Adult Health),Cardiomyopathy (Adult Health),cardiomyopathy,44m 42s,2,Cardiac Anatomy & Physiology - Preload & Afterload,cardiac-anatomy-physiology-preload-afterload,0:42,42,https://members.simplenursing.com/wp-content/themes/simplenursing-app/images/videos/thumbnails/2.-Cardiac-Anatomy-Physiology-Preload-Afterload-copy.webp,https://d1pumg6d5kr18o.cloudfront.net/new/cardiac_anatomy_038_physiology_8211_preload_038_afterload/cardiac_anatomy_038_physiology_8211_preload_038_afterload.m3u8,,0,11188,536,Medical / Surgical / Cardiac (Adult Health) / Cardiomyopathy (Adult Health)
Medical / Surgical,Medical / Surgical / Cardiac (Adult Health),Cardiomyopathy (Adult Health),cardiomyopathy,44m 42s,3,Dilated Cardiomyopathy,dilated-cardiomyopathy,12:33,753,https://members.simplenursing.com/wp-content/themes/simplenursing-app/images/videos/thumbnails/3.-Dilated-Cardiomyopathy-copy.webp,https://d1pumg6d5kr18o.cloudfront.net/new/dilated_cardiomyopathy/dilated_cardiomyopathy.m3u8,,0,11189,537,Medical / Surgical / Cardiac (Adult Health) / Cardiomyopathy (Adult Health)
Medical / Surgical,Medical / Surgical / Cardiac (Adult Health),Cardiomyopathy (Adult Health),cardiomyopathy,44m 42s,4,Restrictive Cardiomyopathy,restrictive-cardiomyopathy,3:56,236,https://members.simplenursing.com/wp-content/themes/simplenursing-app/images/videos/thumbnails/4.-Restrictive-Cardiomyopathy-copy.webp,https://d1pumg6d5kr18o.cloudfront.net/new/restrictive_cardiomyopathy/restrictive_cardiomyopathy.m3u8,,0,11190,538,Medical / Surgical / Cardiac (Adult Health) / Cardiomyopathy (Adult Health)
Medical / Surgical,Medical / Surgical / Cardiac (Adult Health),Cardiomyopathy (Adult Health),cardiomyopathy,44m 42s,5,Hypertrophic Cardiomyopathy,hypertrophic-cardiomyopathy,5:31,331,https://members.simplenursing.com/wp-content/themes/simplenursing-app/images/videos/thumbnails/5.-Hypertrophic-Cardiomyopathy-copy.webp,https://d1pumg6d5kr18o.cloudfront.net/new/hypertrophic_cardiomyopathy/hypertrophic_cardiomyopathy.m3u8,,0,11191,539,Medical / Surgical / Cardiac (Adult Health) / Cardiomyopathy (Adult Health)
Medical / Surgical,Medical / Surgical / Cardiac (Adult Health),Endocarditis (Adult Health),endocarditis,22m 17s,1,Endocarditis,endocarditis,20:35,1235,https://members.simplenursing.com/wp-content/themes/simplenursing-app/images/videos/thumbnails/1.-Endocarditis-copy.webp,https://d1pumg6d5kr18o.cloudfront.net/new/endocarditis/endocarditis.m3u8,"Endocarditis is an infection in the heart valves or endocardium. The endocardium is the lining of the interior surfaces of the chambers of the heart. This condition is usually caused by bacteria entering the bloodstream and infecting the heart and can result in lesions (called vegetations) to form at the site of infection, which can damage intracardiac structures.",0,11192,540,Medical / Surgical / Cardiac (Adult Health) / Endocarditis (Adult Health)
Medical / Surgical,Medical / Surgical / Cardiac (Adult Health),Endocarditis (Adult Health),endocarditis,22m 17s,2,Endocarditis vs. Pericarditis,endocarditis-vs-pericarditis,1:42,102,https://members.simplenursing.com/wp-content/themes/simplenursing-app/images/videos/thumbnails/2.-Endocarditis-vs.-Pericarditis-copy.webp,https://d1pumg6d5kr18o.cloudfront.net/new/endocarditis_vs_pericarditis/endocarditis_vs_pericarditis.m3u8,,0,11193,541,Medical / Surgical / Cardiac (Adult Health) / Endocarditis (Adult Health)
Medical / Surgical,Medical / Surgical / Cardiac (Adult Health),Heart Failure (Adult Health),heart-failure,1h 1m,1,Heart Failure Full Video,heart-failure-full-video,38:59,2339,https://members.simplenursing.com/wp-content/themes/simplenursing-app/images/videos/thumbnails/1.-Heart-Failure-Full-Video-copy.webp,https://d1pumg6d5kr18o.cloudfront.net/new/4_med_surg_1_heart_failure_full_video/4_med_surg_1_heart_failure_full_video.m3u8,"Congestive heart failure (CHF) is a chronic progressive condition that affects millions of Americans and it is the leading cause for adults over the age of 65 to be admitted to the hospital. When the heart fails to adequately pump blood throughout the body, fluid begins to build up and amongst other complications, patients are at risk to drown in their own fluids.",0,11194,542,Medical / Surgical / Cardiac (Adult Health) / Heart Failure (Adult Health)
Medical / Surgical,Medical / Surgical / Cardiac (Adult Health),Heart Failure (Adult Health),heart-failure,1h 1m,2,ACE Inhibitors vs. ARBs - Lisinopril & Losartan,ace-inhibitors-vs-arbs-lisinopril-losartan,3:26,206,https://members.simplenursing.com/wp-content/themes/simplenursing-app/images/videos/thumbnails/2.-ACE-Inhibitors-vs.-ARBs-Lisinopril-Losartan-copy.webp,https://d1pumg6d5kr18o.cloudfront.net/new/ace_inhibitors_vs_arbs_8211_lisinopril_038_losartan/ace_inhibitors_vs_arbs_8211_lisinopril_038_losartan.m3u8,,0,11195,543,Medical / Surgical / Cardiac (Adult Health) / Heart Failure (Adult Health)
Medical / Surgical,Medical / Surgical / Cardiac (Adult Health),Heart Failure (Adult Health),heart-failure,1h 1m,3,Beta Blockers (Atenolol),beta-blockers-atenolol,2:56,176,https://members.simplenursing.com/wp-content/themes/simplenursing-app/images/videos/thumbnails/3.-Beta-Blockers-Atenolol-copy.webp,https://d1pumg6d5kr18o.cloudfront.net/new/beta_blockers_atenolol/beta_blockers_atenolol.m3u8,,0,11580,544,Medical / Surgical / Cardiac (Adult Health) / Heart Failure (Adult Health)
Medical / Surgical,Medical / Surgical / Cardiac (Adult Health),Heart Failure (Adult Health),heart-failure,1h 1m,4,"Calcium Channel blockers (Nifedipine, Cardizem, & Verapamil)",calcium-channel-blockers-nifedipine-cardizem-verapamil,3:12,192,https://members.simplenursing.com/wp-content/themes/simplenursing-app/images/videos/thumbnails/4.-Calcium-Channel-blockers-Nifedipine-Cardizem-Verapamil-copy.webp,https://d1pumg6d5kr18o.cloudfront.net/new/calcium_channel_blockers_nifedipine_cardizem_038_verapamil/calcium_channel_blockers_nifedipine_cardizem_038_verapamil.m3u8,,0,11581,545,Medical / Surgical / Cardiac (Adult Health) / Heart Failure (Adult Health)
Medical / Surgical,Medical / Surgical / Cardiac (Adult Health),Heart Failure (Adult Health),heart-failure,1h 1m,5,Cardiac Glycoside (Digoxin),cardiac-glycoside-digoxin,3:37,217,https://members.simplenursing.com/wp-content/themes/simplenursing-app/images/videos/thumbnails/5.-Cardiac-Glycoside-Digoxin-copy.webp,https://d1pumg6d5kr18o.cloudfront.net/new/cardiac_glycoside_digoxin/cardiac_glycoside_digoxin.m3u8,,0,11582,546,Medical / Surgical / Cardiac (Adult Health) / Heart Failure (Adult Health)
Medical / Surgical,Medical / Surgical / Cardiac (Adult Health),Heart Failure (Adult Health),heart-failure,1h 1m,6,Vasodilators - Nitroglycerine,vasodilators-nitroglycerine,3:19,199,https://members.simplenursing.com/wp-content/themes/simplenursing-app/images/videos/thumbnails/6.-Vasodilators-Nitroglycerine-copy.webp,https://d1pumg6d5kr18o.cloudfront.net/new/vasodilators_8211_nitroglycerine/vasodilators_8211_nitroglycerine.m3u8,,0,11199,547,Medical / Surgical / Cardiac (Adult Health) / Heart Failure (Adult Health)
Medical / Surgical,Medical / Surgical / Cardiac (Adult Health),Heart Failure (Adult Health),heart-failure,1h 1m,7,"Diuretics (Furosemide, Hydrochlorothiazide, & Spironolactone)",diuretics-furosemide-hydrochlorothiazide-spironolactone,6:20,380,https://members.simplenursing.com/wp-content/themes/simplenursing-app/images/videos/thumbnails/7.-Diuretics-Furosemide-Hydrochlorothiazide-Spironolactone-copy.webp,https://d1pumg6d5kr18o.cloudfront.net/new/4_med_surg_2_diuretics/4_med_surg_2_diuretics.m3u8,,0,11584,548,Medical / Surgical / Cardiac (Adult Health) / Heart Failure (Adult Health)
Medical / Surgical,Medical / Surgical / Cardiac (Adult Health),Hypertension (Adult Health),hypertension,13m 38s,1,Hypertension,hypertension,13:38,818,https://members.simplenursing.com/wp-content/themes/simplenursing-app/images/videos/thumbnails/1.-Hypertension-copy.webp,https://d1pumg6d5kr18o.cloudfront.net/new/hypertension/hypertension.m3u8,,0,11201,549,Medical / Surgical / Cardiac (Adult Health) / Hypertension (Adult Health)
Medical / Surgical,Medical / Surgical / Cardiac (Adult Health),Myocardial Infarction (Adult Health),myocardial-infarction,39m 32s,1,Myocardial Infarction (Full Video),myocardial-infarction-full-video,24:34,1474,https://members.simplenursing.com/wp-content/themes/simplenursing-app/images/videos/thumbnails/1.-Myocardial-Infarction-Full-Video-copy.webp,https://d1pumg6d5kr18o.cloudfront.net/new/myocardial_infarction_full_video/myocardial_infarction_full_video.m3u8,,0,11202,550,Medical / Surgical / Cardiac (Adult Health) / Myocardial Infarction (Adult Health)
Medical / Surgical,Medical / Surgical / Cardiac (Adult Health),Myocardial Infarction (Adult Health),myocardial-infarction,39m 32s,2,"Atherosclerosis, ACS, CAD",atherosclerosis-acs-cad,1:43,103,https://members.simplenursing.com/wp-content/themes/simplenursing-app/images/videos/thumbnails/2.-Atherosclerosis-ACS-CAD-copy.webp,https://d1pumg6d5kr18o.cloudfront.net/new/atherosclerosis_acs_cad/atherosclerosis_acs_cad.m3u8,,0,11203,551,Medical / Surgical / Cardiac (Adult Health) / Myocardial Infarction (Adult Health)
Medical / Surgical,Medical / Surgical / Cardiac (Adult Health),Myocardial Infarction (Adult Health),myocardial-infarction,39m 32s,3,Stress Test: Treadmill vs. Nuclear Pharmacological,stress-test-treadmill-vs-nuclear-pharmacological,1:59,119,https://members.simplenursing.com/wp-content/themes/simplenursing-app/images/videos/thumbnails/3.-Stress-Test-Treadmill-vs.-Nuclear-Pharmacological-copy.webp,https://d1pumg6d5kr18o.cloudfront.net/new/stress_test_treadmill_vs_nuclear_pharmacological/stress_test_treadmill_vs_nuclear_pharmacological.m3u8,,0,11204,552,Medical / Surgical / Cardiac (Adult Health) / Myocardial Infarction (Adult Health)
Medical / Surgical,Medical / Surgical / Cardiac (Adult Health),Myocardial Infarction (Adult Health),myocardial-infarction,39m 32s,4,Cath lab & PCI (Angioplasty),cath-lab-pci-angioplasty,3:57,237,https://members.simplenursing.com/wp-content/themes/simplenursing-app/images/videos/thumbnails/5.-Cath-lab-PCI-Angioplasty-copy.webp,https://d1pumg6d5kr18o.cloudfront.net/new/cath_lab_038_pci_angioplasty/cath_lab_038_pci_angioplasty.m3u8,,0,11206,554,Medical / Surgical / Cardiac (Adult Health) / Myocardial Infarction (Adult Health)
Medical / Surgical,Medical / Surgical / Cardiac (Adult Health),Myocardial Infarction (Adult Health),myocardial-infarction,39m 32s,5,Complications after MI,complications-after-mi,3:04,184,https://members.simplenursing.com/wp-content/themes/simplenursing-app/images/videos/thumbnails/6.-Complications-after-MI-copy.webp,https://d1pumg6d5kr18o.cloudfront.net/new/complications_after_mi/complications_after_mi.m3u8,,0,11207,555,Medical / Surgical / Cardiac (Adult Health) / Myocardial Infarction (Adult Health)
Medical / Surgical,Medical / Surgical / Cardiac (Adult Health),Myocardial Infarction (Adult Health),myocardial-infarction,39m 32s,6,Post MI Pharmacology & Pt Education,post-mi-pharmacology-pt-education,4:15,255,https://members.simplenursing.com/wp-content/themes/simplenursing-app/images/videos/thumbnails/7.-Post-MI-Pharmacology-Pt-Education-copy.webp,https://d1pumg6d5kr18o.cloudfront.net/new/post_mi_pharmacology_038_pt_education/post_mi_pharmacology_038_pt_education.m3u8,,0,11208,556,Medical / Surgical / Cardiac (Adult Health) / Myocardial Infarction (Adult Health)
Medical / Surgical,Medical / Surgical / Cardiac (Adult Health),Angina (Adult Health),angina,4m 22s,1,Angina,angina-unstable-vs-stable,4:22,262,https://members.simplenursing.com/wp-content/themes/simplenursing-app/images/videos/thumbnails/1.-Angina-copy.webp,https://d1pumg6d5kr18o.cloudfront.net/new/angina/angina.m3u8,,0,11209,557,Medical / Surgical / Cardiac (Adult Health) / Angina (Adult Health)
Medical / Surgical,Medical / Surgical / Cardiac (Adult Health),Pericarditis (Adult Health),pericarditis,12m 4s,1,Pericarditis,pericarditis,12:04,724,https://members.simplenursing.com/wp-content/themes/simplenursing-app/images/videos/thumbnails/1.-Pericarditis-copy.webp,https://d1pumg6d5kr18o.cloudfront.net/new/pericarditis/pericarditis.m3u8,,0,11210,558,Medical / Surgical / Cardiac (Adult Health) / Pericarditis (Adult Health)
Medical / Surgical,Medical / Surgical / Cardiac (Adult Health),Peripheral Vascular Disorders (Adult Health),peripheral-vascular-disorders,43m 55s,1,Peripheral Vascular Disease Vs. Peripheral Artery Disease (PVD vs. PAD),peripheral-vascular-disease-vs-peripheral-artery-disease-pvd-vs-pad,16:14,974,https://members.simplenursing.com/wp-content/themes/simplenursing-app/images/videos/thumbnails/1.-Peripheral-Vascular-Disease-Vs.-Peripheral-Artery-Disease-PVD-vs.-PAD-copy.webp,https://d1pumg6d5kr18o.cloudfront.net/new/peripheral_vascular_disease_vs_peripheral_artery_disease_pvd_vs_pad/peripheral_vascular_disease_vs_peripheral_artery_disease_pvd_vs_pad.m3u8,,0,11211,559,Medical / Surgical / Cardiac (Adult Health) / Peripheral Vascular Disorders (Adult Health)
Medical / Surgical,Medical / Surgical / Cardiac (Adult Health),Peripheral Vascular Disorders (Adult Health),peripheral-vascular-disorders,43m 55s,2,Raynaud's vs Buerger's disease,raynauds-vs-buergers-disease,1:07,67,https://members.simplenursing.com/wp-content/themes/simplenursing-app/images/videos/thumbnails/2.-Raynaud_s-vs-Buerger_s-disease-copy.webp,https://d1pumg6d5kr18o.cloudfront.net/new/raynaud_8217_s_vs_buerger_8217_s_disease/raynaud_8217_s_vs_buerger_8217_s_disease.m3u8,,0,11212,560,Medical / Surgical / Cardiac (Adult Health) / Peripheral Vascular Disorders (Adult Health)
Medical / Surgical,Medical / Surgical / Cardiac (Adult Health),Peripheral Vascular Disorders (Adult Health),peripheral-vascular-disorders,43m 55s,3,DVT - Deep Vein Thrombosis,dvt-deep-vein-thrombosis,13:17,797,https://members.simplenursing.com/wp-content/themes/simplenursing-app/images/videos/thumbnails/3.-DVT-Deep-Vein-Thrombosis-copy.webp,https://d1pumg6d5kr18o.cloudfront.net/new/dvt_8211_deep_vein_thrombosis/dvt_8211_deep_vein_thrombosis.m3u8,,0,11213,561,Medical / Surgical / Cardiac (Adult Health) / Peripheral Vascular Disorders (Adult Health)
Medical / Surgical,Medical / Surgical / Cardiac (Adult Health),Peripheral Vascular Disorders (Adult Health),peripheral-vascular-disorders,43m 55s,4,"PVD, PAD, & DVT Wrap up",pvd-pad-dvt-wrap-up,13:17,797,https://members.simplenursing.com/wp-content/themes/simplenursing-app/images/videos/thumbnails/4.-PVD-PAD-DVT-Wrap-up-copy.webp,https://d1pumg6d5kr18o.cloudfront.net/new/pvd_pad_038_dvt_wrap_up/pvd_pad_038_dvt_wrap_up.m3u8,,0,11214,562,Medical / Surgical / Cardiac (Adult Health) / Peripheral Vascular Disorders (Adult Health)
Medical / Surgical,Medical / Surgical / Endocrine (Adult Health),Addisons Vs Cushing (Adult Health),addisons-vs-cushing,14m 56s,1,Addisons Vs Cushing,addisons-vs-cushing,14:56,896,https://members.simplenursing.com/wp-content/themes/simplenursing-app/images/videos/thumbnails/1.-Addisons-Vs-Cushing-copy.webp,https://d1pumg6d5kr18o.cloudfront.net/new/addisons_vs_cushing/addisons_vs_cushing.m3u8,,0,11247,563,Medical / Surgical / Endocrine (Adult Health) / Addisons Vs Cushing (Adult Health)
Medical / Surgical,Medical / Surgical / Endocrine (Adult Health),Diabetes (Adult Health),diabetes,51m 4s,1,Diabetes Type 1 vs. Type 2 Full Video,diabetes-type-1-vs-type-2-full-video,36:44,2204,https://members.simplenursing.com/wp-content/themes/simplenursing-app/images/videos/thumbnails/1.-Diabetes-Type-1-vs.-Type-2-Full-Video-copy.webp,https://d1pumg6d5kr18o.cloudfront.net/new/1_diabetes_series_diabetes_type_1_vs_type_2_full_video_updated_2/part.m3u8,"Diabetes Mellitus is a chronic disease associated with abnormally high levels of the sugar glucose in the blood. The two main types of diabetes correspond to these two mechanisms and are called insulin dependent (type 1) and non-insulin dependent (type 2) diabetes. In type 1 diabetes there is no insulin or not enough of it. In type 2 diabetes, there is generally enough insulin but the cells upon which it should act are not normally sensitive to its action.",0,11248,564,Medical / Surgical / Endocrine (Adult Health) / Diabetes (Adult Health)
Medical / Surgical,Medical / Surgical / Endocrine (Adult Health),Diabetes (Adult Health),diabetes,51m 4s,2,Insulin Types & Memory Tricks,insulin-types-memory-tricks,10:02,602,https://members.simplenursing.com/wp-content/themes/simplenursing-app/images/videos/thumbnails/2.-Insulin-Types-Memory-Tricks-copy.webp,https://d1pumg6d5kr18o.cloudfront.net/new/insulin_types_038_memory_tricks/insulin_types_038_memory_tricks.m3u8,,0,11249,565,Medical / Surgical / Endocrine (Adult Health) / Diabetes (Adult Health)
Medical / Surgical,Medical / Surgical / Endocrine (Adult Health),Diabetes (Adult Health),diabetes,51m 4s,3,Oral Hypoglycemics,oral-hypoglycemics,4:18,258,https://members.simplenursing.com/wp-content/themes/simplenursing-app/images/videos/thumbnails/3.-Oral-Hypoglycemics-copy.webp,https://d1pumg6d5kr18o.cloudfront.net/new/1_diabetes_series_oral_hypoglycemics_%28metformin%29_updated/1_diabetes_series_oral_hypoglycemics_%28metformin%29_updated.m3u8,,0,11250,566,Medical / Surgical / Endocrine (Adult Health) / Diabetes (Adult Health)
Medical / Surgical,Medical / Surgical / Endocrine (Adult Health),DKA vs HHS (Adult Health),dka-vs-hhs,12m 25s,1,DKA vs HHS,dka-vs-hhs,12:25,745,https://members.simplenursing.com/wp-content/themes/simplenursing-app/images/videos/thumbnails/1.-DKA-vs-HHS-copy.webp,https://d1pumg6d5kr18o.cloudfront.net/new/dka_vs_hhs/dka_vs_hhs.m3u8,"Diabetic Ketoacidosis (DKA) and Hyperosmolar Hyperglycemic Nonketotic Syndrome (HHNS) are serious diabetes complications. DKA, mainly in type 1 diabetes, involves ketones making blood acidic due to insufficient insulin. HHNS, typically in type 2 diabetes, features extreme high blood sugar without significant ketones. Both require different management strategies despite sharing hyperglycemia.",0,11251,567,Medical / Surgical / Endocrine (Adult Health) / DKA vs HHS (Adult Health)
Medical / Surgical,Medical / Surgical / Endocrine (Adult Health),Hyperaldosteronism (Adult Health),hyperaldosteronism,9m 11s,1,Hyperaldosteronism,hyperaldosteronism,9:11,551,https://members.simplenursing.com/wp-content/themes/simplenursing-app/images/videos/thumbnails/1.-Hyperaldosteronism-copy.webp,https://d1pumg6d5kr18o.cloudfront.net/new/patho/10_hyperaldosteronism/10_hyperaldosteronism.m3u8,,0,11253,568,Medical / Surgical / Endocrine (Adult Health) / Hyperaldosteronism (Adult Health)
Medical / Surgical,Medical / Surgical / Endocrine (Adult Health),Parathyroid (Adult Health),parathyroid-hyper-vs-hypoparathyroidism,8m 33s,1,Parathyroid - Hyper vs Hypoparathyroidism,parathyroid-hyper-vs-hypoparathyroidism,8:33,513,https://members.simplenursing.com/wp-content/themes/simplenursing-app/images/videos/thumbnails/1.-Parathyroid-Hyper-vs-Hypoparathyroidism-copy.webp,https://d1pumg6d5kr18o.cloudfront.net/new/parathyroid_8211_hyper_vs_hypoparathyroidism/parathyroid_8211_hyper_vs_hypoparathyroidism.m3u8,,0,11254,569,Medical / Surgical / Endocrine (Adult Health) / Parathyroid (Adult Health)
Medical / Surgical,Medical / Surgical / Endocrine (Adult Health),Thyroid (Adult Health),thyroid-hyper-vs-hypothyroidism,19m 30s,1,Thyroid - Hyper vs Hypothyroidism,thyroid-hyper-vs-hypothyroidism,19:30,1170,https://members.simplenursing.com/wp-content/themes/simplenursing-app/images/videos/thumbnails/1.-Thyroid-Hyper-vs-Hypothyroidism-copy.webp,https://d1pumg6d5kr18o.cloudfront.net/new/thyroid-hyper-hypo-new/thyroid-hyper-hypo-new.m3u8,,0,11256,570,Medical / Surgical / Endocrine (Adult Health) / Thyroid (Adult Health)
Medical / Surgical,Medical / Surgical / Endocrine (Adult Health),SIADH vs DI (Adult Health),siadh-vs-di,15m 33s,1,SIADH vs DI,siadh-vs-di,15:33,933,https://members.simplenursing.com/wp-content/themes/simplenursing-app/images/videos/thumbnails/1.-SIADH-vs-DI-copy.webp,https://d1pumg6d5kr18o.cloudfront.net/new/siadh_vs_di/siadh_vs_di.m3u8,,0,11255,571,Medical / Surgical / Endocrine (Adult Health) / SIADH vs DI (Adult Health)
Medical / Surgical,Medical / Surgical / Endocrine (Adult Health),Pancreatitis (Adult Health),pancreatitis,12m 46s,1,Pancreas Song,pancreas-song,0:53,53,https://members.simplenursing.com/wp-content/themes/simplenursing-app/images/videos/thumbnails/1.-Pancreas-Song-copy.webp,https://d1pumg6d5kr18o.cloudfront.net/new/gi_liver_pancreas_1_pancreas_song/gi_liver_pancreas_1_pancreas_song.m3u8,,0,16890,572,Medical / Surgical / Endocrine (Adult Health) / Pancreatitis (Adult Health)
Medical / Surgical,Medical / Surgical / Endocrine (Adult Health),Pancreatitis (Adult Health),pancreatitis,12m 46s,2,Pancreatitis,pancreatitis-new,11:53,713,https://members.simplenursing.com/wp-content/themes/simplenursing-app/images/videos/thumbnails/2.-Pancreatitis-copy.webp,https://d1pumg6d5kr18o.cloudfront.net/new/gi_liver_pancreas_pancreatitis/gi_liver_pancreas_pancreatitis.m3u8,,0,16891,573,Medical / Surgical / Endocrine (Adult Health) / Pancreatitis (Adult Health)
Medical / Surgical,Medical / Surgical / Endocrine (Adult Health),Lupus (Adult Health),lupus-endocrine,18m 28s,1,Lupus,lupus,18:28,1108,https://members.simplenursing.com/wp-content/themes/simplenursing-app/images/videos/thumbnails/1.-Lupus-copy.webp,https://d1pumg6d5kr18o.cloudfront.net/new/7_immune_lupus/7_immune_lupus.m3u8,,0,17133,574,Medical / Surgical / Endocrine (Adult Health) / Lupus (Adult Health)
Medical / Surgical,Medical / Surgical / Neurological & Brain (Adult Health),CNS vs. PNS (Adult Health),cns-vs-pns,8m 24s,1,CNS vs. PNS,cns-vs-pns,8:24,504,https://members.simplenursing.com/wp-content/themes/simplenursing-app/images/videos/thumbnails/1.-CNS-vs.-PNS-copy.webp,https://d1pumg6d5kr18o.cloudfront.net/new/1_cns_&_pns/1_cns_&_pns.m3u8,,0,16349,575,Medical / Surgical / Neurological & Brain (Adult Health) / CNS vs. PNS (Adult Health)
Medical / Surgical,Medical / Surgical / Neurological & Brain (Adult Health),Bell's Palsy vs. Trigeminal Neuralgia (Adult Health),bells-palsy-vs-trigeminal-neuralgia,5m,1,Bell's Palsy vs. Trigeminal Neuralgia,bells-palsy-vs-trigeminal-neuralgia,5:00,300,https://members.simplenursing.com/wp-content/themes/simplenursing-app/images/videos/thumbnails/1.-Bell_s-Palsy-vs.-Trigeminal-Neuralgia-copy.webp,https://d1pumg6d5kr18o.cloudfront.net/new/2_bells_palsy_vs_trigeminal_neuralgia/2_bells_palsy_vs_trigeminal_neuralgia.m3u8,,0,16348,576,Medical / Surgical / Neurological & Brain (Adult Health) / Bell's Palsy vs. Trigeminal Neuralgia (Adult Health)
Medical / Surgical,Medical / Surgical / Neurological & Brain (Adult Health),Dementia vs. Delirium (Adult Health),dementia-vs-delirium,5m 1s,1,Dementia vs. Delirium,dementia-vs-delirium,5:01,301,https://members.simplenursing.com/wp-content/themes/simplenursing-app/images/videos/thumbnails/1.-Dementia-vs.-Delirium-copy.webp,https://d1pumg6d5kr18o.cloudfront.net/new/3_dementia_vs_delirium/3_dementia_vs_delirium.m3u8,,0,16350,577,Medical / Surgical / Neurological & Brain (Adult Health) / Dementia vs. Delirium (Adult Health)
Medical / Surgical,Medical / Surgical / Neurological & Brain (Adult Health),Meningitis (Adult Health),meningitis-new-neuro,10m 11s,1,Meningitis,meningitis,10:11,611,https://members.simplenursing.com/wp-content/themes/simplenursing-app/images/videos/thumbnails/1.-Meningitis-Adult-Health-copy.webp,https://d1pumg6d5kr18o.cloudfront.net/new/4_meningitis/4_meningitis.m3u8,,0,16351,578,Medical / Surgical / Neurological & Brain (Adult Health) / Meningitis (Adult Health)
Medical / Surgical,Medical / Surgical / Neurological & Brain (Adult Health),Head Injuries (Adult Health),head-injuries,8m 52s,1,Head Injuries,head-injuries,8:52,532,https://members.simplenursing.com/wp-content/themes/simplenursing-app/images/videos/thumbnails//2.-Head-Injuries-copy.webp,https://d1pumg6d5kr18o.cloudfront.net/new/5_head_injuries/5_head_injuries.m3u8,,0,16352,579,Medical / Surgical / Neurological & Brain (Adult Health) / Head Injuries (Adult Health)
Medical / Surgical,Medical / Surgical / Neurological & Brain (Adult Health),Increased ICP (Adult Health),increased-icp,19m 13s,1,Increased ICP,increased-icp,19:13,1153,https://members.simplenursing.com/wp-content/themes/simplenursing-app/images/videos/thumbnails/1.-Increased-ICP-copy.webp,https://d1pumg6d5kr18o.cloudfront.net/new/6_increased_icp/6_increased_icp.m3u8,,0,16353,580,Medical / Surgical / Neurological & Brain (Adult Health) / Increased ICP (Adult Health)
Medical / Surgical,Medical / Surgical / Neurological & Brain (Adult Health),Spinal Cord Injury (Adult Health),spinal-cord-injury,11m 34s,1,Spinal Cord Injury,spinal-cord-injury,3:44,224,https://members.simplenursing.com/wp-content/themes/simplenursing-app/images/videos/thumbnails/1.-Spinal-Cord-Injury-copy.webp,https://d1pumg6d5kr18o.cloudfront.net/new/7_spinal_cord_injury/7_spinal_cord_injury.m3u8,,0,16354,581,Medical / Surgical / Neurological & Brain (Adult Health) / Spinal Cord Injury (Adult Health)
Medical / Surgical,Medical / Surgical / Neurological & Brain (Adult Health),Spinal Cord Injury (Adult Health),spinal-cord-injury,11m 34s,2,Autonomic Dysreflexia,autonomic-dysreflexia,7:50,470,https://members.simplenursing.com/wp-content/themes/simplenursing-app/images/videos/thumbnails/2.-Autonomic-Dysreflexia-copy.webp,https://d1pumg6d5kr18o.cloudfront.net/new/75_autonomic_dysreflexia_/75_autonomic_dysreflexia_.m3u8,,0,16355,582,Medical / Surgical / Neurological & Brain (Adult Health) / Spinal Cord Injury (Adult Health)
Medical / Surgical,Medical / Surgical / Neurological & Brain (Adult Health),GCS - Glasgow Coma Scale (Adult Health),gcs-glasgow-coma-scale-new,23m 36s,1,ICP 5 Question Quiz,icp-5-question-quiz,9:08,548,https://members.simplenursing.com/wp-content/themes/simplenursing-app/images/videos/thumbnails/1.-ICP-5-Question-Quiz-copy.webp,https://d1pumg6d5kr18o.cloudfront.net/new/icp-question-quiz/icp-question-quiz.m3u8,,0,16356,583,Medical / Surgical / Neurological & Brain (Adult Health) / GCS - Glasgow Coma Scale (Adult Health)
Medical / Surgical,Medical / Surgical / Neurological & Brain (Adult Health),GCS - Glasgow Coma Scale (Adult Health),gcs-glasgow-coma-scale-new,23m 36s,2,GCS - Glasgow Coma Scale,gcs-glasgow-coma-scale-2,6:09,369,https://members.simplenursing.com/wp-content/themes/simplenursing-app/images/videos/thumbnails/2.-GCS-Glasgow-Coma-Scale-copy.webp,https://d1pumg6d5kr18o.cloudfront.net/new/8_gcs_glasgow_coma_scale/8_gcs_glasgow_coma_scale.m3u8,,0,16357,584,Medical / Surgical / Neurological & Brain (Adult Health) / GCS - Glasgow Coma Scale (Adult Health)
Medical / Surgical,Medical / Surgical / Neurological & Brain (Adult Health),GCS - Glasgow Coma Scale (Adult Health),gcs-glasgow-coma-scale-new,23m 36s,3,GCS - QUIZ,gcs-quiz,8:19,499,https://members.simplenursing.com/wp-content/themes/simplenursing-app/images/videos/thumbnails/3.-GCS-QUIZ-copy.webp,https://d1pumg6d5kr18o.cloudfront.net/new/8_gcs_glasgow_coma_scale_quiz/8_gcs_glasgow_coma_scale_quiz.m3u8,,0,16362,585,Medical / Surgical / Neurological & Brain (Adult Health) / GCS - Glasgow Coma Scale (Adult Health)
Medical / Surgical,Medical / Surgical / Neurological & Brain (Adult Health),Stroke CVA (Adult Health),stroke-cva,16m 43s,1,Stroke CVA,stroke-cva,16:43,1003,https://members.simplenursing.com/wp-content/themes/simplenursing-app/images/videos/thumbnails/1.-Stroke-CVA-copy.webp,https://d1pumg6d5kr18o.cloudfront.net/new/9_strokes_cva_/9_strokes_cva_.m3u8,,0,16363,586,Medical / Surgical / Neurological & Brain (Adult Health) / Stroke CVA (Adult Health)
Medical / Surgical,Medical / Surgical / Neurological & Brain (Adult Health),Seizures (Adult Health),seizures-new,22m 48s,1,Seizures,seizures,22:48,1368,https://members.simplenursing.com/wp-content/themes/simplenursing-app/images/videos/thumbnails/1.-Seizures-copy.webp,https://d1pumg6d5kr18o.cloudfront.net/new/10_seizures/10_seizures.m3u8,,0,16364,587,Medical / Surgical / Neurological & Brain (Adult Health) / Seizures (Adult Health)
Medical / Surgical,Medical / Surgical / Neurological & Brain (Adult Health),Neuro diseases Overview (Adult Health),neuro-diseases-overview,7m 42s,1,Neuro Diseases Quick Overview,neuro-diseases-quick-overview,7:42,462,https://members.simplenursing.com/wp-content/themes/simplenursing-app/images/videos/thumbnails/1.-Neuro-diseases-copy.webp,https://d1pumg6d5kr18o.cloudfront.net/new/11_neuro_disease_quick_overview/11_neuro_disease_quick_overview.m3u8,,0,16365,588,Medical / Surgical / Neurological & Brain (Adult Health) / Neuro diseases Overview (Adult Health)
Medical / Surgical,Medical / Surgical / Neurological & Brain (Adult Health),ALS (Adult Health),als,3m 26s,1,A.L.S. Amyotrophic Lateral Sclerosis,a-l-s-amyotrophic-lateral-sclerosis,3:26,206,https://members.simplenursing.com/wp-content/themes/simplenursing-app/images/videos/thumbnails/1.-A.L.S.-Amyotrophic-Lateral-Sclerosis-copy.webp,https://d1pumg6d5kr18o.cloudfront.net/new/12_als/12_als.m3u8,,0,16366,589,Medical / Surgical / Neurological & Brain (Adult Health) / ALS (Adult Health)
Medical / Surgical,Medical / Surgical / Neurological & Brain (Adult Health),Alzheimer's Disease (Adult Health),alzheimers-disease,8m 20s,1,Alzheimer's Disease,alzheimers-disease,8:20,500,https://members.simplenursing.com/wp-content/themes/simplenursing-app/images/videos/thumbnails/1.-Alzheimer_s-Disease-copy.webp,https://d1pumg6d5kr18o.cloudfront.net/new/13_alzheimers/13_alzheimers.m3u8,,0,16367,590,Medical / Surgical / Neurological & Brain (Adult Health) / Alzheimer's Disease (Adult Health)
Medical / Surgical,Medical / Surgical / Neurological & Brain (Adult Health),GB Guillain-Barre Syndrome (Adult Health),gb-guillain-barre-syndrome,2m 52s,1,G.B. Guillain-Barre Syndrome,g-b-guillain-barre-syndrome,2:52,172,https://members.simplenursing.com/wp-content/themes/simplenursing-app/images/videos/thumbnails/1.-GB-Guillain-Barre-Syndrome-copy.webp,https://d1pumg6d5kr18o.cloudfront.net/new/14_gb_guillain-barre_syndrome/14_gb_guillain-barre_syndrome.m3u8,,0,16368,591,Medical / Surgical / Neurological & Brain (Adult Health) / GB Guillain-Barre Syndrome (Adult Health)
Medical / Surgical,Medical / Surgical / Neurological & Brain (Adult Health),Huntington Disease (Adult Health),huntington-disease,1m 8s,1,Huntington Disease,huntington-disease,1:08,68,https://members.simplenursing.com/wp-content/themes/simplenursing-app/images/videos/thumbnails/1.-Huntington-Disease-copy.webp,https://d1pumg6d5kr18o.cloudfront.net/new/15_huntinton_disease/15_huntinton_disease.m3u8,,0,16369,592,Medical / Surgical / Neurological & Brain (Adult Health) / Huntington Disease (Adult Health)
Medical / Surgical,Medical / Surgical / Neurological & Brain (Adult Health),MG Myasthenia Gravis (Adult Health),mg-myasthenia-gravis,12m 42s,1,M.G. Myasthenia Gravis,m-g-myasthenia-gravis,12:42,762,https://members.simplenursing.com/wp-content/themes/simplenursing-app/images/videos/thumbnails/1.-MG-Myasthenia-Gravis-copy.webp,https://d1pumg6d5kr18o.cloudfront.net/new/16_mg_myasthenia_gravis/16_mg_myasthenia_gravis.m3u8,,0,16370,593,Medical / Surgical / Neurological & Brain (Adult Health) / MG Myasthenia Gravis (Adult Health)
Medical / Surgical,Medical / Surgical / Neurological & Brain (Adult Health),MS Multiple Sclerosis (Adult Health),ms-multiple-sclerosis,9m 57s,1,M.S. Multiple Sclerosis,m-s-multiple-sclerosis,9:57,597,https://members.simplenursing.com/wp-content/themes/simplenursing-app/images/videos/thumbnails/1.-MS-Multiple-Sclerosis-copy.webp,https://d1pumg6d5kr18o.cloudfront.net/new/17_ms_multiple_sclerosis/17_ms_multiple_sclerosis.m3u8,,0,16371,594,Medical / Surgical / Neurological & Brain (Adult Health) / MS Multiple Sclerosis (Adult Health)
Medical / Surgical,Medical / Surgical / Neurological & Brain (Adult Health),Parkinson's Disease (Adult Health),parkinsons-disease-neuro,8m 45s,1,Parkinson’s Disease,parkinsons-disease,8:45,525,https://members.simplenursing.com/wp-content/themes/simplenursing-app/images/videos/thumbnails/1.-Parkinson_s-Disease-copy.webp,https://d1pumg6d5kr18o.cloudfront.net/new/18_parkinsons_disease/18_parkinsons_disease.m3u8,,0,16372,595,Medical / Surgical / Neurological & Brain (Adult Health) / Parkinson's Disease (Adult Health)
Medical / Surgical,Medical / Surgical / Renal & Urinary (Adult Health),Renal Anatomy & Physiology (Adult Health),renal-anatomy-physiology,3m 32s,1,Renal Anatomy & Physiology,renal-anatomy-physiology,3:32,212,https://members.simplenursing.com/wp-content/themes/simplenursing-app/images/videos/thumbnails/1.-Renal-Anatomy-Physiology-copy.webp,https://d1pumg6d5kr18o.cloudfront.net/new/1_renal_anatomy_physiology/1_renal_anatomy_physiology.m3u8,,0,16449,596,Medical / Surgical / Renal & Urinary (Adult Health) / Renal Anatomy & Physiology (Adult Health)
Medical / Surgical,Medical / Surgical / Renal & Urinary (Adult Health),Renal Lab values & Urine Analysis (Adult Health),renal-lab-values-urine-analysis,21m 21s,1,Renal Lab values & Urine Analysis,renal-lab-values-urine-analysis,10:43,643,https://members.simplenursing.com/wp-content/themes/simplenursing-app/images/videos/thumbnails/1.-Renal-Lab-values-Urine-Analysis-copy.webp,https://d1pumg6d5kr18o.cloudfront.net/new/2_renal_lab_value_ua/2_renal_lab_value_ua.m3u8,,0,16450,597,Medical / Surgical / Renal & Urinary (Adult Health) / Renal Lab values & Urine Analysis (Adult Health)
Medical / Surgical,Medical / Surgical / Renal & Urinary (Adult Health),Renal Lab values & Urine Analysis (Adult Health),renal-lab-values-urine-analysis,21m 21s,2,Renal Lab Values,renal-lab-values,6:22,382,https://members.simplenursing.com/wp-content/themes/simplenursing-app/images/videos/thumbnails/2.-Renal-Lab-Values-copy.webp,https://d1pumg6d5kr18o.cloudfront.net/new/2_renal_lab_values/2_renal_lab_values.m3u8,,0,16462,598,Medical / Surgical / Renal & Urinary (Adult Health) / Renal Lab values & Urine Analysis (Adult Health)
Medical / Surgical,Medical / Surgical / Renal & Urinary (Adult Health),Renal Lab values & Urine Analysis (Adult Health),renal-lab-values-urine-analysis,21m 21s,3,Urine Analysis,urine-analysis,4:16,256,https://members.simplenursing.com/wp-content/themes/simplenursing-app/images/videos/thumbnails/3.-Urine-Analysis-copy.webp,https://d1pumg6d5kr18o.cloudfront.net/new/3_urine_analysis/3_urine_analysis.m3u8,,0,16463,599,Medical / Surgical / Renal & Urinary (Adult Health) / Renal Lab values & Urine Analysis (Adult Health)
Medical / Surgical,Medical / Surgical / Renal & Urinary (Adult Health),Renal Failure (Adult Health),renal-failure,1h,1,Renal Failure,renal-failure,30:24,1824,https://members.simplenursing.com/wp-content/themes/simplenursing-app/images/videos/thumbnails/1.-Renal-Failure-copy.webp,https://d1pumg6d5kr18o.cloudfront.net/new/1_renal_failure/1_renal_failure.m3u8,,0,16451,600,Medical / Surgical / Renal & Urinary (Adult Health) / Renal Failure (Adult Health)
Medical / Surgical,Medical / Surgical / Renal & Urinary (Adult Health),Renal Failure (Adult Health),renal-failure,1h,2,Acute renal failure,acute-renal-failure,9:11,551,https://members.simplenursing.com/wp-content/themes/simplenursing-app/images/videos/thumbnails/2.-Acute-renal-failure-copy.webp,https://d1pumg6d5kr18o.cloudfront.net/new/2_acute_renal_failure/2_acute_renal_failure.m3u8,,0,16460,601,Medical / Surgical / Renal & Urinary (Adult Health) / Renal Failure (Adult Health)
Medical / Surgical,Medical / Surgical / Renal & Urinary (Adult Health),Renal Failure (Adult Health),renal-failure,1h,3,Chronic renal failure,chronic-renal-failure,20:51,1251,https://members.simplenursing.com/wp-content/themes/simplenursing-app/images/videos/thumbnails/3.-Chronic-renal-failure-copy.webp,https://d1pumg6d5kr18o.cloudfront.net/new/3_chronic_renal_failure/3_chronic_renal_failure.m3u8,,0,16461,602,Medical / Surgical / Renal & Urinary (Adult Health) / Renal Failure (Adult Health)
Medical / Surgical,Medical / Surgical / Renal & Urinary (Adult Health),Dialysis (Adult Health),dialysis,27m 5s,1,Dialysis,dialysis,13:34,814,https://members.simplenursing.com/wp-content/themes/simplenursing-app/images/videos/thumbnails/1.-Dialysis-copy.webp,https://d1pumg6d5kr18o.cloudfront.net/new/4_dialysis/4_dialysis.m3u8,,0,16452,603,Medical / Surgical / Renal & Urinary (Adult Health) / Dialysis (Adult Health)
Medical / Surgical,Medical / Surgical / Renal & Urinary (Adult Health),Dialysis (Adult Health),dialysis,27m 5s,2,Hemodialysis,hemodialysis-2,9:53,593,https://members.simplenursing.com/wp-content/themes/simplenursing-app/images/videos/thumbnails/2.-Hemodialysis-copy.webp,https://d1pumg6d5kr18o.cloudfront.net/new/2_hemodialysis/2_hemodialysis.m3u8,,0,16464,604,Medical / Surgical / Renal & Urinary (Adult Health) / Dialysis (Adult Health)
Medical / Surgical,Medical / Surgical / Renal & Urinary (Adult Health),Dialysis (Adult Health),dialysis,27m 5s,3,Peritoneal Dialysis,peritoneal-dialysis-2,3:38,218,https://members.simplenursing.com/wp-content/themes/simplenursing-app/images/videos/thumbnails/3.-Peritoneal-Dialysis-copy.webp,https://d1pumg6d5kr18o.cloudfront.net/new/3_peritoneal_dialysis/3_peritoneal_dialysis.m3u8,,0,16465,605,Medical / Surgical / Renal & Urinary (Adult Health) / Dialysis (Adult Health)
Medical / Surgical,Medical / Surgical / Renal & Urinary (Adult Health),Kidney transplant vs. Biopsy (Adult Health),kidney-transplant-vs-biopsy,2m 53s,1,Kidney transplant vs. Biopsy,kidney-transplant-vs-biopsy,2:53,173,https://members.simplenursing.com/wp-content/themes/simplenursing-app/images/videos/thumbnails/1.-Kidney-transplant-vs.-Biopsy-copy.webp,https://d1pumg6d5kr18o.cloudfront.net/new/5_kidney_transplant_vs_biopsy/5_kidney_transplant_vs_biopsy.m3u8,,0,16453,606,Medical / Surgical / Renal & Urinary (Adult Health) / Kidney transplant vs. Biopsy (Adult Health)
Medical / Surgical,Medical / Surgical / Renal & Urinary (Adult Health),Urinary Retention vs. Incontinence (Adult Health),urinary-retention-vs-incontinence,30m 37s,1,Urinary Retention vs. Incontinence,urinary-retention-vs-incontinence,15:22,922,https://members.simplenursing.com/wp-content/themes/simplenursing-app/images/videos/thumbnails/1.-Urinary-Retention-vs.-Incontinence-copy.webp,https://d1pumg6d5kr18o.cloudfront.net/new/6_urinary_retention_vs_incontinence/6_urinary_retention_vs_incontinence.m3u8,,0,16454,607,Medical / Surgical / Renal & Urinary (Adult Health) / Urinary Retention vs. Incontinence (Adult Health)
Medical / Surgical,Medical / Surgical / Renal & Urinary (Adult Health),Urinary Retention vs. Incontinence (Adult Health),urinary-retention-vs-incontinence,30m 37s,2,Urinary retention,urinary-retention,6:54,414,https://members.simplenursing.com/wp-content/themes/simplenursing-app/images/videos/thumbnails/2.-Urinary-retention-copy.webp,https://d1pumg6d5kr18o.cloudfront.net/new/2_urinary_retention/2_urinary_retention.m3u8,,0,16466,608,Medical / Surgical / Renal & Urinary (Adult Health) / Urinary Retention vs. Incontinence (Adult Health)
Medical / Surgical,Medical / Surgical / Renal & Urinary (Adult Health),Urinary Retention vs. Incontinence (Adult Health),urinary-retention-vs-incontinence,30m 37s,3,Urinary incontinence,urinary-incontinence,8:21,501,https://members.simplenursing.com/wp-content/themes/simplenursing-app/images/videos/thumbnails/3.-Urinary-incontinence-copy.webp,https://d1pumg6d5kr18o.cloudfront.net/new/3_urinary_incontinence/3_urinary_incontinence.m3u8,,0,16467,609,Medical / Surgical / Renal & Urinary (Adult Health) / Urinary Retention vs. Incontinence (Adult Health)
Medical / Surgical,Medical / Surgical / Renal & Urinary (Adult Health),Bladder Cancer & Cystoscopy (Adult Health),bladder-cancer-cystoscopy,2m 54s,1,Bladder Cancer & Cystoscopy,bladder-cancer-cystoscopy,2:54,174,https://members.simplenursing.com/wp-content/themes/simplenursing-app/images/videos/thumbnails/1.-Bladder-Cancer-Cystoscopy-copy.webp,https://d1pumg6d5kr18o.cloudfront.net/new/7_bladder_cancer_cystoscopy/7_bladder_cancer_cystoscopy.m3u8,,0,16455,610,Medical / Surgical / Renal & Urinary (Adult Health) / Bladder Cancer & Cystoscopy (Adult Health)
Medical / Surgical,Medical / Surgical / Renal & Urinary (Adult Health),Glomerulonephritis & Nephrosis (Adult Health),glomerulonephritis-nephrosis,6m 50s,1,Glomerulonephritis & Nephrosis,glomerulonephritis-nephrosis,6:50,410,https://members.simplenursing.com/wp-content/themes/simplenursing-app/images/videos/thumbnails/1.-Glomerulonephritis-Nephrosis-Adult-Health-copy.webp,https://d1pumg6d5kr18o.cloudfront.net/new/8_glomerulonephritis_vs_nephrosis/8_glomerulonephritis_vs_nephrosis.m3u8,,0,16456,611,Medical / Surgical / Renal & Urinary (Adult Health) / Glomerulonephritis & Nephrosis (Adult Health)
Medical / Surgical,Medical / Surgical / Renal & Urinary (Adult Health),UTI & Pyelonephritis (Adult Health),uti-pyelonephritis,14m 53s,1,UTI & Pyelonephritis,uti-pyelonephritis,14:53,893,https://members.simplenursing.com/wp-content/themes/simplenursing-app/images/videos/thumbnails/1.-UTI-Pyelonephritis-copy.webp,https://d1pumg6d5kr18o.cloudfront.net/new/9_uti_pylonephristis/9_uti_pylonephristis.m3u8,,0,16457,612,Medical / Surgical / Renal & Urinary (Adult Health) / UTI & Pyelonephritis (Adult Health)
Medical / Surgical,Medical / Surgical / Renal & Urinary (Adult Health),Kidney Stones (Adult Health),kidney-stones,5m 41s,1,Kidney Stones,kidney-stones,5:41,341,https://members.simplenursing.com/wp-content/themes/simplenursing-app/images/videos/thumbnails/1.-Kidney-Stones-copy.webp,https://d1pumg6d5kr18o.cloudfront.net/new/10_kidney_stones/10_kidney_stones.m3u8,,0,16458,613,Medical / Surgical / Renal & Urinary (Adult Health) / Kidney Stones (Adult Health)
Medical / Surgical,Medical / Surgical / Renal & Urinary (Adult Health),BPH (Adult Health),bph,7m 28s,1,BPH,bph,7:28,448,https://members.simplenursing.com/wp-content/themes/simplenursing-app/images/videos/thumbnails/1.-BPH-copy.webp,https://d1pumg6d5kr18o.cloudfront.net/new/11_bph/11_bph.m3u8,,0,16459,614,Medical / Surgical / Renal & Urinary (Adult Health) / BPH (Adult Health)
Medical / Surgical,Medical / Surgical / Respiratory (Adult Health),ABGs & Acid Base Imbalances (Adult Health),respiratory-abgs-acid-base-imbalances,1h 22m,1,ABGs & Acid Base Imbalances (full video),abgs-acid-base-imbalances-full-video,36:34,2194,https://members.simplenursing.com/wp-content/themes/simplenursing-app/images/videos/thumbnails//1.-ABGs-Acid-Base-Imbalances-copy.webp,https://d1pumg6d5kr18o.cloudfront.net/new/1_abgs__acid_base_imbalances/1_abgs__acid_base_imbalances.m3u8,,0,16565,615,Medical / Surgical / Respiratory (Adult Health) / ABGs & Acid Base Imbalances (Adult Health)
Medical / Surgical,Medical / Surgical / Respiratory (Adult Health),ABGs & Acid Base Imbalances (Adult Health),respiratory-abgs-acid-base-imbalances,1h 22m,2,Acid Base Imbalances,acid-base-imbalances-med-surg-respiratory,16:25,985,https://members.simplenursing.com/wp-content/themes/simplenursing-app/images/videos/thumbnails//2.-Acid-Base-Imbalances-copy-1.webp,https://d1pumg6d5kr18o.cloudfront.net/new/2_acid_base_imbalances/2_acid_base_imbalances.m3u8,,0,16566,616,Medical / Surgical / Respiratory (Adult Health) / ABGs & Acid Base Imbalances (Adult Health)
Medical / Surgical,Medical / Surgical / Respiratory (Adult Health),ABGs & Acid Base Imbalances (Adult Health),respiratory-abgs-acid-base-imbalances,1h 22m,3,Metabolic acidosis & alkalosis,metabolic-acidosis-alkalosis,3:31,211,https://members.simplenursing.com/wp-content/themes/simplenursing-app/images/videos/thumbnails//3.-Metabolic-acidosis-alkalosis-copy-1.webp,https://d1pumg6d5kr18o.cloudfront.net/new/3_metabolic_acidosis__alkalosis/3_metabolic_acidosis__alkalosis.m3u8,,0,16568,617,Medical / Surgical / Respiratory (Adult Health) / ABGs & Acid Base Imbalances (Adult Health)
Medical / Surgical,Medical / Surgical / Respiratory (Adult Health),ABGs & Acid Base Imbalances (Adult Health),respiratory-abgs-acid-base-imbalances,1h 22m,4,Respiratory acidosis & alkalosis,respiratory-acidosis-alkalosis,8:31,511,https://members.simplenursing.com/wp-content/themes/simplenursing-app/images/videos/thumbnails//4.-Respiratory-acidosis-alkalosis-copy-1.webp,https://d1pumg6d5kr18o.cloudfront.net/new/4_respiratory_acidosis__alkalosis/4_respiratory_acidosis__alkalosis.m3u8,,0,16569,618,Medical / Surgical / Respiratory (Adult Health) / ABGs & Acid Base Imbalances (Adult Health)
Medical / Surgical,Medical / Surgical / Respiratory (Adult Health),ABGs & Acid Base Imbalances (Adult Health),respiratory-abgs-acid-base-imbalances,1h 22m,5,ABG Interpretation,abg-interpretation,6:34,394,https://members.simplenursing.com/wp-content/themes/simplenursing-app/images/videos/thumbnails//5.-ABG-Interpretation-copy-1.webp,https://d1pumg6d5kr18o.cloudfront.net/new/5_abg_interpretation/5_abg_interpretation.m3u8,,0,16570,619,Medical / Surgical / Respiratory (Adult Health) / ABGs & Acid Base Imbalances (Adult Health)
Medical / Surgical,Medical / Surgical / Respiratory (Adult Health),ABGs & Acid Base Imbalances (Adult Health),respiratory-abgs-acid-base-imbalances,1h 22m,6,ABG Practice Questions,abg-practice-questions,4:05,245,https://members.simplenursing.com/wp-content/themes/simplenursing-app/images/videos/thumbnails//6.-ABG-Practice-Questions-copy-1.webp,https://d1pumg6d5kr18o.cloudfront.net/new/6_abg_practice_questions/6_abg_practice_questions.m3u8,,0,16571,620,Medical / Surgical / Respiratory (Adult Health) / ABGs & Acid Base Imbalances (Adult Health)
Medical / Surgical,Medical / Surgical / Respiratory (Adult Health),ABGs & Acid Base Imbalances (Adult Health),respiratory-abgs-acid-base-imbalances,1h 22m,7,ABG Partially Compensated,abg-partially-compensated,7:08,428,https://members.simplenursing.com/wp-content/themes/simplenursing-app/images/videos/thumbnails//7.-ABG-Partially-Compensated-copy-1.webp,https://d1pumg6d5kr18o.cloudfront.net/new/7_abg_partially_compensated/7_abg_partially_compensated.m3u8,,0,16572,621,Medical / Surgical / Respiratory (Adult Health) / ABGs & Acid Base Imbalances (Adult Health)
Medical / Surgical,Medical / Surgical / Respiratory (Adult Health) / Assessment & Lungs Sounds (Adult Health),Abnormal Lungs Sounds (Adult Health),abnormal-lungs-sounds,28m 46s,1,Abnormal Lung Sounds,abnormal-lung-sounds,15:20,920,https://members.simplenursing.com/wp-content/themes/simplenursing-app/images/videos/thumbnails//1.-Abnormal-Lung-Sounds-copy.webp,https://d1pumg6d5kr18o.cloudfront.net/new/1_abnormal_lung_sounds/1_abnormal_lung_sounds.m3u8,,0,16573,622,Medical / Surgical / Respiratory (Adult Health) / Assessment & Lungs Sounds (Adult Health) / Abnormal Lungs Sounds (Adult Health)
Medical / Surgical,Medical / Surgical / Respiratory (Adult Health) / Assessment & Lungs Sounds (Adult Health),Abnormal Lungs Sounds (Adult Health),abnormal-lungs-sounds,28m 46s,2,Wheezes,wheezes,1:21,81,https://members.simplenursing.com/wp-content/themes/simplenursing-app/images/videos/thumbnails//2.-Wheezes-copy.webp,https://d1pumg6d5kr18o.cloudfront.net/new/2_wheezes/2_wheezes.m3u8,,0,16574,623,Medical / Surgical / Respiratory (Adult Health) / Assessment & Lungs Sounds (Adult Health) / Abnormal Lungs Sounds (Adult Health)
Medical / Surgical,Medical / Surgical / Respiratory (Adult Health) / Assessment & Lungs Sounds (Adult Health),Abnormal Lungs Sounds (Adult Health),abnormal-lungs-sounds,28m 46s,3,Crackles,crackles,1:23,83,https://members.simplenursing.com/wp-content/themes/simplenursing-app/images/videos/thumbnails//3.-Crackles-copy.webp,https://d1pumg6d5kr18o.cloudfront.net/new/3_crackles/3_crackles.m3u8,,0,16575,624,Medical / Surgical / Respiratory (Adult Health) / Assessment & Lungs Sounds (Adult Health) / Abnormal Lungs Sounds (Adult Health)
Medical / Surgical,Medical / Surgical / Respiratory (Adult Health) / Assessment & Lungs Sounds (Adult Health),Abnormal Lungs Sounds (Adult Health),abnormal-lungs-sounds,28m 46s,4,Stridor,stridor,1:07,67,https://members.simplenursing.com/wp-content/themes/simplenursing-app/images/videos/thumbnails//4.-Stridor-copy.webp,https://d1pumg6d5kr18o.cloudfront.net/new/4_stridor/4_stridor.m3u8,,0,16576,625,Medical / Surgical / Respiratory (Adult Health) / Assessment & Lungs Sounds (Adult Health) / Abnormal Lungs Sounds (Adult Health)
Medical / Surgical,Medical / Surgical / Respiratory (Adult Health) / Assessment & Lungs Sounds (Adult Health),Abnormal Lungs Sounds (Adult Health),abnormal-lungs-sounds,28m 46s,5,Rhonchi,rhonchi,0:50,50,https://members.simplenursing.com/wp-content/themes/simplenursing-app/images/videos/thumbnails//5.-Rhonchi-copy.webp,https://d1pumg6d5kr18o.cloudfront.net/new/5_rhonchi/5_rhonchi.m3u8,,0,16577,626,Medical / Surgical / Respiratory (Adult Health) / Assessment & Lungs Sounds (Adult Health) / Abnormal Lungs Sounds (Adult Health)
Medical / Surgical,Medical / Surgical / Respiratory (Adult Health) / Assessment & Lungs Sounds (Adult Health),Abnormal Lungs Sounds (Adult Health),abnormal-lungs-sounds,28m 46s,6,Pleural Friction Rub,pleural-friction-rub,1:21,81,https://members.simplenursing.com/wp-content/themes/simplenursing-app/images/videos/thumbnails//6.-Pleural-Friction-Rub-copy.webp,https://d1pumg6d5kr18o.cloudfront.net/new/6_pleural_friction_rub/6_pleural_friction_rub.m3u8,,0,16578,627,Medical / Surgical / Respiratory (Adult Health) / Assessment & Lungs Sounds (Adult Health) / Abnormal Lungs Sounds (Adult Health)
Medical / Surgical,Medical / Surgical / Respiratory (Adult Health) / Assessment & Lungs Sounds (Adult Health),Abnormal Lungs Sounds (Adult Health),abnormal-lungs-sounds,28m 46s,7,Top missed NCLEX Questions,top-missed-nclex-questions-abnormal-lungs-sounds,6:10,370,https://members.simplenursing.com/wp-content/themes/simplenursing-app/images/videos/thumbnails//7.-Top-missed-NCLEX-Questions-copy.webp,https://d1pumg6d5kr18o.cloudfront.net/new/7_top_missed_nclex_questions/7_top_missed_nclex_questions.m3u8,,0,16579,628,Medical / Surgical / Respiratory (Adult Health) / Assessment & Lungs Sounds (Adult Health) / Abnormal Lungs Sounds (Adult Health)
Medical / Surgical,Medical / Surgical / Respiratory (Adult Health) / Assessment & Lungs Sounds (Adult Health),Abnormal Lungs Sounds (Adult Health),abnormal-lungs-sounds,28m 46s,8,Cheyne-Stokes,cheyne-stokes,1:14,74,https://members.simplenursing.com/wp-content/themes/simplenursing-app/images/videos/video-topic-icon.png,https://d1pumg6d5kr18o.cloudfront.net/new/8_cheyne-stokes_/8_cheyne-stokes_.m3u8,,0,16580,629,Medical / Surgical / Respiratory (Adult Health) / Assessment & Lungs Sounds (Adult Health) / Abnormal Lungs Sounds (Adult Health)
Medical / Surgical,Medical / Surgical / Respiratory (Adult Health) / Assessment & Lungs Sounds (Adult Health),Lung Assessment (Adult Health),lung-assessment,27m 35s,1,Lung Assessment,lung-assessment,13:48,828,https://members.simplenursing.com/wp-content/themes/simplenursing-app/images/videos/thumbnails//1.-Lung-Assessment-copy.webp,https://d1pumg6d5kr18o.cloudfront.net/new/1_lung_assessment/1_lung_assessment.m3u8,,0,16581,630,Medical / Surgical / Respiratory (Adult Health) / Assessment & Lungs Sounds (Adult Health) / Lung Assessment (Adult Health)
Medical / Surgical,Medical / Surgical / Respiratory (Adult Health) / Assessment & Lungs Sounds (Adult Health),Lung Assessment (Adult Health),lung-assessment,27m 35s,2,Anatomy of the Lungs,anatomy-of-the-lungs,2:26,146,https://members.simplenursing.com/wp-content/themes/simplenursing-app/images/videos/thumbnails//2.-Anatomy-of-the-Lungs-copy.webp,https://d1pumg6d5kr18o.cloudfront.net/new/2_anatomy_of_the_lungs/2_anatomy_of_the_lungs.m3u8,,0,16582,631,Medical / Surgical / Respiratory (Adult Health) / Assessment & Lungs Sounds (Adult Health) / Lung Assessment (Adult Health)
Medical / Surgical,Medical / Surgical / Respiratory (Adult Health) / Assessment & Lungs Sounds (Adult Health),Lung Assessment (Adult Health),lung-assessment,27m 35s,3,Auscultation Locations,auscultation-locations,3:37,217,https://members.simplenursing.com/wp-content/themes/simplenursing-app/images/videos/thumbnails//3.-Auscultation-Locations-copy.webp,https://d1pumg6d5kr18o.cloudfront.net/new/3_auscultation_locations/3_auscultation_locations.m3u8,,0,16583,632,Medical / Surgical / Respiratory (Adult Health) / Assessment & Lungs Sounds (Adult Health) / Lung Assessment (Adult Health)
Medical / Surgical,Medical / Surgical / Respiratory (Adult Health) / Assessment & Lungs Sounds (Adult Health),Lung Assessment (Adult Health),lung-assessment,27m 35s,4,Hypoxia & Dyspnea,hypoxia-dyspnea,3:23,203,https://members.simplenursing.com/wp-content/themes/simplenursing-app/images/videos/thumbnails//4.-Hypoxia-Dyspnea-copy.webp,https://d1pumg6d5kr18o.cloudfront.net/new/4_hypoxia__dyspnea/4_hypoxia__dyspnea.m3u8,,0,16584,633,Medical / Surgical / Respiratory (Adult Health) / Assessment & Lungs Sounds (Adult Health) / Lung Assessment (Adult Health)
Medical / Surgical,Medical / Surgical / Respiratory (Adult Health) / Assessment & Lungs Sounds (Adult Health),Lung Assessment (Adult Health),lung-assessment,27m 35s,5,Lungs music Video :),lungs-music-video,4:21,261,https://members.simplenursing.com/wp-content/themes/simplenursing-app/images/videos/thumbnails//5.-Lungs-music-Video-copy.webp,https://d1pumg6d5kr18o.cloudfront.net/new/5_music_video_for_lungs/5_music_video_for_lungs.m3u8,,0,16585,634,Medical / Surgical / Respiratory (Adult Health) / Assessment & Lungs Sounds (Adult Health) / Lung Assessment (Adult Health)
Medical / Surgical,Medical / Surgical / Respiratory (Adult Health),ARDS & Acute respiratory failure (Adult Health),respiratory-ards-acute-respiratory-failure,9m 37s,1,ARDS & Acute Respiratory Failure,ards-acute-respiratory-failure,9:37,577,https://members.simplenursing.com/wp-content/themes/simplenursing-app/images/videos/thumbnails//1.-ARDS-Acute-respiratory-failure-copy-2.webp,https://d1pumg6d5kr18o.cloudfront.net/new/3_ards__acute_respiratory_failure/3_ards__acute_respiratory_failure.m3u8,,0,16588,635,Medical / Surgical / Respiratory (Adult Health) / ARDS & Acute respiratory failure (Adult Health)
Medical / Surgical,Medical / Surgical / Respiratory (Adult Health),Airborne vs. Droplet precautions (Adult Health),respiratory-airborne-vs-droplet-precautions,11m 36s,1,Airborne vs. Droplet precautions,airborne-vs-droplet-precautions,6:41,401,https://members.simplenursing.com/wp-content/themes/simplenursing-app/images/videos/thumbnails//1.-Airborne-vs.-Droplet-precautions-copy-1.webp,https://d1pumg6d5kr18o.cloudfront.net/new/1_airbone_vs_droplet_precautions/1_airbone_vs_droplet_precautions.m3u8,,0,16589,636,Medical / Surgical / Respiratory (Adult Health) / Airborne vs. Droplet precautions (Adult Health)
Medical / Surgical,Medical / Surgical / Respiratory (Adult Health),Airborne vs. Droplet precautions (Adult Health),respiratory-airborne-vs-droplet-precautions,11m 36s,2,Donning PPE,donning-ppe,0:32,32,https://members.simplenursing.com/wp-content/themes/simplenursing-app/images/videos/thumbnails//2.-Donning-PPE-copy.webp,https://d1pumg6d5kr18o.cloudfront.net/new/2_donning_ppe/2_donning_ppe.m3u8,,0,16590,637,Medical / Surgical / Respiratory (Adult Health) / Airborne vs. Droplet precautions (Adult Health)
Medical / Surgical,Medical / Surgical / Respiratory (Adult Health),Airborne vs. Droplet precautions (Adult Health),respiratory-airborne-vs-droplet-precautions,11m 36s,3,Top missed NCLEX Questions,top-missed-nclex-questions-airborne-droplets,4:23,263,https://members.simplenursing.com/wp-content/themes/simplenursing-app/images/videos/thumbnails//3.-Top-missed-NCLEX-Questions-copy.webp,https://d1pumg6d5kr18o.cloudfront.net/new/3_top_missed_nclex_questions/3_top_missed_nclex_questions.m3u8,,0,16591,638,Medical / Surgical / Respiratory (Adult Health) / Airborne vs. Droplet precautions (Adult Health)
Medical / Surgical,Medical / Surgical / Respiratory (Adult Health),Asthma (Adult Health),asthma-medsurg-respiratory,32m 38s,1,Asthma,asthma,21:51,1311,https://members.simplenursing.com/wp-content/themes/simplenursing-app/images/videos/thumbnails//1.-Asthma-copy.webp,https://d1pumg6d5kr18o.cloudfront.net/new/1_asthma/1_asthma.m3u8,,0,16593,639,Medical / Surgical / Respiratory (Adult Health) / Asthma (Adult Health)
Medical / Surgical,Medical / Surgical / Respiratory (Adult Health),Asthma (Adult Health),asthma-medsurg-respiratory,32m 38s,2,Peak Flow Meter,peak-flow-meter,3:17,197,https://members.simplenursing.com/wp-content/themes/simplenursing-app/images/videos/thumbnails//2.-Peak-Flow-Meter-copy.webp,https://d1pumg6d5kr18o.cloudfront.net/new/2_peak_flow_meter/2_peak_flow_meter.m3u8,,0,16594,640,Medical / Surgical / Respiratory (Adult Health) / Asthma (Adult Health)
Medical / Surgical,Medical / Surgical / Respiratory (Adult Health),Asthma (Adult Health),asthma-medsurg-respiratory,32m 38s,3,Asthma Pharmacology,asthma-pharmacology,7:30,450,https://members.simplenursing.com/wp-content/themes/simplenursing-app/images/videos/thumbnails//3.-Asthma-Pharmacology-copy.webp,https://d1pumg6d5kr18o.cloudfront.net/new/3_asthma_pharmacology/3_asthma_pharmacology.m3u8,,0,16595,641,Medical / Surgical / Respiratory (Adult Health) / Asthma (Adult Health)
Medical / Surgical,Medical / Surgical / Respiratory (Adult Health),Bronchoscopy (Adult Health),bronchoscopy,3m 49s,1,Bronchoscopy,bronchoscopy,3:49,229,https://members.simplenursing.com/wp-content/themes/simplenursing-app/images/videos/thumbnails//1.-Bronchoscopy-copy.webp,https://d1pumg6d5kr18o.cloudfront.net/new/6_bronchoscopy/6_bronchoscopy.m3u8,,0,16596,642,Medical / Surgical / Respiratory (Adult Health) / Bronchoscopy (Adult Health)
Medical / Surgical,Medical / Surgical / Respiratory (Adult Health),Carbon Monoxide Poisoning (Adult Health),carbon-monoxide-poisoning,2m 48s,1,Carbon monoxide poisoning,carbon-monoxide-poisoning,2:48,168,https://members.simplenursing.com/wp-content/themes/simplenursing-app/images/videos/thumbnails//1.-Carbon-Monoxide-Poisoning-copy.webp,https://d1pumg6d5kr18o.cloudfront.net/new/7_carbon_monoxide_poisoning/7_carbon_monoxide_poisoning.m3u8,,0,16597,643,Medical / Surgical / Respiratory (Adult Health) / Carbon Monoxide Poisoning (Adult Health)
Medical / Surgical,Medical / Surgical / Respiratory (Adult Health),Chest Tubes (Adult Health),chest-tubes,31m 24s,1,Chest tubes,chest-tubes,16:01,961,https://members.simplenursing.com/wp-content/themes/simplenursing-app/images/videos/thumbnails//1.-Chest-Tubes-copy.webp,https://d1pumg6d5kr18o.cloudfront.net/new/1_chest_tubes/1_chest_tubes.m3u8,,0,16598,644,Medical / Surgical / Respiratory (Adult Health) / Chest Tubes (Adult Health)
Medical / Surgical,Medical / Surgical / Respiratory (Adult Health),Chest Tubes (Adult Health),chest-tubes,31m 24s,2,Chest Tube Care,chest-tube-care,10:19,619,https://members.simplenursing.com/wp-content/themes/simplenursing-app/images/videos/thumbnails//2.-Chest-Tube-Care-copy.webp,https://d1pumg6d5kr18o.cloudfront.net/new/2_chest_tube_care/2_chest_tube_care.m3u8,,0,16599,645,Medical / Surgical / Respiratory (Adult Health) / Chest Tubes (Adult Health)
Medical / Surgical,Medical / Surgical / Respiratory (Adult Health),Chest Tubes (Adult Health),chest-tubes,31m 24s,3,Chest Tube damage,chest-tube-damage,3:12,192,https://members.simplenursing.com/wp-content/themes/simplenursing-app/images/videos/thumbnails//3.-Chest-Tube-damage-copy.webp,https://d1pumg6d5kr18o.cloudfront.net/new/3_chest_tube_damage/3_chest_tube_damage.m3u8,,0,16600,646,Medical / Surgical / Respiratory (Adult Health) / Chest Tubes (Adult Health)
Medical / Surgical,Medical / Surgical / Respiratory (Adult Health),Chest Tubes (Adult Health),chest-tubes,31m 24s,4,Chest Tube Removal,chest-tube-removal,1:52,112,https://members.simplenursing.com/wp-content/themes/simplenursing-app/images/videos/thumbnails//4.-Chest-Tube-Removal-copy.webp,https://d1pumg6d5kr18o.cloudfront.net/new/4_chest_tube_removal/4_chest_tube_removal.m3u8,,0,16601,647,Medical / Surgical / Respiratory (Adult Health) / Chest Tubes (Adult Health)
Medical / Surgical,Medical / Surgical / Respiratory (Adult Health),COPD (Adult Health),copd,27m 56s,1,COPD,copd,21:09,1269,https://members.simplenursing.com/wp-content/themes/simplenursing-app/images/videos/thumbnails//1.-COPD-copy.webp,https://d1pumg6d5kr18o.cloudfront.net/new/1_copd/1_copd.m3u8,,0,16603,648,Medical / Surgical / Respiratory (Adult Health) / COPD (Adult Health)
Medical / Surgical,Medical / Surgical / Respiratory (Adult Health),COPD (Adult Health),copd,27m 56s,2,Emphysema vs. Bronchitis,emphysema-vs-bronchitis,4:12,252,https://members.simplenursing.com/wp-content/themes/simplenursing-app/images/videos/thumbnails//2.-Emphysema-vs.-Bronchitis-copy.webp,https://d1pumg6d5kr18o.cloudfront.net/new/2_emphysema_vs_bronchitis/2_emphysema_vs_bronchitis.m3u8,,0,16604,649,Medical / Surgical / Respiratory (Adult Health) / COPD (Adult Health)
Medical / Surgical,Medical / Surgical / Respiratory (Adult Health),COPD (Adult Health),copd,27m 56s,3,Pursed Lip Breathing,pursed-lip-breathing,1:42,102,https://members.simplenursing.com/wp-content/themes/simplenursing-app/images/videos/thumbnails//3.-Pursed-Lip-Breathing-copy.webp,https://d1pumg6d5kr18o.cloudfront.net/new/3_pursed_lip_breathing/3_pursed_lip_breathing.m3u8,,0,16605,650,Medical / Surgical / Respiratory (Adult Health) / COPD (Adult Health)
Medical / Surgical,Medical / Surgical / Respiratory (Adult Health),COPD (Adult Health),copd,27m 56s,4,Huff Cough Technique,huff-cough-technique,0:53,53,https://members.simplenursing.com/wp-content/themes/simplenursing-app/images/videos/thumbnails//4.-Huff-Cough-Technique-copy.webp,https://d1pumg6d5kr18o.cloudfront.net/new/4_huff_cough_technique/4_huff_cough_technique.m3u8,,0,16606,651,Medical / Surgical / Respiratory (Adult Health) / COPD (Adult Health)
Medical / Surgical,Medical / Surgical / Respiratory (Adult Health),Cystic Fibrosis (Adult Health),cystic-fibrosis-respiratory,5m 42s,1,Cystic Fibrosis,cystic-fibrosis,5:42,342,https://members.simplenursing.com/wp-content/themes/simplenursing-app/images/videos/thumbnails//1.-Cystic-Fibrosis-copy.webp,https://d1pumg6d5kr18o.cloudfront.net/new/10_cystic_fibrosis/10_cystic_fibrosis.m3u8,,0,16607,652,Medical / Surgical / Respiratory (Adult Health) / Cystic Fibrosis (Adult Health)
Medical / Surgical,Medical / Surgical / Respiratory (Adult Health),Flail Chest & Rib Fracture (Adult Health),flail-chest-rib-fracture,4m 1s,1,Flail Chest & Rib Fracture,flail-chest-rib-fracture,4:01,241,https://members.simplenursing.com/wp-content/themes/simplenursing-app/images/videos/thumbnails//1.-Flail-Chest-Rib-Fracture-copy.webp,https://d1pumg6d5kr18o.cloudfront.net/new/11_flail_chest__rib_fracture/11_flail_chest__rib_fracture.m3u8,,0,16608,653,Medical / Surgical / Respiratory (Adult Health) / Flail Chest & Rib Fracture (Adult Health)
Medical / Surgical,Medical / Surgical / Respiratory (Adult Health),Hemothorax vs. Pneumothorax (Adult Health),hemothorax-vs-pneumothorax,4m 20s,1,Hemothorax vs. Pneumothorax,hemothorax-vs-pneumothorax,4:20,260,https://members.simplenursing.com/wp-content/themes/simplenursing-app/images/videos/thumbnails//1.-Hemothorax-vs.-Pneumothorax-copy.webp,https://d1pumg6d5kr18o.cloudfront.net/new/12_hemothorax_vs_pneumothorax/12_hemothorax_vs_pneumothorax.m3u8,,0,16609,654,Medical / Surgical / Respiratory (Adult Health) / Hemothorax vs. Pneumothorax (Adult Health)
Medical / Surgical,Medical / Surgical / Respiratory (Adult Health),OSA - Obstructive Sleep Apnea (Adult Health),osa-obstructive-sleep-apnea,5m 12s,1,Obstructive sleep apnea,obstructive-sleep-apnea,5:12,312,https://members.simplenursing.com/wp-content/themes/simplenursing-app/images/videos/thumbnails//1.-OSA-Obstructive-Sleep-Apnea-copy.webp,https://d1pumg6d5kr18o.cloudfront.net/new/13_obstructive_sleep_apnea/13_obstructive_sleep_apnea.m3u8,,0,16610,655,Medical / Surgical / Respiratory (Adult Health) / OSA - Obstructive Sleep Apnea (Adult Health)
Medical / Surgical,Medical / Surgical / Respiratory (Adult Health),Oxygen Delivery Devices & Hypoxemia (Adult Health),oxygen-delivery-devices-hypoxemia,21m 30s,1,Oxygen Delivery Devices,oxygen-delivery-devices,10:51,651,https://members.simplenursing.com/wp-content/themes/simplenursing-app/images/videos/thumbnails//1.-Oxygen-Delivery-Devices-copy.webp,https://d1pumg6d5kr18o.cloudfront.net/new/1_oxygen_delivery_devices/1_oxygen_delivery_devices.m3u8,,0,16613,656,Medical / Surgical / Respiratory (Adult Health) / Oxygen Delivery Devices & Hypoxemia (Adult Health)
Medical / Surgical,Medical / Surgical / Respiratory (Adult Health),Oxygen Delivery Devices & Hypoxemia (Adult Health),oxygen-delivery-devices-hypoxemia,21m 30s,2,Hypoxemia,hypoxemia,2:12,132,https://members.simplenursing.com/wp-content/themes/simplenursing-app/images/videos/thumbnails//2.-Hypoxemia-copy.webp,https://d1pumg6d5kr18o.cloudfront.net/new/2_hypoxemia/2_hypoxemia.m3u8,,0,16614,657,Medical / Surgical / Respiratory (Adult Health) / Oxygen Delivery Devices & Hypoxemia (Adult Health)
Medical / Surgical,Medical / Surgical / Respiratory (Adult Health),Oxygen Delivery Devices & Hypoxemia (Adult Health),oxygen-delivery-devices-hypoxemia,21m 30s,3,Oxygen Devices,oxygen-devices,6:08,368,https://members.simplenursing.com/wp-content/themes/simplenursing-app/images/videos/thumbnails//3.-Oxygen-Devices-copy.webp,https://d1pumg6d5kr18o.cloudfront.net/new/3_oxygen_devices/3_oxygen_devices.m3u8,,0,16615,658,Medical / Surgical / Respiratory (Adult Health) / Oxygen Delivery Devices & Hypoxemia (Adult Health)
Medical / Surgical,Medical / Surgical / Respiratory (Adult Health),Oxygen Delivery Devices & Hypoxemia (Adult Health),oxygen-delivery-devices-hypoxemia,21m 30s,4,Respiratory Failure,respiratory-failure,0:43,43,https://members.simplenursing.com/wp-content/themes/simplenursing-app/images/videos/thumbnails//4.-Respiratory-Failure-copy.webp,https://d1pumg6d5kr18o.cloudfront.net/new/4_respiratory_failure/4_respiratory_failure.m3u8,,0,16616,659,Medical / Surgical / Respiratory (Adult Health) / Oxygen Delivery Devices & Hypoxemia (Adult Health)
Medical / Surgical,Medical / Surgical / Respiratory (Adult Health),Oxygen Delivery Devices & Hypoxemia (Adult Health),oxygen-delivery-devices-hypoxemia,21m 30s,5,Endotracheal Intubation,endotracheal-intubation,1:36,96,https://members.simplenursing.com/wp-content/themes/simplenursing-app/images/videos/thumbnails//5.-Endotracheal-Intubation-copy.webp,https://d1pumg6d5kr18o.cloudfront.net/new/5_endotracheal_intubation/5_endotracheal_intubation.m3u8,,0,16617,660,Medical / Surgical / Respiratory (Adult Health) / Oxygen Delivery Devices & Hypoxemia (Adult Health)
Medical / Surgical,Medical / Surgical / Respiratory (Adult Health),Pleural Effusion & Thoracentesis (Adult Health),pleural-effusion-thoracentesis,11m 18s,1,Pleural Effusion & Thoracentesis,pleural-effusion-thoracentesis,5:42,342,https://members.simplenursing.com/wp-content/themes/simplenursing-app/images/videos/thumbnails//1.-Pleural-Effusion-Thoracentesis-copy.webp,https://d1pumg6d5kr18o.cloudfront.net/new/1_pleural_effusion__thoracentesis/1_pleural_effusion__thoracentesis.m3u8,,0,16618,661,Medical / Surgical / Respiratory (Adult Health) / Pleural Effusion & Thoracentesis (Adult Health)
Medical / Surgical,Medical / Surgical / Respiratory (Adult Health),Pleural Effusion & Thoracentesis (Adult Health),pleural-effusion-thoracentesis,11m 18s,2,Pleural Effusion,pleural-effusion,2:18,138,https://members.simplenursing.com/wp-content/themes/simplenursing-app/images/videos/thumbnails//2.-Pleural-Effusion-copy.webp,https://d1pumg6d5kr18o.cloudfront.net/new/2_pleural_effusion/2_pleural_effusion.m3u8,,0,16619,662,Medical / Surgical / Respiratory (Adult Health) / Pleural Effusion & Thoracentesis (Adult Health)
Medical / Surgical,Medical / Surgical / Respiratory (Adult Health),Pleural Effusion & Thoracentesis (Adult Health),pleural-effusion-thoracentesis,11m 18s,3,Thoracentesis,thoracentesis,3:18,198,https://members.simplenursing.com/wp-content/themes/simplenursing-app/images/videos/thumbnails//3.-Thoracentesis-copy.webp,https://d1pumg6d5kr18o.cloudfront.net/new/3_thoracentesis/3_thoracentesis.m3u8,,0,16620,663,Medical / Surgical / Respiratory (Adult Health) / Pleural Effusion & Thoracentesis (Adult Health)
Medical / Surgical,Medical / Surgical / Respiratory (Adult Health),Pneumonia (Adult Health),pneumonia-medsurg-respiratory,21m 29s,1,Pneumonia,pneumonia-med-surg-respiratory,21:29,1289,https://members.simplenursing.com/wp-content/themes/simplenursing-app/images/videos/thumbnails//7.-Pneumonia-copy.webp,https://d1pumg6d5kr18o.cloudfront.net/new/16_pneumonia/16_pneumonia.m3u8,,0,16621,664,Medical / Surgical / Respiratory (Adult Health) / Pneumonia (Adult Health)
Medical / Surgical,Medical / Surgical / Respiratory (Adult Health),Pulmonary Embolism (PE) (Adult Health),pulmonary-embolism-pe,15m 14s,1,Pulmonary Embolism,pulmonary-embolism,13:19,799,https://members.simplenursing.com/wp-content/themes/simplenursing-app/images/videos/thumbnails//1.-Pulmonary-Embolism-copy.webp,https://d1pumg6d5kr18o.cloudfront.net/new/1_pe_pulmonary_embolism/1_pe_pulmonary_embolism.m3u8,,0,16622,665,Medical / Surgical / Respiratory (Adult Health) / Pulmonary Embolism (PE) (Adult Health)
Medical / Surgical,Medical / Surgical / Respiratory (Adult Health),Pulmonary Embolism (PE) (Adult Health),pulmonary-embolism-pe,15m 14s,2,Bleeding Precautions,bleeding-precautions,1:55,115,https://members.simplenursing.com/wp-content/themes/simplenursing-app/images/videos/thumbnails//2.-Bleeding-Precautions-copy.webp,https://d1pumg6d5kr18o.cloudfront.net/new/2_bleeding_precautions/2_bleeding_precautions.m3u8,,0,16623,666,Medical / Surgical / Respiratory (Adult Health) / Pulmonary Embolism (PE) (Adult Health)
Medical / Surgical,Medical / Surgical / Respiratory (Adult Health),Tonsillitis (Adult Health),tonsillitis,2m 17s,1,Tonsillitis & Abscess,tonsillitis-abscess,2:17,137,https://members.simplenursing.com/wp-content/themes/simplenursing-app/images/videos/thumbnails//1.-Tonsillitis-copy.webp,https://d1pumg6d5kr18o.cloudfront.net/new/18_tonsillitis__abcess/18_tonsillitis__abcess.m3u8,,0,16624,667,Medical / Surgical / Respiratory (Adult Health) / Tonsillitis (Adult Health)
Medical / Surgical,Medical / Surgical / Respiratory (Adult Health),Tuberculosis (Adult Health),tuberculosis-medsurg-respiratory,17m 30s,1,Tuberculosis,tuberculosis,10:00,600,https://members.simplenursing.com/wp-content/themes/simplenursing-app/images/videos/thumbnails//1.-Tuberculosis-copy.webp,https://d1pumg6d5kr18o.cloudfront.net/new/19_tb_tuberculosis/19_tb_tuberculosis.m3u8,,0,16625,668,Medical / Surgical / Respiratory (Adult Health) / Tuberculosis (Adult Health)
Medical / Surgical,Medical / Surgical / Respiratory (Adult Health),Tuberculosis (Adult Health),tuberculosis-medsurg-respiratory,17m 30s,2,TB Drugs,tb-drugs,7:30,450,https://members.simplenursing.com/wp-content/themes/simplenursing-app/images/videos/thumbnails/1.-TB-Drugs-copy.webp,https://d1pumg6d5kr18o.cloudfront.net/new/3.anti-infectives/tbdrugs2/tbdrugs.m3u8,,0,14111,669,Medical / Surgical / Respiratory (Adult Health) / Tuberculosis (Adult Health)
Medical / Surgical,Medical / Surgical / Respiratory (Adult Health),Ventilator Settings & Mechanical Ventilation (Adult Health),ventilator-settings-ms-respiratory,48m 27s,1,Ventilator Settings & Mechanical Ventilation,ventilator-settings-mechanical-ventilation,23:06,1386,https://members.simplenursing.com/wp-content/themes/simplenursing-app/images/videos/thumbnails//1.-Ventilator-Settings-Mechanical-Ventilation-copy.webp,https://d1pumg6d5kr18o.cloudfront.net/new/1_ventilator_settings__mechanical_ventilation/1_ventilator_settings__mechanical_ventilation.m3u8,"Mechanical ventilation supports patients with breathing difficulties. Key ventilator settings include tidal volume (air per breath), respiratory rate (breaths per minute), and FiO2 (inspired oxygen fraction). Adjusting these settings is critical for patient care and to prevent complications, guided by the patient's condition and blood gas analyses.",0,16592,670,Medical / Surgical / Respiratory (Adult Health) / Ventilator Settings & Mechanical Ventilation (Adult Health)
Medical / Surgical,Medical / Surgical / Respiratory (Adult Health),Ventilator Settings & Mechanical Ventilation (Adult Health),ventilator-settings-ms-respiratory,48m 27s,2,Ventilator Care,ventilator-care,8:42,522,https://members.simplenursing.com/wp-content/themes/simplenursing-app/images/videos/thumbnails//2.-Ventilator-Care-copy.webp,https://d1pumg6d5kr18o.cloudfront.net/new/2_ventilator_care/2_ventilator_care.m3u8,,0,16627,671,Medical / Surgical / Respiratory (Adult Health) / Ventilator Settings & Mechanical Ventilation (Adult Health)
Medical / Surgical,Medical / Surgical / Respiratory (Adult Health),Ventilator Settings & Mechanical Ventilation (Adult Health),ventilator-settings-ms-respiratory,48m 27s,3,Ventilator Complications & Extubation,ventilator-complications-extubation,4:16,256,https://members.simplenursing.com/wp-content/themes/simplenursing-app/images/videos/thumbnails//3.-Ventilator-Complications-Extubation-copy.webp,https://d1pumg6d5kr18o.cloudfront.net/new/3_ventilator_complications__extubation/3_ventilator_complications__extubation.m3u8,,0,16628,672,Medical / Surgical / Respiratory (Adult Health) / Ventilator Settings & Mechanical Ventilation (Adult Health)
Medical / Surgical,Medical / Surgical / Respiratory (Adult Health),Ventilator Settings & Mechanical Ventilation (Adult Health),ventilator-settings-ms-respiratory,48m 27s,4,Tracheostomy Care,tracheostomy-care,4:30,270,https://members.simplenursing.com/wp-content/themes/simplenursing-app/images/videos/thumbnails//4.-Tracheostomy-Care-copy.webp,https://d1pumg6d5kr18o.cloudfront.net/new/4_tracheostomy_care/4_tracheostomy_care.m3u8,,0,16629,673,Medical / Surgical / Respiratory (Adult Health) / Ventilator Settings & Mechanical Ventilation (Adult Health)
Medical / Surgical,Medical / Surgical / Respiratory (Adult Health),Ventilator Settings & Mechanical Ventilation (Adult Health),ventilator-settings-ms-respiratory,48m 27s,5,Ventilator Alarms,ventilator-alarms-medsurg-respiratory,2:26,146,https://members.simplenursing.com/wp-content/themes/simplenursing-app/images/videos/thumbnails//5.-Ventilator-Alarms-copy.webp,https://d1pumg6d5kr18o.cloudfront.net/new/5_ventilator_alarms/5_ventilator_alarms.m3u8,,0,16630,674,Medical / Surgical / Respiratory (Adult Health) / Ventilator Settings & Mechanical Ventilation (Adult Health)
Medical / Surgical,Medical / Surgical / Respiratory (Adult Health),Ventilator Settings & Mechanical Ventilation (Adult Health),ventilator-settings-ms-respiratory,48m 27s,6,Ventilator Modes,ventilator-modes,1:00,60,https://members.simplenursing.com/wp-content/themes/simplenursing-app/images/videos/thumbnails//6.-Ventilator-Modes-copy.webp,https://d1pumg6d5kr18o.cloudfront.net/new/6_ventilator_modes/6_ventilator_modes.m3u8,,0,16631,675,Medical / Surgical / Respiratory (Adult Health) / Ventilator Settings & Mechanical Ventilation (Adult Health)
Medical / Surgical,Medical / Surgical / Respiratory (Adult Health),Ventilator Settings & Mechanical Ventilation (Adult Health),ventilator-settings-ms-respiratory,48m 27s,7,Ventilator Settings,ventilator-settings,3:05,185,https://members.simplenursing.com/wp-content/themes/simplenursing-app/images/videos/thumbnails//7.-Ventilator-Settings-copy.webp,https://d1pumg6d5kr18o.cloudfront.net/new/7_ventilator_settings/7_ventilator_settings.m3u8,,0,16632,676,Medical / Surgical / Respiratory (Adult Health) / Ventilator Settings & Mechanical Ventilation (Adult Health)
Medical / Surgical,Medical / Surgical / Respiratory (Adult Health),Ventilator Settings & Mechanical Ventilation (Adult Health),ventilator-settings-ms-respiratory,48m 27s,8,Ventilator Monitoring,ventilator-monitoring,1:22,82,https://members.simplenursing.com/wp-content/themes/simplenursing-app/images/videos/thumbnails//8.-Ventilator-Monitoring-copy.webp,https://d1pumg6d5kr18o.cloudfront.net/new/8_ventilator_monitoring/8_ventilator_monitoring.m3u8,,0,16633,677,Medical / Surgical / Respiratory (Adult Health) / Ventilator Settings & Mechanical Ventilation (Adult Health)
Medical / Surgical,Medical / Surgical / Critical Care (Adult Health),ABGs & Acid Base Imbalances (Adult Health),abgs-acid-base-imbalances-ms-cc,1h 22m,1,ABGs & Acid Base Imbalances (full video),abgs-acid-base-imbalances-full-video,36:34,2194,https://members.simplenursing.com/wp-content/themes/simplenursing-app/images/videos/thumbnails//1.-ABGs-Acid-Base-Imbalances-copy.webp,https://d1pumg6d5kr18o.cloudfront.net/new/1_abgs__acid_base_imbalances/1_abgs__acid_base_imbalances.m3u8,,0,16565,678,Medical / Surgical / Critical Care (Adult Health) / ABGs & Acid Base Imbalances (Adult Health)
Medical / Surgical,Medical / Surgical / Critical Care (Adult Health),ABGs & Acid Base Imbalances (Adult Health),abgs-acid-base-imbalances-ms-cc,1h 22m,2,Acid Base Imbalances,acid-base-imbalances-med-surg-respiratory,16:25,985,https://members.simplenursing.com/wp-content/themes/simplenursing-app/images/videos/thumbnails//2.-Acid-Base-Imbalances-copy-1.webp,https://d1pumg6d5kr18o.cloudfront.net/new/2_acid_base_imbalances/2_acid_base_imbalances.m3u8,,0,16566,679,Medical / Surgical / Critical Care (Adult Health) / ABGs & Acid Base Imbalances (Adult Health)
Medical / Surgical,Medical / Surgical / Critical Care (Adult Health),ABGs & Acid Base Imbalances (Adult Health),abgs-acid-base-imbalances-ms-cc,1h 22m,3,Metabolic acidosis & alkalosis,metabolic-acidosis-alkalosis,3:31,211,https://members.simplenursing.com/wp-content/themes/simplenursing-app/images/videos/thumbnails//3.-Metabolic-acidosis-alkalosis-copy-1.webp,https://d1pumg6d5kr18o.cloudfront.net/new/3_metabolic_acidosis__alkalosis/3_metabolic_acidosis__alkalosis.m3u8,,0,16568,680,Medical / Surgical / Critical Care (Adult Health) / ABGs & Acid Base Imbalances (Adult Health)
Medical / Surgical,Medical / Surgical / Critical Care (Adult Health),ABGs & Acid Base Imbalances (Adult Health),abgs-acid-base-imbalances-ms-cc,1h 22m,4,Respiratory acidosis & alkalosis,respiratory-acidosis-alkalosis,8:31,511,https://members.simplenursing.com/wp-content/themes/simplenursing-app/images/videos/thumbnails//4.-Respiratory-acidosis-alkalosis-copy-1.webp,https://d1pumg6d5kr18o.cloudfront.net/new/4_respiratory_acidosis__alkalosis/4_respiratory_acidosis__alkalosis.m3u8,,0,16569,681,Medical / Surgical / Critical Care (Adult Health) / ABGs & Acid Base Imbalances (Adult Health)
Medical / Surgical,Medical / Surgical / Critical Care (Adult Health),ABGs & Acid Base Imbalances (Adult Health),abgs-acid-base-imbalances-ms-cc,1h 22m,5,ABG Interpretation,abg-interpretation,6:34,394,https://members.simplenursing.com/wp-content/themes/simplenursing-app/images/videos/thumbnails//5.-ABG-Interpretation-copy-1.webp,https://d1pumg6d5kr18o.cloudfront.net/new/5_abg_interpretation/5_abg_interpretation.m3u8,,0,16570,682,Medical / Surgical / Critical Care (Adult Health) / ABGs & Acid Base Imbalances (Adult Health)
Medical / Surgical,Medical / Surgical / Critical Care (Adult Health),ABGs & Acid Base Imbalances (Adult Health),abgs-acid-base-imbalances-ms-cc,1h 22m,6,ABG Practice Questions,abg-practice-questions,4:05,245,https://members.simplenursing.com/wp-content/themes/simplenursing-app/images/videos/thumbnails//6.-ABG-Practice-Questions-copy-1.webp,https://d1pumg6d5kr18o.cloudfront.net/new/6_abg_practice_questions/6_abg_practice_questions.m3u8,,0,16571,683,Medical / Surgical / Critical Care (Adult Health) / ABGs & Acid Base Imbalances (Adult Health)
Medical / Surgical,Medical / Surgical / Critical Care (Adult Health),ABGs & Acid Base Imbalances (Adult Health),abgs-acid-base-imbalances-ms-cc,1h 22m,7,ABG Partially Compensated,abg-partially-compensated,7:08,428,https://members.simplenursing.com/wp-content/themes/simplenursing-app/images/videos/thumbnails//7.-ABG-Partially-Compensated-copy-1.webp,https://d1pumg6d5kr18o.cloudfront.net/new/7_abg_partially_compensated/7_abg_partially_compensated.m3u8,,0,16572,684,Medical / Surgical / Critical Care (Adult Health) / ABGs & Acid Base Imbalances (Adult Health)
Medical / Surgical,Medical / Surgical / Critical Care (Adult Health),ARDS & Acute respiratory failure (Adult Health),ards-acute-respiratory-failure-ms-cc,9m 37s,1,ARDS & Acute Respiratory Failure,ards-acute-respiratory-failure,9:37,577,https://members.simplenursing.com/wp-content/themes/simplenursing-app/images/videos/thumbnails//1.-ARDS-Acute-respiratory-failure-copy-2.webp,https://d1pumg6d5kr18o.cloudfront.net/new/3_ards__acute_respiratory_failure/3_ards__acute_respiratory_failure.m3u8,,0,16588,685,Medical / Surgical / Critical Care (Adult Health) / ARDS & Acute respiratory failure (Adult Health)
Medical / Surgical,Medical / Surgical / Critical Care (Adult Health),Blood Administration (Adult Health),blood-administration-ms-cc,40m 17s,1,Blood Admin Full Video,blood-admin-full-video,20:10,1210,https://members.simplenursing.com/wp-content/themes/simplenursing-app/images/videos/thumbnails//1.-Blood-Admin-Full-Video-copy.webp,https://d1pumg6d5kr18o.cloudfront.net/new/1_blood_administration_1_blood_admin_full_video/1_blood_administration_1_blood_admin_full_video.m3u8,,0,16745,686,Medical / Surgical / Critical Care (Adult Health) / Blood Administration (Adult Health)
Medical / Surgical,Medical / Surgical / Critical Care (Adult Health),Blood Administration (Adult Health),blood-administration-ms-cc,40m 17s,2,3 types of Blood products,3-types-of-blood-products,4:06,246,https://members.simplenursing.com/wp-content/themes/simplenursing-app/images/videos/thumbnails//2.-3-types-of-Blood-products-copy.webp,https://d1pumg6d5kr18o.cloudfront.net/new/1_blood_administration_2_3_types_of_blood_products/1_blood_administration_2_3_types_of_blood_products.m3u8,,0,16746,687,Medical / Surgical / Critical Care (Adult Health) / Blood Administration (Adult Health)
Medical / Surgical,Medical / Surgical / Critical Care (Adult Health),Blood Administration (Adult Health),blood-administration-ms-cc,40m 17s,3,Transfusion reactions,transfusion-reactions,5:33,333,https://members.simplenursing.com/wp-content/themes/simplenursing-app/images/videos/thumbnails//3.-Transfusion-reactions-copy.webp,https://d1pumg6d5kr18o.cloudfront.net/new/1_blood_administration_3_transfusion_reactions/1_blood_administration_3_transfusion_reactions.m3u8,,0,16747,688,Medical / Surgical / Critical Care (Adult Health) / Blood Administration (Adult Health)
Medical / Surgical,Medical / Surgical / Critical Care (Adult Health),Blood Administration (Adult Health),blood-administration-ms-cc,40m 17s,4,5 Steps of Blood Transfusion,5-steps-of-blood-transfusion,3:55,235,https://members.simplenursing.com/wp-content/themes/simplenursing-app/images/videos/thumbnails//4.-5-Steps-of-Blood-Transfusion-copy.webp,https://d1pumg6d5kr18o.cloudfront.net/new/1_blood_administration_4_5_steps_of_blood_transfusion/1_blood_administration_4_5_steps_of_blood_transfusion.m3u8,,0,16748,689,Medical / Surgical / Critical Care (Adult Health) / Blood Administration (Adult Health)
Medical / Surgical,Medical / Surgical / Critical Care (Adult Health),Blood Administration (Adult Health),blood-administration-ms-cc,40m 17s,5,Blood types & Rh Factor,blood-types-rh-factor,3:09,189,https://members.simplenursing.com/wp-content/themes/simplenursing-app/images/videos/thumbnails//5.-Blood-types-Rh-Factor-copy.webp,https://d1pumg6d5kr18o.cloudfront.net/new/1_blood_administration_5_blood_types_rh_factor/1_blood_administration_5_blood_types_rh_factor.m3u8,,0,16749,690,Medical / Surgical / Critical Care (Adult Health) / Blood Administration (Adult Health)
Medical / Surgical,Medical / Surgical / Critical Care (Adult Health),Blood Administration (Adult Health),blood-administration-ms-cc,40m 17s,6,Top missed NCLEX Questions,top-missed-nclex-questions-critical-care,3:24,204,https://members.simplenursing.com/wp-content/themes/simplenursing-app/images/videos/thumbnails//6.-Top-missed-NCLEX-Questions-copy.webp,https://d1pumg6d5kr18o.cloudfront.net/new/1_blood_administration_6_top_missed_nclex_questions/1_blood_administration_6_top_missed_nclex_questions.m3u8,,0,16750,691,Medical / Surgical / Critical Care (Adult Health) / Blood Administration (Adult Health)
Medical / Surgical,Medical / Surgical / Critical Care (Adult Health),BLS & CPR (Adult Health),bls-cpr-ms-cc,21m 12s,1,BLS & CPR Full Video,bls-cpr-full-video,11:00,660,https://members.simplenursing.com/wp-content/themes/simplenursing-app/images/videos/thumbnails/1.-BLS-CPR-Full-Video-copy.webp,https://d1pumg6d5kr18o.cloudfront.net/new/2_bls_cpr_1_bls_cpr_full_video/2_bls_cpr_1_bls_cpr_full_video.m3u8,,0,16751,692,Medical / Surgical / Critical Care (Adult Health) / BLS & CPR (Adult Health)
Medical / Surgical,Medical / Surgical / Critical Care (Adult Health),BLS & CPR (Adult Health),bls-cpr-ms-cc,21m 12s,2,Adult CPR,adult-cpr,3:14,194,https://members.simplenursing.com/wp-content/themes/simplenursing-app/images/videos/thumbnails/2.-Adult-CPR-copy.webp,https://d1pumg6d5kr18o.cloudfront.net/new/2_bls_cpr_2_adult_cpr/2_bls_cpr_2_adult_cpr.m3u8,,0,16752,693,Medical / Surgical / Critical Care (Adult Health) / BLS & CPR (Adult Health)
Medical / Surgical,Medical / Surgical / Critical Care (Adult Health),BLS & CPR (Adult Health),bls-cpr-ms-cc,21m 12s,3,Child CPR,child-cpr,2:06,126,https://members.simplenursing.com/wp-content/themes/simplenursing-app/images/videos/thumbnails/3.-Child-CPR-copy.webp,https://d1pumg6d5kr18o.cloudfront.net/new/2_bls_cpr_3_child_cpr/2_bls_cpr_3_child_cpr.m3u8,,0,16753,694,Medical / Surgical / Critical Care (Adult Health) / BLS & CPR (Adult Health)
Medical / Surgical,Medical / Surgical / Critical Care (Adult Health),BLS & CPR (Adult Health),bls-cpr-ms-cc,21m 12s,4,Pregnant CPR,pregnant-cpr,1:15,75,https://members.simplenursing.com/wp-content/themes/simplenursing-app/images/videos/thumbnails/4.-Pregnant-CPR-copy.webp,https://d1pumg6d5kr18o.cloudfront.net/new/2_bls_cpr_4_pregnant_cpr/2_bls_cpr_4_pregnant_cpr.m3u8,,0,16754,695,Medical / Surgical / Critical Care (Adult Health) / BLS & CPR (Adult Health)
Medical / Surgical,Medical / Surgical / Critical Care (Adult Health),BLS & CPR (Adult Health),bls-cpr-ms-cc,21m 12s,5,Infant CPR,infant-cpr,3:37,217,https://members.simplenursing.com/wp-content/themes/simplenursing-app/images/videos/thumbnails/5.-Infant-CPR-copy.webp,https://d1pumg6d5kr18o.cloudfront.net/new/2_bls_cpr_5_infant_cpr/2_bls_cpr_5_infant_cpr.m3u8,,0,16755,696,Medical / Surgical / Critical Care (Adult Health) / BLS & CPR (Adult Health)
Medical / Surgical,Medical / Surgical / Critical Care (Adult Health),Burns (Adult Health),burns-ms-cc,28m 45s,1,Burns Full Video,burns-full-video,17:58,1078,https://members.simplenursing.com/wp-content/themes/simplenursing-app/images/videos/thumbnails/1.-Burns-Full-Video-copy.webp,https://d1pumg6d5kr18o.cloudfront.net/new/3_burns_1_burns_full_video/3_burns_1_burns_full_video.m3u8,,0,16757,697,Medical / Surgical / Critical Care (Adult Health) / Burns (Adult Health)
Medical / Surgical,Medical / Surgical / Critical Care (Adult Health),Burns (Adult Health),burns-ms-cc,28m 45s,2,Types of Burns,types-of-burns,2:03,123,https://members.simplenursing.com/wp-content/themes/simplenursing-app/images/videos/thumbnails/2.-Types-of-Burns-copy.webp,https://d1pumg6d5kr18o.cloudfront.net/new/3_burns_2_types_of_burns/3_burns_2_types_of_burns.m3u8,,0,16758,698,Medical / Surgical / Critical Care (Adult Health) / Burns (Adult Health)
Medical / Surgical,Medical / Surgical / Critical Care (Adult Health),Burns (Adult Health),burns-ms-cc,28m 45s,3,Rule of 9's,rule-of-9s,4:37,277,https://members.simplenursing.com/wp-content/themes/simplenursing-app/images/videos/thumbnails/3.-Rule-of-9_s-copy.webp,https://d1pumg6d5kr18o.cloudfront.net/new/3_burns_3_rule_of_9s/3_burns_3_rule_of_9s.m3u8,,0,16759,699,Medical / Surgical / Critical Care (Adult Health) / Burns (Adult Health)
Medical / Surgical,Medical / Surgical / Critical Care (Adult Health),Burns (Adult Health),burns-ms-cc,28m 45s,4,Fluid Resuscitation,fluid-resuscitation,4:07,247,https://members.simplenursing.com/wp-content/themes/simplenursing-app/images/videos/thumbnails/4.-Fluid-Resuscitation-copy.webp,https://d1pumg6d5kr18o.cloudfront.net/new/3_burns_4_fluid_resuscitation/3_burns_4_fluid_resuscitation.m3u8,,0,16760,700,Medical / Surgical / Critical Care (Adult Health) / Burns (Adult Health)
Medical / Surgical,Medical / Surgical / Critical Care (Adult Health) / Cardiac Critical Care (Adult Health),EKG - Critical Care (Adult Health),ekg-critical-care-ms-cc,13m 32s,1,5-step EKG Interpretation,5-step-ekg-interpretation,2:19,139,https://members.simplenursing.com/wp-content/themes/simplenursing-app/images/videos/thumbnails/1.-5-step-EKG-Interpretation-copy.webp,https://d1pumg6d5kr18o.cloudfront.net/new/4_cardiac_critical_care_1_ekg_-_critical_care_1_5_step_ekg_interpretation/4_cardiac_critical_care_1_ekg_-_critical_care_1_5_step_ekg_interpretation.m3u8,,0,16761,701,Medical / Surgical / Critical Care (Adult Health) / Cardiac Critical Care (Adult Health) / EKG - Critical Care (Adult Health)
Medical / Surgical,Medical / Surgical / Critical Care (Adult Health) / Cardiac Critical Care (Adult Health),EKG - Critical Care (Adult Health),ekg-critical-care-ms-cc,13m 32s,2,9 ECG strips on NCLEX,9-ecg-strips-on-nclex,10:08,608,https://members.simplenursing.com/wp-content/themes/simplenursing-app/images/videos/thumbnails/2.-9-ECG-strips-on-NCLEX-copy.webp,https://d1pumg6d5kr18o.cloudfront.net/new/4_cardiac_critical_care_1_ekg_-_critical_care_2_9_ecg_strips_on_the_nclex/4_cardiac_critical_care_1_ekg_-_critical_care_2_9_ecg_strips_on_the_nclex.m3u8,,0,16762,702,Medical / Surgical / Critical Care (Adult Health) / Cardiac Critical Care (Adult Health) / EKG - Critical Care (Adult Health)
Medical / Surgical,Medical / Surgical / Critical Care (Adult Health) / Cardiac Critical Care (Adult Health),EKG - Critical Care (Adult Health),ekg-critical-care-ms-cc,13m 32s,3,Cardioversion vs. Defibrillation,cardioversion-vs-defibrillation,1:05,65,https://members.simplenursing.com/wp-content/themes/simplenursing-app/images/videos/thumbnails/3.-Cardioversion-vs.-Defibrillation-copy.webp,https://d1pumg6d5kr18o.cloudfront.net/new/4_cardiac_critical_care_1_ekg_-_critical_care_3_cardioversion_vs_defibrillation/4_cardiac_critical_care_1_ekg_-_critical_care_3_cardioversion_vs_defibrillation.m3u8,,0,16763,703,Medical / Surgical / Critical Care (Adult Health) / Cardiac Critical Care (Adult Health) / EKG - Critical Care (Adult Health)
Medical / Surgical,Medical / Surgical / Critical Care (Adult Health) / Cardiac Critical Care (Adult Health),Critical Cardiac Drugs (Adult Health),critical-cardiac-drugs-ms-cc,22m 11s,1,Atropine,atropine,4:34,274,https://members.simplenursing.com/wp-content/themes/simplenursing-app/images/videos/thumbnails/1.-Atropine-copy.webp,https://d1pumg6d5kr18o.cloudfront.net/new/4_cardiac_critical_care_2_critical_cardiac_drugs_1_atropine/4_cardiac_critical_care_2_critical_cardiac_drugs_1_atropine.m3u8,,0,16764,704,Medical / Surgical / Critical Care (Adult Health) / Cardiac Critical Care (Adult Health) / Critical Cardiac Drugs (Adult Health)
Medical / Surgical,Medical / Surgical / Critical Care (Adult Health) / Cardiac Critical Care (Adult Health),Critical Cardiac Drugs (Adult Health),critical-cardiac-drugs-ms-cc,22m 11s,2,Adenosine & SVT,adenosine-svt,4:39,279,https://members.simplenursing.com/wp-content/themes/simplenursing-app/images/videos/thumbnails/2.-Adenosine-SVT-copy.webp,https://d1pumg6d5kr18o.cloudfront.net/new/4_cardiac_critical_care_2_critical_cardiac_drugs_2_adenosine_svt/4_cardiac_critical_care_2_critical_cardiac_drugs_2_adenosine_svt.m3u8,,0,16765,705,Medical / Surgical / Critical Care (Adult Health) / Cardiac Critical Care (Adult Health) / Critical Cardiac Drugs (Adult Health)
Medical / Surgical,Medical / Surgical / Critical Care (Adult Health) / Cardiac Critical Care (Adult Health),Critical Cardiac Drugs (Adult Health),critical-cardiac-drugs-ms-cc,22m 11s,3,Vasopressors,vasopressors,12:58,778,https://members.simplenursing.com/wp-content/themes/simplenursing-app/images/videos/thumbnails/3.-Vasopressors-copy.webp,https://d1pumg6d5kr18o.cloudfront.net/new/4_cardiac_critical_care_2_critical_cardiac_drugs_3_vasopressors/4_cardiac_critical_care_2_critical_cardiac_drugs_3_vasopressors.m3u8,,0,16766,706,Medical / Surgical / Critical Care (Adult Health) / Cardiac Critical Care (Adult Health) / Critical Cardiac Drugs (Adult Health)
Medical / Surgical,Medical / Surgical / Critical Care (Adult Health),Hypothermia & Frostbite (Adult Health),hypothermia-frostbite-ms-cc,13m 8s,1,Hypothermia & Frostbite Full Video,hypothermia-frostbite-full-video,5:24,324,https://members.simplenursing.com/wp-content/themes/simplenursing-app/images/videos/thumbnails/1.-Hypothermia-Frostbite-copy.webp,https://d1pumg6d5kr18o.cloudfront.net/new/5_hypothermia_frostbite_1_hypothermia_frostbite_full_video/5_hypothermia_frostbite_1_hypothermia_frostbite_full_video.m3u8,,0,16767,707,Medical / Surgical / Critical Care (Adult Health) / Hypothermia & Frostbite (Adult Health)
Medical / Surgical,Medical / Surgical / Critical Care (Adult Health),Hypothermia & Frostbite (Adult Health),hypothermia-frostbite-ms-cc,13m 8s,2,Hypothermia,hypothermia,2:49,169,https://members.simplenursing.com/wp-content/themes/simplenursing-app/images/videos/thumbnails/2.-Hypothermia-copy.webp,https://d1pumg6d5kr18o.cloudfront.net/new/5_hypothermia_frostbite_2_hypothermia/5_hypothermia_frostbite_2_hypothermia.m3u8,,0,16768,708,Medical / Surgical / Critical Care (Adult Health) / Hypothermia & Frostbite (Adult Health)
Medical / Surgical,Medical / Surgical / Critical Care (Adult Health),Hypothermia & Frostbite (Adult Health),hypothermia-frostbite-ms-cc,13m 8s,3,Frostbite,frostbite,2:30,150,https://members.simplenursing.com/wp-content/themes/simplenursing-app/images/videos/thumbnails/3.-Frostbite-copy.webp,https://d1pumg6d5kr18o.cloudfront.net/new/5_hypothermia_frostbite_3_frostbite/5_hypothermia_frostbite_3_frostbite.m3u8,,0,16769,709,Medical / Surgical / Critical Care (Adult Health) / Hypothermia & Frostbite (Adult Health)
Medical / Surgical,Medical / Surgical / Critical Care (Adult Health),Hypothermia & Frostbite (Adult Health),hypothermia-frostbite-ms-cc,13m 8s,4,Malignant Hyperthermia (MH),malignant-hyperthermia-mh,2:25,145,https://members.simplenursing.com/wp-content/themes/simplenursing-app/images/videos/thumbnails/4.-Malignant-Hyperthermia-MH-copy.webp,https://d1pumg6d5kr18o.cloudfront.net/new/7_malignant_hyperthermia_malignant_hyperthermia/7_malignant_hyperthermia_malignant_hyperthermia.m3u8,,0,16771,710,Medical / Surgical / Critical Care (Adult Health) / Hypothermia & Frostbite (Adult Health)
Medical / Surgical,Medical / Surgical / Critical Care (Adult Health),Lab Values (Critical) (Adult Health),lab-values-critical-ms-cc,5m 53s,1,Lab Values (Critical),lab-values-critical,5:53,353,https://members.simplenursing.com/wp-content/themes/simplenursing-app/images/videos/thumbnails/1.-Lab-Values-Critical-copy.webp,https://d1pumg6d5kr18o.cloudfront.net/new/7_critical_care_lab_values/7_critical_care_lab_values.m3u8,,0,16770,711,Medical / Surgical / Critical Care (Adult Health) / Lab Values (Critical) (Adult Health)
Medical / Surgical,Medical / Surgical / Critical Care (Adult Health),Shock (Adult Health),shock-ms-cc,42m 22s,1,Shock Full Video,shock-full-video,22:49,1369,https://members.simplenursing.com/wp-content/themes/simplenursing-app/images/videos/thumbnails/1.-Shock-Full-Video-copy.webp,https://d1pumg6d5kr18o.cloudfront.net/new/8_shock_1_shock_full_video/8_shock_1_shock_full_video.m3u8,,0,16772,712,Medical / Surgical / Critical Care (Adult Health) / Shock (Adult Health)
Medical / Surgical,Medical / Surgical / Critical Care (Adult Health),Shock (Adult Health),shock-ms-cc,42m 22s,2,Septic shock,septic-shock,2:16,136,https://members.simplenursing.com/wp-content/themes/simplenursing-app/images/videos/thumbnails/2.-Septic-shock-copy.webp,https://d1pumg6d5kr18o.cloudfront.net/new/8_shock_2_septic_shock/8_shock_2_septic_shock.m3u8,,0,16773,713,Medical / Surgical / Critical Care (Adult Health) / Shock (Adult Health)
Medical / Surgical,Medical / Surgical / Critical Care (Adult Health),Shock (Adult Health),shock-ms-cc,42m 22s,3,Neurogenic shock,neurogenic-shock,3:30,210,https://members.simplenursing.com/wp-content/themes/simplenursing-app/images/videos/thumbnails/3.-Neurogenic-shock-copy.webp,https://d1pumg6d5kr18o.cloudfront.net/new/8_shock_3_neurogenic_shock/8_shock_3_neurogenic_shock.m3u8,,0,16774,714,Medical / Surgical / Critical Care (Adult Health) / Shock (Adult Health)
Medical / Surgical,Medical / Surgical / Critical Care (Adult Health),Shock (Adult Health),shock-ms-cc,42m 22s,4,Hypovolemic shock,hypovolemic-shock-cc,5:43,343,https://members.simplenursing.com/wp-content/themes/simplenursing-app/images/videos/thumbnails/4.-Hypovolemic-shock-copy.webp,https://d1pumg6d5kr18o.cloudfront.net/new/8_shock_4_hypovolemic_shock/8_shock_4_hypovolemic_shock.m3u8,,0,16775,715,Medical / Surgical / Critical Care (Adult Health) / Shock (Adult Health)
Medical / Surgical,Medical / Surgical / Critical Care (Adult Health),Shock (Adult Health),shock-ms-cc,42m 22s,5,Cardiogenic shock,cardiogenic-shock,2:46,166,https://members.simplenursing.com/wp-content/themes/simplenursing-app/images/videos/thumbnails/5.-Cardiogenic-shock-copy.webp,https://d1pumg6d5kr18o.cloudfront.net/new/8_shock_5_cardiogenic_shock/8_shock_5_cardiogenic_shock.m3u8,,0,16776,716,Medical / Surgical / Critical Care (Adult Health) / Shock (Adult Health)
Medical / Surgical,Medical / Surgical / Critical Care (Adult Health),Shock (Adult Health),shock-ms-cc,42m 22s,6,Anaphylactic shock,anaphylactic-shock-cc,5:18,318,https://members.simplenursing.com/wp-content/themes/simplenursing-app/images/videos/thumbnails/6.-Anaphylactic-shock-copy.webp,https://d1pumg6d5kr18o.cloudfront.net/new/8_shock_6_anaphylactic_shock/8_shock_6_anaphylactic_shock.m3u8,,0,16777,717,Medical / Surgical / Critical Care (Adult Health) / Shock (Adult Health)
Medical / Surgical,Medical / Surgical / Critical Care (Adult Health),Spinal Cord Injury (Adult Health),spinal-cord-injury-ms-cc,11m 34s,1,Spinal Cord Injury,spinal-cord-injury,3:44,224,https://members.simplenursing.com/wp-content/themes/simplenursing-app/images/videos/thumbnails/1.-Spinal-Cord-Injury-copy.webp,https://d1pumg6d5kr18o.cloudfront.net/new/7_spinal_cord_injury/7_spinal_cord_injury.m3u8,,0,16354,718,Medical / Surgical / Critical Care (Adult Health) / Spinal Cord Injury (Adult Health)
Medical / Surgical,Medical / Surgical / Critical Care (Adult Health),Spinal Cord Injury (Adult Health),spinal-cord-injury-ms-cc,11m 34s,2,Autonomic Dysreflexia,autonomic-dysreflexia,7:50,470,https://members.simplenursing.com/wp-content/themes/simplenursing-app/images/videos/thumbnails/2.-Autonomic-Dysreflexia-copy.webp,https://d1pumg6d5kr18o.cloudfront.net/new/75_autonomic_dysreflexia_/75_autonomic_dysreflexia_.m3u8,,0,16355,719,Medical / Surgical / Critical Care (Adult Health) / Spinal Cord Injury (Adult Health)
Medical / Surgical,Medical / Surgical / Critical Care (Adult Health),Ventilator Settings & Mechanical Ventilation (Adult Health),ventilator-settings-ms-cc,48m 27s,1,Ventilator Settings & Mechanical Ventilation,ventilator-settings-mechanical-ventilation,23:06,1386,https://members.simplenursing.com/wp-content/themes/simplenursing-app/images/videos/thumbnails//1.-Ventilator-Settings-Mechanical-Ventilation-copy.webp,https://d1pumg6d5kr18o.cloudfront.net/new/1_ventilator_settings__mechanical_ventilation/1_ventilator_settings__mechanical_ventilation.m3u8,"Mechanical ventilation supports patients with breathing difficulties. Key ventilator settings include tidal volume (air per breath), respiratory rate (breaths per minute), and FiO2 (inspired oxygen fraction). Adjusting these settings is critical for patient care and to prevent complications, guided by the patient's condition and blood gas analyses.",0,16592,720,Medical / Surgical / Critical Care (Adult Health) / Ventilator Settings & Mechanical Ventilation (Adult Health)
Medical / Surgical,Medical / Surgical / Critical Care (Adult Health),Ventilator Settings & Mechanical Ventilation (Adult Health),ventilator-settings-ms-cc,48m 27s,2,Ventilator Care,ventilator-care,8:42,522,https://members.simplenursing.com/wp-content/themes/simplenursing-app/images/videos/thumbnails//2.-Ventilator-Care-copy.webp,https://d1pumg6d5kr18o.cloudfront.net/new/2_ventilator_care/2_ventilator_care.m3u8,,0,16627,721,Medical / Surgical / Critical Care (Adult Health) / Ventilator Settings & Mechanical Ventilation (Adult Health)
Medical / Surgical,Medical / Surgical / Critical Care (Adult Health),Ventilator Settings & Mechanical Ventilation (Adult Health),ventilator-settings-ms-cc,48m 27s,3,Ventilator Complications & Extubation,ventilator-complications-extubation,4:16,256,https://members.simplenursing.com/wp-content/themes/simplenursing-app/images/videos/thumbnails//3.-Ventilator-Complications-Extubation-copy.webp,https://d1pumg6d5kr18o.cloudfront.net/new/3_ventilator_complications__extubation/3_ventilator_complications__extubation.m3u8,,0,16628,722,Medical / Surgical / Critical Care (Adult Health) / Ventilator Settings & Mechanical Ventilation (Adult Health)
Medical / Surgical,Medical / Surgical / Critical Care (Adult Health),Ventilator Settings & Mechanical Ventilation (Adult Health),ventilator-settings-ms-cc,48m 27s,4,Tracheostomy Care,tracheostomy-care,4:30,270,https://members.simplenursing.com/wp-content/themes/simplenursing-app/images/videos/thumbnails//4.-Tracheostomy-Care-copy.webp,https://d1pumg6d5kr18o.cloudfront.net/new/4_tracheostomy_care/4_tracheostomy_care.m3u8,,0,16629,723,Medical / Surgical / Critical Care (Adult Health) / Ventilator Settings & Mechanical Ventilation (Adult Health)
Medical / Surgical,Medical / Surgical / Critical Care (Adult Health),Ventilator Settings & Mechanical Ventilation (Adult Health),ventilator-settings-ms-cc,48m 27s,5,Ventilator Alarms,ventilator-alarms-medsurg-respiratory,2:26,146,https://members.simplenursing.com/wp-content/themes/simplenursing-app/images/videos/thumbnails//5.-Ventilator-Alarms-copy.webp,https://d1pumg6d5kr18o.cloudfront.net/new/5_ventilator_alarms/5_ventilator_alarms.m3u8,,0,16630,724,Medical / Surgical / Critical Care (Adult Health) / Ventilator Settings & Mechanical Ventilation (Adult Health)
Medical / Surgical,Medical / Surgical / Critical Care (Adult Health),Ventilator Settings & Mechanical Ventilation (Adult Health),ventilator-settings-ms-cc,48m 27s,6,Ventilator Modes,ventilator-modes,1:00,60,https://members.simplenursing.com/wp-content/themes/simplenursing-app/images/videos/thumbnails//6.-Ventilator-Modes-copy.webp,https://d1pumg6d5kr18o.cloudfront.net/new/6_ventilator_modes/6_ventilator_modes.m3u8,,0,16631,725,Medical / Surgical / Critical Care (Adult Health) / Ventilator Settings & Mechanical Ventilation (Adult Health)
Medical / Surgical,Medical / Surgical / Critical Care (Adult Health),Ventilator Settings & Mechanical Ventilation (Adult Health),ventilator-settings-ms-cc,48m 27s,7,Ventilator Settings,ventilator-settings,3:05,185,https://members.simplenursing.com/wp-content/themes/simplenursing-app/images/videos/thumbnails//7.-Ventilator-Settings-copy.webp,https://d1pumg6d5kr18o.cloudfront.net/new/7_ventilator_settings/7_ventilator_settings.m3u8,,0,16632,726,Medical / Surgical / Critical Care (Adult Health) / Ventilator Settings & Mechanical Ventilation (Adult Health)
Medical / Surgical,Medical / Surgical / Critical Care (Adult Health),Ventilator Settings & Mechanical Ventilation (Adult Health),ventilator-settings-ms-cc,48m 27s,8,Ventilator Monitoring,ventilator-monitoring,1:22,82,https://members.simplenursing.com/wp-content/themes/simplenursing-app/images/videos/thumbnails//8.-Ventilator-Monitoring-copy.webp,https://d1pumg6d5kr18o.cloudfront.net/new/8_ventilator_monitoring/8_ventilator_monitoring.m3u8,,0,16633,727,Medical / Surgical / Critical Care (Adult Health) / Ventilator Settings & Mechanical Ventilation (Adult Health)
Medical / Surgical,Medical / Surgical / GI (Gastrointestinal) (Adult Health),Appendicitis (Adult Health),appendicitis,6m 22s,1,Appendicitis,appendicitis,6:22,382,https://members.simplenursing.com/wp-content/themes/simplenursing-app/images/videos/thumbnails/1.-Appendicitis-Adult-Health-copy.webp,https://d1pumg6d5kr18o.cloudfront.net/new/gi_liver_gi_gastrointestinal_1_appendicitis/gi_liver_gi_gastrointestinal_1_appendicitis.m3u8,,0,16868,728,Medical / Surgical / GI (Gastrointestinal) (Adult Health) / Appendicitis (Adult Health)
Medical / Surgical,Medical / Surgical / GI (Gastrointestinal) (Adult Health),Celiac Disease (Adult Health),celiac-disease,2m 52s,1,Celiac Disease,celiac-disease-new,2:52,172,https://members.simplenursing.com/wp-content/themes/simplenursing-app/images/videos/thumbnails/1.-Celiac-Disease-copy.webp,https://d1pumg6d5kr18o.cloudfront.net/new/gi_liver_gi_gastrointestinal_celiac_disease/gi_liver_gi_gastrointestinal_celiac_disease.m3u8,,0,16869,729,Medical / Surgical / GI (Gastrointestinal) (Adult Health) / Celiac Disease (Adult Health)
Medical / Surgical,Medical / Surgical / GI (Gastrointestinal) (Adult Health),Colostomy & Ileostomy (Adult Health),colostomy-ileostomy,9m 30s,1,Colostomy & Ileostomy,colostomy-ileostomy,9:30,570,https://members.simplenursing.com/wp-content/themes/simplenursing-app/images/videos/thumbnails/1.-Colostomy-Ileostomy-Adult-Health-copy.webp,https://d1pumg6d5kr18o.cloudfront.net/new/gi_liver_gi_gastrointestinal_3_colostomy_ileostomy/gi_liver_gi_gastrointestinal_3_colostomy_ileostomy.m3u8,,0,16870,730,Medical / Surgical / GI (Gastrointestinal) (Adult Health) / Colostomy & Ileostomy (Adult Health)
Medical / Surgical,Medical / Surgical / GI (Gastrointestinal) (Adult Health),Diverticulitis & Diverticulosis (Adult Health),diverticulitis-and-diverticulosis,6m 4s,1,Diverticulitis & Diverticulosis,diverticulitis-diverticulosis,6:04,364,https://members.simplenursing.com/wp-content/themes/simplenursing-app/images/videos/thumbnails/1.-Diverticulitis-Diverticulosis-copy.webp,https://d1pumg6d5kr18o.cloudfront.net/new/gi_liver_gi_gastrointestinal_4_diverticulitis_diverticulosis/gi_liver_gi_gastrointestinal_4_diverticulitis_diverticulosis.m3u8,,0,16871,731,Medical / Surgical / GI (Gastrointestinal) (Adult Health) / Diverticulitis & Diverticulosis (Adult Health)
Medical / Surgical,Medical / Surgical / GI (Gastrointestinal) (Adult Health),Dumping Syndrome (Adult Health),dumping-syndrome,9m 3s,1,Dumping Syndrome,dumping-syndrome,9:03,543,https://members.simplenursing.com/wp-content/themes/simplenursing-app/images/videos/thumbnails/1.-Dumping-Syndrome-copy.webp,https://d1pumg6d5kr18o.cloudfront.net/new/gi_liver_gi_gastrointestinal_5_dumping_syndrome/gi_liver_gi_gastrointestinal_5_dumping_syndrome.m3u8,,0,16872,732,Medical / Surgical / GI (Gastrointestinal) (Adult Health) / Dumping Syndrome (Adult Health)
Medical / Surgical,Medical / Surgical / GI (Gastrointestinal) (Adult Health),GERD & Peptic Ulcers (Adult Health),gerd-peptic-ulcers,51m 52s,1,Full Video GERD & Ulcers,full-video-gerd-ulcers,26:20,1580,https://members.simplenursing.com/wp-content/themes/simplenursing-app/images/videos/thumbnails/1.-Full-Video-GERD-Ulcers-copy.webp,https://d1pumg6d5kr18o.cloudfront.net/new/gi_liver_gi_gastrointestinal_6_gerd_ulcer_playlist_1_full_video_gerd_ulcers/gi_liver_gi_gastrointestinal_6_gerd_ulcer_playlist_1_full_video_gerd_ulcers.m3u8,,0,16873,733,Medical / Surgical / GI (Gastrointestinal) (Adult Health) / GERD & Peptic Ulcers (Adult Health)
Medical / Surgical,Medical / Surgical / GI (Gastrointestinal) (Adult Health),GERD & Peptic Ulcers (Adult Health),gerd-peptic-ulcers,51m 52s,2,GERD,gerd,13:16,796,https://members.simplenursing.com/wp-content/themes/simplenursing-app/images/videos/thumbnails/2.-GERD-copy.webp,https://d1pumg6d5kr18o.cloudfront.net/new/gi_liver_gi_gastrointestinal_6_gerd_ulcer_playlist_gerd/gi_liver_gi_gastrointestinal_6_gerd_ulcer_playlist_gerd.m3u8,,0,16874,734,Medical / Surgical / GI (Gastrointestinal) (Adult Health) / GERD & Peptic Ulcers (Adult Health)
Medical / Surgical,Medical / Surgical / GI (Gastrointestinal) (Adult Health),GERD & Peptic Ulcers (Adult Health),gerd-peptic-ulcers,51m 52s,3,PUD (Peptic Ulcer Disease),pud-peptic-ulcer-disease,12:16,736,https://members.simplenursing.com/wp-content/themes/simplenursing-app/images/videos/thumbnails/3.-PUD-Peptic-Ulcer-Disease-copy.webp,https://d1pumg6d5kr18o.cloudfront.net/new/gi_liver_gi_gastrointestinal_6_gerd_ulcer_playlist_3_pud_peptic_ulcer_disease/gi_liver_gi_gastrointestinal_6_gerd_ulcer_playlist_3_pud_peptic_ulcer_disease.m3u8,,0,16875,735,Medical / Surgical / GI (Gastrointestinal) (Adult Health) / GERD & Peptic Ulcers (Adult Health)
Medical / Surgical,Medical / Surgical / GI (Gastrointestinal) (Adult Health),GI Bleed (Adult Health),gi-bleed,7m 35s,1,GI Bleed,gi-bleed,7:35,455,https://members.simplenursing.com/wp-content/themes/simplenursing-app/images/videos/thumbnails/1.-GI-Bleed-copy.webp,https://d1pumg6d5kr18o.cloudfront.net/new/gi_liver_gi_gastrointestinal_7_gi_bleed/gi_liver_gi_gastrointestinal_7_gi_bleed.m3u8,,0,16876,736,Medical / Surgical / GI (Gastrointestinal) (Adult Health) / GI Bleed (Adult Health)
Medical / Surgical,Medical / Surgical / GI (Gastrointestinal) (Adult Health),Colon Cancer (Adult Health),colon-cancer,7m 50s,1,Colon Cancer,colon-cancer,6:21,381,https://members.simplenursing.com/wp-content/themes/simplenursing-app/images/videos/thumbnails/1.-Colon-Cancer-copy.webp,https://d1pumg6d5kr18o.cloudfront.net/new/gi_liver_gi_gastrointestinal_8_colon_cancer_1_colon_cancer/gi_liver_gi_gastrointestinal_8_colon_cancer_1_colon_cancer.m3u8,,0,16877,737,Medical / Surgical / GI (Gastrointestinal) (Adult Health) / Colon Cancer (Adult Health)
Medical / Surgical,Medical / Surgical / GI (Gastrointestinal) (Adult Health),Colon Cancer (Adult Health),colon-cancer,7m 50s,2,Colonoscopy & Peritonitis,colonoscopy-peritonitis,1:29,89,https://members.simplenursing.com/wp-content/themes/simplenursing-app/images/videos/thumbnails/2.-Colonoscopy-Peritonitis-copy.webp,https://d1pumg6d5kr18o.cloudfront.net/new/gi_liver_gi_gastrointestinal_8_colon_cancer_colonoscopy_peritonitis/gi_liver_gi_gastrointestinal_8_colon_cancer_colonoscopy_peritonitis.m3u8,,0,16878,738,Medical / Surgical / GI (Gastrointestinal) (Adult Health) / Colon Cancer (Adult Health)
Medical / Surgical,Medical / Surgical / GI (Gastrointestinal) (Adult Health),Hiatal Hernia (Adult Health),hiatal-hernia,3m 32s,1,Hiatal Hernia,hiatal-hernia-new,3:32,212,https://members.simplenursing.com/wp-content/themes/simplenursing-app/images/videos/thumbnails/1.-Hiatal-Hernia-copy.webp,https://d1pumg6d5kr18o.cloudfront.net/new/gi_liver_gi_gastrointestinal_9_hiatal_hernia/gi_liver_gi_gastrointestinal_9_hiatal_hernia.m3u8,,0,16879,739,Medical / Surgical / GI (Gastrointestinal) (Adult Health) / Hiatal Hernia (Adult Health)
Medical / Surgical,Medical / Surgical / GI (Gastrointestinal) (Adult Health),Irritable Bowel Syndrome (Adult Health),irritable-bowel-syndrome,2m 44s,1,Irritable Bowel Syndrome,irritable-bowel-syndrome,2:44,164,https://members.simplenursing.com/wp-content/themes/simplenursing-app/images/videos/thumbnails/1.-Irritable-Bowel-Syndrome-copy.webp,https://d1pumg6d5kr18o.cloudfront.net/new/gi_liver_gi_gastrointestinal_10_irritable_bowel_syndrome_ibs/gi_liver_gi_gastrointestinal_10_irritable_bowel_syndrome_ibs.m3u8,,0,16880,740,Medical / Surgical / GI (Gastrointestinal) (Adult Health) / Irritable Bowel Syndrome (Adult Health)
Medical / Surgical,Medical / Surgical / GI (Gastrointestinal) (Adult Health),Small bowel obstruction (Adult Health),small-bowel-obstruction,5m 35s,1,Small bowel obstruction,small-bowel-obstruction,5:35,335,https://members.simplenursing.com/wp-content/themes/simplenursing-app/images/videos/thumbnails/1.-Small-bowel-obstruction-copy.webp,https://d1pumg6d5kr18o.cloudfront.net/new/gi_liver_gi_gastrointestinal_11_small_bowel_obstruction/gi_liver_gi_gastrointestinal_11_small_bowel_obstruction.m3u8,,0,16881,741,Medical / Surgical / GI (Gastrointestinal) (Adult Health) / Small bowel obstruction (Adult Health)
Medical / Surgical,Medical / Surgical / GI (Gastrointestinal) (Adult Health),Ulcerative Colitis vs. Crohn’s Disease (Adult Health),ulcerative-colitis-vs-crohns-disease,14m 38s,1,Ulcerative Colitis vs. Crohn’s Disease,ulcerative-colitis-vs-crohns-disease,14:38,878,https://members.simplenursing.com/wp-content/themes/simplenursing-app/images/videos/thumbnails/1.-Ulcerative-Colitis-vs.-Crohns-Disease-copy.webp,https://d1pumg6d5kr18o.cloudfront.net/new/gi_liver_gi_gastrointestinal_1ulcerative_colitis_vs_chrons/gi_liver_gi_gastrointestinal_1ulcerative_colitis_vs_chrons.m3u8,,0,16882,742,Medical / Surgical / GI (Gastrointestinal) (Adult Health) / Ulcerative Colitis vs. Crohn’s Disease (Adult Health)
Medical / Surgical,Medical / Surgical / GI (Gastrointestinal) (Adult Health),Pancreas (Adult Health),pancreas,12m 46s,1,Pancreas Song,pancreas-song,0:53,53,https://members.simplenursing.com/wp-content/themes/simplenursing-app/images/videos/thumbnails/1.-Pancreas-Song-copy.webp,https://d1pumg6d5kr18o.cloudfront.net/new/gi_liver_pancreas_1_pancreas_song/gi_liver_pancreas_1_pancreas_song.m3u8,,0,16890,743,Medical / Surgical / GI (Gastrointestinal) (Adult Health) / Pancreas (Adult Health)
Medical / Surgical,Medical / Surgical / GI (Gastrointestinal) (Adult Health),Pancreas (Adult Health),pancreas,12m 46s,2,Pancreatitis,pancreatitis-new,11:53,713,https://members.simplenursing.com/wp-content/themes/simplenursing-app/images/videos/thumbnails/2.-Pancreatitis-copy.webp,https://d1pumg6d5kr18o.cloudfront.net/new/gi_liver_pancreas_pancreatitis/gi_liver_pancreas_pancreatitis.m3u8,,0,16891,744,Medical / Surgical / GI (Gastrointestinal) (Adult Health) / Pancreas (Adult Health)
Medical / Surgical,Medical / Surgical,IV Therapy (Adult Health),iv-therapy-ms,46m 16s,1,IV Therapy Intro,iv-therapy-part-1-intro,13:09,789,https://members.simplenursing.com/wp-content/themes/simplenursing-app/images/videos/thumbnails/1.-IV-Therapy-Intro-copy.webp,https://d1pumg6d5kr18o.cloudfront.net/new/iv_therapy_part_1_8211_intro_2/iv_therapy_part_1_8211_intro.m3u8,,0,11911,745,Medical / Surgical / IV Therapy (Adult Health)
Medical / Surgical,Medical / Surgical,IV Therapy (Adult Health),iv-therapy-ms,46m 16s,2,"Hypo, Hyper, & Iso Fluids",iv-therapy-part-2-hypotonic-hypertonic-isotonic-fluids,13:25,805,https://members.simplenursing.com/wp-content/themes/simplenursing-app/images/videos/thumbnails/2.-Hypo-Hyper-Iso-Fluids-copy-1.webp,https://d1pumg6d5kr18o.cloudfront.net/new/iv_therapy_part_2_8211_hypotonic_hypertonic_isotonic_fluids_2/iv_therapy_part_2_8211_hypotonic_hypertonic_isotonic_fluids.m3u8,,0,11912,746,Medical / Surgical / IV Therapy (Adult Health)
Medical / Surgical,Medical / Surgical,IV Therapy (Adult Health),iv-therapy-ms,46m 16s,3,IV Caution,iv-therapy-part-3-iv-caution,19:42,1182,https://members.simplenursing.com/wp-content/themes/simplenursing-app/images/videos/thumbnails/3.-IV-Caution-copy-1.webp,https://d1pumg6d5kr18o.cloudfront.net/new/iv_therapy_part_3_8211_iv_caution_2/iv_therapy_part_3_8211_iv_caution.m3u8,,0,11913,747,Medical / Surgical / IV Therapy (Adult Health)
Medical / Surgical,Medical / Surgical / Liver & Gallbladder (Adult Health),Cirrhosis (Adult Health),liver-cirrhosis,40m 19s,1,Liver song,liver-song-new,1:58,118,https://members.simplenursing.com/wp-content/themes/simplenursing-app/images/videos/thumbnails/1.-Liver-song-copy.webp,https://d1pumg6d5kr18o.cloudfront.net/new/gi_liver_liver_gallbladder_1_cirrhosis_1_liver_song/gi_liver_liver_gallbladder_1_cirrhosis_1_liver_song.m3u8,,0,16883,748,Medical / Surgical / Liver & Gallbladder (Adult Health) / Cirrhosis (Adult Health)
Medical / Surgical,Medical / Surgical / Liver & Gallbladder (Adult Health),Cirrhosis (Adult Health),liver-cirrhosis,40m 19s,2,Cirrhosis Full Video,cirrhosis-full-video,26:37,1597,https://members.simplenursing.com/wp-content/themes/simplenursing-app/images/videos/thumbnails/2.-Cirrhosis-copy.webp,https://d1pumg6d5kr18o.cloudfront.net/new/gi_liver_liver_gallbladder_1_cirrhosis_cirrhosis_full_video/gi_liver_liver_gallbladder_1_cirrhosis_cirrhosis_full_video.m3u8,,0,16884,749,Medical / Surgical / Liver & Gallbladder (Adult Health) / Cirrhosis (Adult Health)
Medical / Surgical,Medical / Surgical / Liver & Gallbladder (Adult Health),Cirrhosis (Adult Health),liver-cirrhosis,40m 19s,3,Portal hypertension & Ascites,portal-hypertension-ascites-new,6:43,403,https://members.simplenursing.com/wp-content/themes/simplenursing-app/images/videos/thumbnails/3.-Portal-hypertension-Ascites-copy.webp,https://d1pumg6d5kr18o.cloudfront.net/new/gi_liver_liver_gallbladder_1_cirrhosis_3_portal_hypertension_ascites/gi_liver_liver_gallbladder_1_cirrhosis_3_portal_hypertension_ascites.m3u8,,0,16885,750,Medical / Surgical / Liver & Gallbladder (Adult Health) / Cirrhosis (Adult Health)
Medical / Surgical,Medical / Surgical / Liver & Gallbladder (Adult Health),Cirrhosis (Adult Health),liver-cirrhosis,40m 19s,4,Liver Failure Labs,liver-failure-labs,2:01,121,https://members.simplenursing.com/wp-content/themes/simplenursing-app/images/videos/thumbnails/4.-Liver-Failure-Labs-copy.webp,https://d1pumg6d5kr18o.cloudfront.net/new/gi_liver_liver_gallbladder_1_cirrhosis_4_liver_failure_labs/gi_liver_liver_gallbladder_1_cirrhosis_4_liver_failure_labs.m3u8,,0,16886,751,Medical / Surgical / Liver & Gallbladder (Adult Health) / Cirrhosis (Adult Health)
Medical / Surgical,Medical / Surgical / Liver & Gallbladder (Adult Health),Cirrhosis (Adult Health),liver-cirrhosis,40m 19s,5,Paracentesis & Albumin,paracentesis-albumin,3:00,180,https://members.simplenursing.com/wp-content/themes/simplenursing-app/images/videos/thumbnails/5.-Paracentesis-Albumin-copy.webp,https://d1pumg6d5kr18o.cloudfront.net/new/gi_liver_liver_gallbladder_1_cirrhosis_5_paracentesis_albumin/gi_liver_liver_gallbladder_1_cirrhosis_5_paracentesis_albumin.m3u8,,0,16887,752,Medical / Surgical / Liver & Gallbladder (Adult Health) / Cirrhosis (Adult Health)
Medical / Surgical,Medical / Surgical / Liver & Gallbladder (Adult Health),Hepatitis (Adult Health),hepatitis,7m 32s,1,Hepatitis,hepatitis-new,7:32,452,https://members.simplenursing.com/wp-content/themes/simplenursing-app/images/videos/thumbnails/1.-Hepatitis-copy.webp,https://d1pumg6d5kr18o.cloudfront.net/new/gi_liver_liver_gallbladder_hepatitis/gi_liver_liver_gallbladder_hepatitis.m3u8,,0,16888,753,Medical / Surgical / Liver & Gallbladder (Adult Health) / Hepatitis (Adult Health)
Medical / Surgical,Medical / Surgical / Liver & Gallbladder (Adult Health),Cholecystitis (Adult Health),cholecystitis,5m 19s,1,Cholecystitis,cholecystitis,5:19,319,https://members.simplenursing.com/wp-content/themes/simplenursing-app/images/videos/thumbnails/1.-Cholecystitis-copy.webp,https://d1pumg6d5kr18o.cloudfront.net/new/gi_liver_liver_gallbladder_3_cholecystitis/gi_liver_liver_gallbladder_3_cholecystitis.m3u8,,0,16889,754,Medical / Surgical / Liver & Gallbladder (Adult Health) / Cholecystitis (Adult Health)
Medical / Surgical,Medical / Surgical / Prioritization & Delegation (Adult Health),Delegation (Adult Health),delegation,18m 29s,1,Delegation Full Video,delegation-full-video,9:15,555,https://members.simplenursing.com/wp-content/themes/simplenursing-app/images/videos/thumbnails/1.-Delegation-Full-Video-copy.webp,https://d1pumg6d5kr18o.cloudfront.net/new/3_delegation_delegation_full_video_updated/3_delegation_delegation_full_video_updated.m3u8,,0,17033,755,Medical / Surgical / Prioritization & Delegation (Adult Health) / Delegation (Adult Health)
Medical / Surgical,Medical / Surgical / Prioritization & Delegation (Adult Health),Delegation (Adult Health),delegation,18m 29s,2,RN delegation,rn-delegation,4:04,244,https://members.simplenursing.com/wp-content/themes/simplenursing-app/images/videos/thumbnails/2.-RN-delegation-copy.webp,https://d1pumg6d5kr18o.cloudfront.net/new/medical_surgical_delegation_prioritization_1_delegation_2_rn_delegation/medical_surgical_delegation_prioritization_1_delegation_2_rn_delegation.m3u8,,0,17034,756,Medical / Surgical / Prioritization & Delegation (Adult Health) / Delegation (Adult Health)
Medical / Surgical,Medical / Surgical / Prioritization & Delegation (Adult Health),Delegation (Adult Health),delegation,18m 29s,3,LPN / LVN delegation,lpn-lvn-delegation,1:39,99,https://members.simplenursing.com/wp-content/themes/simplenursing-app/images/videos/thumbnails/3.-LPN-LVN-delegation-copy.webp,https://d1pumg6d5kr18o.cloudfront.net/new/medical_surgical_delegation_prioritization_1_delegation_3_lpn_lvn_delegation/medical_surgical_delegation_prioritization_1_delegation_3_lpn_lvn_delegation.m3u8,,0,17035,757,Medical / Surgical / Prioritization & Delegation (Adult Health) / Delegation (Adult Health)
Medical / Surgical,Medical / Surgical / Prioritization & Delegation (Adult Health),Delegation (Adult Health),delegation,18m 29s,4,"CNA, UAP, Tech delegation",cna-uap-tech-delegation,0:59,59,https://members.simplenursing.com/wp-content/themes/simplenursing-app/images/videos/thumbnails/4.-CNA-UAP-Tech-delegation-copy.webp,https://d1pumg6d5kr18o.cloudfront.net/new/medical_surgical_delegation_prioritization_1_delegation_4_cna_uap_tech_delegation/medical_surgical_delegation_prioritization_1_delegation_4_cna_uap_tech_delegation.m3u8,,0,17036,758,Medical / Surgical / Prioritization & Delegation (Adult Health) / Delegation (Adult Health)
Medical / Surgical,Medical / Surgical / Prioritization & Delegation (Adult Health),Delegation (Adult Health),delegation,18m 29s,5,NCLEX practice questions,nclex-practice-questions,2:32,152,https://members.simplenursing.com/wp-content/themes/simplenursing-app/images/videos/thumbnails/5.-NCLEX-practice-questions-copy.webp,https://d1pumg6d5kr18o.cloudfront.net/new/3_delegation_nclex_practice_questions_updated/3_delegation_nclex_practice_questions_updated.m3u8,,0,17037,759,Medical / Surgical / Prioritization & Delegation (Adult Health) / Delegation (Adult Health)
Medical / Surgical,Medical / Surgical / Prioritization & Delegation (Adult Health),Prioritization (beyond the ABCs) (Adult Health),prioritization-beyond-the-abcs,18m 57s,1,Prioritization Full Video,prioritization-full-video,9:53,593,https://members.simplenursing.com/wp-content/themes/simplenursing-app/images/videos/thumbnails/1.-Prioritization-Full-Video-copy.webp,https://d1pumg6d5kr18o.cloudfront.net/new/medical_surgical_delegation_prioritization_2_prioritization_1_prioritization_full_video/medical_surgical_delegation_prioritization_2_prioritization_1_prioritization_full_video.m3u8,,0,17038,760,Medical / Surgical / Prioritization & Delegation (Adult Health) / Prioritization (beyond the ABCs) (Adult Health)
Medical / Surgical,Medical / Surgical / Prioritization & Delegation (Adult Health),Prioritization (beyond the ABCs) (Adult Health),prioritization-beyond-the-abcs,18m 57s,2,Airway = Blockage,airway-blockage,0:53,53,https://members.simplenursing.com/wp-content/themes/simplenursing-app/images/videos/thumbnails/2.-Airway-Blockage-copy.webp,https://d1pumg6d5kr18o.cloudfront.net/new/medical_surgical_delegation_prioritization_2_prioritization_2_airway_blockage/medical_surgical_delegation_prioritization_2_prioritization_2_airway_blockage.m3u8,,0,17039,761,Medical / Surgical / Prioritization & Delegation (Adult Health) / Prioritization (beyond the ABCs) (Adult Health)
Medical / Surgical,Medical / Surgical / Prioritization & Delegation (Adult Health),Prioritization (beyond the ABCs) (Adult Health),prioritization-beyond-the-abcs,18m 57s,3,Breathing = RR & O2,breathing-rr-o2,1:35,95,https://members.simplenursing.com/wp-content/themes/simplenursing-app/images/videos/thumbnails/3.-Breathing-RR-O2-copy.webp,https://d1pumg6d5kr18o.cloudfront.net/new/medical_surgical_delegation_prioritization_2_prioritization_3_breathing_rr_o2/medical_surgical_delegation_prioritization_2_prioritization_3_breathing_rr_o2.m3u8,,0,17040,762,Medical / Surgical / Prioritization & Delegation (Adult Health) / Prioritization (beyond the ABCs) (Adult Health)
Medical / Surgical,Medical / Surgical / Prioritization & Delegation (Adult Health),Prioritization (beyond the ABCs) (Adult Health),prioritization-beyond-the-abcs,18m 57s,4,Circulation = Bleeding & BP,circulation-bleeding-bp,2:53,173,https://members.simplenursing.com/wp-content/themes/simplenursing-app/images/videos/thumbnails/4.-Circulation-Bleeding-BP-copy.webp,https://d1pumg6d5kr18o.cloudfront.net/new/medical_surgical_delegation_prioritization_2_prioritization_4_circulation_bleeding_bp/medical_surgical_delegation_prioritization_2_prioritization_4_circulation_bleeding_bp.m3u8,,0,17041,763,Medical / Surgical / Prioritization & Delegation (Adult Health) / Prioritization (beyond the ABCs) (Adult Health)
Medical / Surgical,Medical / Surgical / Prioritization & Delegation (Adult Health),Prioritization (beyond the ABCs) (Adult Health),prioritization-beyond-the-abcs,18m 57s,5,Infection,infection,0:37,37,https://members.simplenursing.com/wp-content/themes/simplenursing-app/images/videos/thumbnails/5.-Infection-copy.webp,https://d1pumg6d5kr18o.cloudfront.net/new/medical_surgical_delegation_prioritization_2_prioritization_5_infection_/medical_surgical_delegation_prioritization_2_prioritization_5_infection_.m3u8,,0,17042,764,Medical / Surgical / Prioritization & Delegation (Adult Health) / Prioritization (beyond the ABCs) (Adult Health)
Medical / Surgical,Medical / Surgical / Prioritization & Delegation (Adult Health),Prioritization (beyond the ABCs) (Adult Health),prioritization-beyond-the-abcs,18m 57s,6,Priority Lab Values,priority-lab-values,1:55,115,https://members.simplenursing.com/wp-content/themes/simplenursing-app/images/videos/video-topic-icon.png,https://d1pumg6d5kr18o.cloudfront.net/new/medical_surgical_delegation_prioritization_2_prioritization_6_priority_lab_values/medical_surgical_delegation_prioritization_2_prioritization_6_priority_lab_values.m3u8,,0,17043,765,Medical / Surgical / Prioritization & Delegation (Adult Health) / Prioritization (beyond the ABCs) (Adult Health)
Medical / Surgical,Medical / Surgical / Prioritization & Delegation (Adult Health),Prioritization (beyond the ABCs) (Adult Health),prioritization-beyond-the-abcs,18m 57s,7,Pain - Cast & Chest,pain-cast-chest,1:11,71,https://members.simplenursing.com/wp-content/themes/simplenursing-app/images/videos/video-topic-icon.png,https://d1pumg6d5kr18o.cloudfront.net/new/medical_surgical_delegation_prioritization_2_prioritization_7_pain_cast_chest/medical_surgical_delegation_prioritization_2_prioritization_7_pain_cast_chest.m3u8,,0,17044,766,Medical / Surgical / Prioritization & Delegation (Adult Health) / Prioritization (beyond the ABCs) (Adult Health)
Medical / Surgical,Medical / Surgical,TPN & Tube Feeding (Adult Health),tpn-tube-feeding-ms,20m 6s,1,Full video - TPN & Tube Feeding,full-video-tpn-tube-feeding,10:05,605,https://members.simplenursing.com/wp-content/themes/simplenursing-app/images/videos/thumbnails/1.-Full-video-TPN-Tube-Feeding-copy.webp,https://d1pumg6d5kr18o.cloudfront.net/new/gi_liver_tpn_tube_feeding_1_full_video_-_tpn_tube_feeding/gi_liver_tpn_tube_feeding_1_full_video_-_tpn_tube_feeding.m3u8,,0,16892,767,Medical / Surgical / TPN & Tube Feeding (Adult Health)
Medical / Surgical,Medical / Surgical,TPN & Tube Feeding (Adult Health),tpn-tube-feeding-ms,20m 6s,2,TPN,tpn,5:42,342,https://members.simplenursing.com/wp-content/themes/simplenursing-app/images/videos/thumbnails/2.-TPN-copy.webp,https://d1pumg6d5kr18o.cloudfront.net/new/gi_liver_tpn_tube_feeding_tpn/gi_liver_tpn_tube_feeding_tpn.m3u8,,0,16893,768,Medical / Surgical / TPN & Tube Feeding (Adult Health)
Medical / Surgical,Medical / Surgical,TPN & Tube Feeding (Adult Health),tpn-tube-feeding-ms,20m 6s,3,Enteral Feeding,enteral-feeding,1:42,102,https://members.simplenursing.com/wp-content/themes/simplenursing-app/images/videos/thumbnails/3.-Enteral-Feeding-copy.webp,https://d1pumg6d5kr18o.cloudfront.net/new/gi_liver_tpn_tube_feeding_3_enteral_feeding/gi_liver_tpn_tube_feeding_3_enteral_feeding.m3u8,,0,16894,769,Medical / Surgical / TPN & Tube Feeding (Adult Health)
Medical / Surgical,Medical / Surgical,TPN & Tube Feeding (Adult Health),tpn-tube-feeding-ms,20m 6s,4,Refeeding Syndrome,refeeding-syndrome,2:37,157,https://members.simplenursing.com/wp-content/themes/simplenursing-app/images/videos/thumbnails/4.-Refeeding-Syndrome-copy.webp,https://d1pumg6d5kr18o.cloudfront.net/new/gi_liver_tpn_tube_feeding_4_refeeding_syndrome/gi_liver_tpn_tube_feeding_4_refeeding_syndrome.m3u8,,0,16895,770,Medical / Surgical / TPN & Tube Feeding (Adult Health)
Medical / Surgical,Medical / Surgical / Hematological (Adult Health),Anemias (Adult Health),anemias-hematological,32m 18s,1,Anemias Full Video,anemias-full-video,16:51,1011,https://members.simplenursing.com/wp-content/themes/simplenursing-app/images/videos/thumbnails/1.-Anemias-Full-Video-copy.webp,https://d1pumg6d5kr18o.cloudfront.net/new/hematological_1_anemia_1_anemia_full_video/hematological_1_anemia_1_anemia_full_video.m3u8,,0,17087,771,Medical / Surgical / Hematological (Adult Health) / Anemias (Adult Health)
Medical / Surgical,Medical / Surgical / Hematological (Adult Health),Anemias (Adult Health),anemias-hematological,32m 18s,2,Iron deficiency Anemia,iron-deficiency-anemia,7:35,455,https://members.simplenursing.com/wp-content/themes/simplenursing-app/images/videos/thumbnails/2.-Iron-deficiency-Anemia-copy.webp,https://d1pumg6d5kr18o.cloudfront.net/new/hematological_1_anemia_2_iron_deficiency_anemia/hematological_1_anemia_2_iron_deficiency_anemia.m3u8,,0,17088,772,Medical / Surgical / Hematological (Adult Health) / Anemias (Adult Health)
Medical / Surgical,Medical / Surgical / Hematological (Adult Health),Anemias (Adult Health),anemias-hematological,32m 18s,3,Sickle cell anemia,sickle-cell-anemia,4:46,286,https://members.simplenursing.com/wp-content/themes/simplenursing-app/images/videos/thumbnails/3.-Sickle-cell-anemia-copy.webp,https://d1pumg6d5kr18o.cloudfront.net/new/hematological_1_anemia_3_sickle_cell_anemia/hematological_1_anemia_3_sickle_cell_anemia.m3u8,,0,17089,773,Medical / Surgical / Hematological (Adult Health) / Anemias (Adult Health)
Medical / Surgical,Medical / Surgical / Hematological (Adult Health),Anemias (Adult Health),anemias-hematological,32m 18s,4,Pernicious Anemia,pernicious-anemia-2,3:06,186,https://members.simplenursing.com/wp-content/themes/simplenursing-app/images/videos/thumbnails/4.-Pernicious-Anemia-copy.webp,https://d1pumg6d5kr18o.cloudfront.net/new/hematological_1_anemia_4_pernicious_anemia/hematological_1_anemia_4_pernicious_anemia.m3u8,,0,17090,774,Medical / Surgical / Hematological (Adult Health) / Anemias (Adult Health)
Medical / Surgical,Medical / Surgical / Hematological (Adult Health),Blood Transfusions (Adult Health),blood-administration-hematological,40m 17s,1,Blood Admin Full Video,blood-admin-full-video,20:10,1210,https://members.simplenursing.com/wp-content/themes/simplenursing-app/images/videos/thumbnails//1.-Blood-Admin-Full-Video-copy.webp,https://d1pumg6d5kr18o.cloudfront.net/new/1_blood_administration_1_blood_admin_full_video/1_blood_administration_1_blood_admin_full_video.m3u8,,0,16745,775,Medical / Surgical / Hematological (Adult Health) / Blood Transfusions (Adult Health)
Medical / Surgical,Medical / Surgical / Hematological (Adult Health),Blood Transfusions (Adult Health),blood-administration-hematological,40m 17s,2,3 types of Blood products,3-types-of-blood-products,4:06,246,https://members.simplenursing.com/wp-content/themes/simplenursing-app/images/videos/thumbnails//2.-3-types-of-Blood-products-copy.webp,https://d1pumg6d5kr18o.cloudfront.net/new/1_blood_administration_2_3_types_of_blood_products/1_blood_administration_2_3_types_of_blood_products.m3u8,,0,16746,776,Medical / Surgical / Hematological (Adult Health) / Blood Transfusions (Adult Health)
Medical / Surgical,Medical / Surgical / Hematological (Adult Health),Blood Transfusions (Adult Health),blood-administration-hematological,40m 17s,3,Transfusion reactions,transfusion-reactions,5:33,333,https://members.simplenursing.com/wp-content/themes/simplenursing-app/images/videos/thumbnails//3.-Transfusion-reactions-copy.webp,https://d1pumg6d5kr18o.cloudfront.net/new/1_blood_administration_3_transfusion_reactions/1_blood_administration_3_transfusion_reactions.m3u8,,0,16747,777,Medical / Surgical / Hematological (Adult Health) / Blood Transfusions (Adult Health)
Medical / Surgical,Medical / Surgical / Hematological (Adult Health),Blood Transfusions (Adult Health),blood-administration-hematological,40m 17s,4,5 Steps of Blood Transfusion,5-steps-of-blood-transfusion,3:55,235,https://members.simplenursing.com/wp-content/themes/simplenursing-app/images/videos/thumbnails//4.-5-Steps-of-Blood-Transfusion-copy.webp,https://d1pumg6d5kr18o.cloudfront.net/new/1_blood_administration_4_5_steps_of_blood_transfusion/1_blood_administration_4_5_steps_of_blood_transfusion.m3u8,,0,16748,778,Medical / Surgical / Hematological (Adult Health) / Blood Transfusions (Adult Health)
Medical / Surgical,Medical / Surgical / Hematological (Adult Health),Blood Transfusions (Adult Health),blood-administration-hematological,40m 17s,5,Blood types & Rh Factor,blood-types-rh-factor,3:09,189,https://members.simplenursing.com/wp-content/themes/simplenursing-app/images/videos/thumbnails//5.-Blood-types-Rh-Factor-copy.webp,https://d1pumg6d5kr18o.cloudfront.net/new/1_blood_administration_5_blood_types_rh_factor/1_blood_administration_5_blood_types_rh_factor.m3u8,,0,16749,779,Medical / Surgical / Hematological (Adult Health) / Blood Transfusions (Adult Health)
Medical / Surgical,Medical / Surgical / Hematological (Adult Health),Blood Transfusions (Adult Health),blood-administration-hematological,40m 17s,6,Top missed NCLEX Questions,top-missed-nclex-questions-critical-care,3:24,204,https://members.simplenursing.com/wp-content/themes/simplenursing-app/images/videos/thumbnails//6.-Top-missed-NCLEX-Questions-copy.webp,https://d1pumg6d5kr18o.cloudfront.net/new/1_blood_administration_6_top_missed_nclex_questions/1_blood_administration_6_top_missed_nclex_questions.m3u8,,0,16750,780,Medical / Surgical / Hematological (Adult Health) / Blood Transfusions (Adult Health)
Medical / Surgical,Medical / Surgical / Hematological (Adult Health),Epoetin Alfa (Adult Health),epoetin-alfa,3m,1,Epoetin Alfa,epoetin-alfa,3:00,180,https://members.simplenursing.com/wp-content/themes/simplenursing-app/images/videos/thumbnails/1.-Epoetin-Alfa-copy.webp,https://d1pumg6d5kr18o.cloudfront.net/new/hematological_2_erythropoietin/hematological_2_erythropoietin.m3u8,,0,17091,781,Medical / Surgical / Hematological (Adult Health) / Epoetin Alfa (Adult Health)
Medical / Surgical,Medical / Surgical / Hematological (Adult Health),Hemophilia (Adult Health),hemophilia,4m 47s,1,Hemophilia,hemophilia,4:47,287,https://members.simplenursing.com/wp-content/themes/simplenursing-app/images/videos/thumbnails/1.-Hemophilia-copy.webp,https://d1pumg6d5kr18o.cloudfront.net/new/hematological_4_hemophilia/hematological_4_hemophilia.m3u8,,0,17092,782,Medical / Surgical / Hematological (Adult Health) / Hemophilia (Adult Health)
Medical / Surgical,Medical / Surgical / Hematological (Adult Health),Thrombocytopenia (Adult Health),thrombocytopenia,5m 31s,1,Thrombocytopenia,thrombocytopenia-2,5:31,331,https://members.simplenursing.com/wp-content/themes/simplenursing-app/images/videos/thumbnails/1.-Thrombocytopenia-copy.webp,https://d1pumg6d5kr18o.cloudfront.net/new/hematological_5_thrombocytopenia/hematological_5_thrombocytopenia.m3u8,,0,17093,783,Medical / Surgical / Hematological (Adult Health) / Thrombocytopenia (Adult Health)
Medical / Surgical,Medical / Surgical / Oncology (Adult Health),Cancer Types (Adult Health),cancer-types,44m 13s,1,Breast cancer,breast-cancer-2,8:12,492,https://members.simplenursing.com/wp-content/themes/simplenursing-app/images/videos/thumbnails/1.-Breast-cancer-copy.webp,https://d1pumg6d5kr18o.cloudfront.net/new/oncology_1_cancer_types_1_breast_cancer/oncology_1_cancer_types_1_breast_cancer.m3u8,,0,17094,784,Medical / Surgical / Oncology (Adult Health) / Cancer Types (Adult Health)
Medical / Surgical,Medical / Surgical / Oncology (Adult Health),Cancer Types (Adult Health),cancer-types,44m 13s,2,Eye Cancer,eye-cancer,1:38,98,https://members.simplenursing.com/wp-content/themes/simplenursing-app/images/videos/thumbnails/2.-Eye-Cancer-copy.webp,https://d1pumg6d5kr18o.cloudfront.net/new/oncology_1_cancer_types_2_eye_cancer/oncology_1_cancer_types_2_eye_cancer.m3u8,,0,17095,785,Medical / Surgical / Oncology (Adult Health) / Cancer Types (Adult Health)
Medical / Surgical,Medical / Surgical / Oncology (Adult Health),Cancer Types (Adult Health),cancer-types,44m 13s,3,GI Cancers,gi-cancers,6:21,381,https://members.simplenursing.com/wp-content/themes/simplenursing-app/images/videos/thumbnails/3.-GI-Cancers-copy.webp,https://d1pumg6d5kr18o.cloudfront.net/new/gi_liver_gi_gastrointestinal_8_colon_cancer_1_colon_cancer/gi_liver_gi_gastrointestinal_8_colon_cancer_1_colon_cancer.m3u8,,0,17105,786,Medical / Surgical / Oncology (Adult Health) / Cancer Types (Adult Health)
Medical / Surgical,Medical / Surgical / Oncology (Adult Health),Cancer Types (Adult Health),cancer-types,44m 13s,4,Leukemia,leukemia,3:56,236,https://members.simplenursing.com/wp-content/themes/simplenursing-app/images/videos/thumbnails/1.-Leukemia-copy.webp,https://d1pumg6d5kr18o.cloudfront.net/new/oncology_1_cancer_types_4_leukemia_v2/oncology_1_cancer_types_4_leukemia_oncology_1_cancer_types_4_leukemia_v2.m3u8,,0,17096,787,Medical / Surgical / Oncology (Adult Health) / Cancer Types (Adult Health)
Medical / Surgical,Medical / Surgical / Oncology (Adult Health),Cancer Types (Adult Health),cancer-types,44m 13s,5,Lymphoma,lymphoma,2:59,179,https://members.simplenursing.com/wp-content/themes/simplenursing-app/images/videos/thumbnails/5.-Lymphoma-copy.webp,https://d1pumg6d5kr18o.cloudfront.net/new/oncology_1_cancer_types_5_lymphoma/oncology_1_cancer_types_5_lymphoma.m3u8,,0,17097,788,Medical / Surgical / Oncology (Adult Health) / Cancer Types (Adult Health)
Medical / Surgical,Medical / Surgical / Oncology (Adult Health),Cancer Types (Adult Health),cancer-types,44m 13s,6,Ovarian & Cervical cancer,ovarian-cervical-cancer,3:27,207,https://members.simplenursing.com/wp-content/themes/simplenursing-app/images/videos/thumbnails/6.-Ovarian-Cervical-cancer-copy.webp,https://d1pumg6d5kr18o.cloudfront.net/new/oncology_1_cancer_types_6_ovarian_cerviacal_cancer/oncology_1_cancer_types_6_ovarian_cerviacal_cancer.m3u8,,0,17098,789,Medical / Surgical / Oncology (Adult Health) / Cancer Types (Adult Health)
Medical / Surgical,Medical / Surgical / Oncology (Adult Health),Cancer Types (Adult Health),cancer-types,44m 13s,7,Prostate Cancer,prostate-cancer,6:55,415,https://members.simplenursing.com/wp-content/themes/simplenursing-app/images/videos/thumbnails/7.-Prostate-Cancer-copy.webp,https://d1pumg6d5kr18o.cloudfront.net/new/oncology_1_cancer_types_7_prostate_cancer/oncology_1_cancer_types_7_prostate_cancer.m3u8,,0,17099,790,Medical / Surgical / Oncology (Adult Health) / Cancer Types (Adult Health)
Medical / Surgical,Medical / Surgical / Oncology (Adult Health),Cancer Types (Adult Health),cancer-types,44m 13s,8,Skin cancer,skin-cancer,7:52,472,https://members.simplenursing.com/wp-content/themes/simplenursing-app/images/videos/thumbnails/8.-Skin-cancer-copy.webp,https://d1pumg6d5kr18o.cloudfront.net/new/oncology_1_cancer_types_8_skin_cancer/oncology_1_cancer_types_8_skin_cancer.m3u8,,0,17100,791,Medical / Surgical / Oncology (Adult Health) / Cancer Types (Adult Health)
Medical / Surgical,Medical / Surgical / Oncology (Adult Health),Cancer Types (Adult Health),cancer-types,44m 13s,9,Testicular cancer,testicular-cancer,2:53,173,https://members.simplenursing.com/wp-content/themes/simplenursing-app/images/videos/thumbnails/9.-Testicular-cancer-copy.webp,https://d1pumg6d5kr18o.cloudfront.net/new/oncology_1_cancer_types_9_testicular_cancer/oncology_1_cancer_types_9_testicular_cancer.m3u8,,0,17101,792,Medical / Surgical / Oncology (Adult Health) / Cancer Types (Adult Health)
Medical / Surgical,Medical / Surgical / Oncology (Adult Health),Cancer prevention (Adult Health),cancer-prevention,4m 19s,1,Cancer prevention,cancer-prevention,4:19,259,https://members.simplenursing.com/wp-content/themes/simplenursing-app/images/videos/thumbnails/1.-Cancer-prevention-copy.webp,https://d1pumg6d5kr18o.cloudfront.net/new/oncology_14_cancer_prevention/oncology_14_cancer_prevention.m3u8,,0,17102,793,Medical / Surgical / Oncology (Adult Health) / Cancer prevention (Adult Health)
Medical / Surgical,Medical / Surgical / Oncology (Adult Health),Chemotherapy & Neutropenic Precautions (Adult Health),chemotherapy-neutropenic-precautions,12m 31s,1,Chemotherapy & Neutropenic Precautions,chemotherapy-neutropenic-precautions,12:31,751,https://members.simplenursing.com/wp-content/themes/simplenursing-app/images/videos/thumbnails/1.-Chemotherapy-Neutropenic-Precautions-copy.webp,https://d1pumg6d5kr18o.cloudfront.net/new/oncology_16_chemotherapy_neutropenic_precautions/oncology_16_chemotherapy_neutropenic_precautions.m3u8,,0,17103,794,Medical / Surgical / Oncology (Adult Health) / Chemotherapy & Neutropenic Precautions (Adult Health)
Medical / Surgical,Medical / Surgical / Oncology (Adult Health),Palliative & Hospice Care (Adult Health),palliative-hospice-care,1m 36s,1,Palliative & Hospice Care,palliative-hospice-care,1:36,96,https://members.simplenursing.com/wp-content/themes/simplenursing-app/images/videos/thumbnails/1.-Palliative-Hospice-Care-copy.webp,https://d1pumg6d5kr18o.cloudfront.net/new/oncology_15_palliative_care_hospice/oncology_15_palliative_care_hospice.m3u8,,0,17104,795,Medical / Surgical / Oncology (Adult Health) / Palliative & Hospice Care (Adult Health)
Medical / Surgical,Medical / Surgical / Oncology (Adult Health),Radiation & Brachytherapy (Adult Health),radiation-brachytherapy,8m 20s,1,Radiation Brachytherapy,radiation-brachytherapy,8:20,500,https://members.simplenursing.com/wp-content/themes/simplenursing-app/images/videos/thumbnails/6.-Radiation-Brachytherapy-copy.webp,https://d1pumg6d5kr18o.cloudfront.net/new/pharm2/1_oncology(cancer)/5_radiation_brachytherapy/5_radiation_brachytherapy.m3u8,,0,15974,796,Medical / Surgical / Oncology (Adult Health) / Radiation & Brachytherapy (Adult Health)
Medical / Surgical,Medical / Surgical,Immunology (Adult Health) (Adult Health),immunology,1h 34m,1,Anaphylaxis,anaphylaxis,5:18,318,https://members.simplenursing.com/wp-content/themes/simplenursing-app/images/videos/thumbnails/1.-Anaphylaxis-copy.webp,https://d1pumg6d5kr18o.cloudfront.net/new/8_shock_6_anaphylactic_shock/8_shock_6_anaphylactic_shock.m3u8,,0,17155,797,Medical / Surgical / Immunology (Adult Health) (Adult Health)
Medical / Surgical,Medical / Surgical,Immunology (Adult Health) (Adult Health),immunology,1h 34m,2,HIV Full Edition,hiv-full-edition,28:40,1720,https://members.simplenursing.com/wp-content/themes/simplenursing-app/images/videos/thumbnails/2.-HIV-Full-Edition-copy.webp,https://d1pumg6d5kr18o.cloudfront.net/new/hiv_full_edition/hiv_full_edition.m3u8,,0,11331,798,Medical / Surgical / Immunology (Adult Health) (Adult Health)
Medical / Surgical,Medical / Surgical,Immunology (Adult Health) (Adult Health),immunology,1h 34m,3,HIV Patient Teaching + Medications ONLY,hiv-patient-teaching-medications-only,8:48,528,https://members.simplenursing.com/wp-content/themes/simplenursing-app/images/videos/thumbnails/3.-HIV-Patient-Teaching-Medications-ONLY-copy.webp,https://d1pumg6d5kr18o.cloudfront.net/new/hiv_patient_teaching_medications_only/hiv_patient_teaching_medications_only.m3u8,,0,11332,799,Medical / Surgical / Immunology (Adult Health) (Adult Health)
Medical / Surgical,Medical / Surgical,Immunology (Adult Health) (Adult Health),immunology,1h 34m,4,Lupus,lupus,18:28,1108,https://members.simplenursing.com/wp-content/themes/simplenursing-app/images/videos/thumbnails/1.-Lupus-copy.webp,https://d1pumg6d5kr18o.cloudfront.net/new/7_immune_lupus/7_immune_lupus.m3u8,,0,17133,800,Medical / Surgical / Immunology (Adult Health) (Adult Health)
Medical / Surgical,Medical / Surgical,Immunology (Adult Health) (Adult Health),immunology,1h 34m,5,RA - Rheumatoid arthritis,ra-rheumatoid-arthritis,9:35,575,https://members.simplenursing.com/wp-content/themes/simplenursing-app/images/videos/thumbnails/5.-RA-Rheumatoid-arthritis-copy.webp,https://d1pumg6d5kr18o.cloudfront.net/new/6_musculoskeletal_5_rheumatoid_arthritis_vs_osteoarthritis_2_ra_rheumatoid_arthritis/6_musculoskeletal_5_rheumatoid_arthritis_vs_osteoarthritis_2_ra_rheumatoid_arthritis.m3u8,,0,17128,801,Medical / Surgical / Immunology (Adult Health) (Adult Health)
Medical / Surgical,Medical / Surgical,Immunology (Adult Health) (Adult Health),immunology,1h 34m,6,TB - Tuberculosis,tb-tuberculosis,10:00,600,https://members.simplenursing.com/wp-content/themes/simplenursing-app/images/videos/thumbnails//9.-TB-Tuberculosis-copy.webp,https://d1pumg6d5kr18o.cloudfront.net/new/19_tb_tuberculosis/19_tb_tuberculosis.m3u8,,0,17156,802,Medical / Surgical / Immunology (Adult Health) (Adult Health)
Medical / Surgical,Medical / Surgical,Immunology (Adult Health) (Adult Health),immunology,1h 34m,7,Scleroderma,scleroderma,3:43,223,https://members.simplenursing.com/wp-content/themes/simplenursing-app/images/videos/thumbnails/7.-Scleroderma-copy.webp,https://d1pumg6d5kr18o.cloudfront.net/new/7_immune_scleroderma/7_immune_scleroderma.m3u8,,0,17134,803,Medical / Surgical / Immunology (Adult Health) (Adult Health)
Medical / Surgical,Medical / Surgical,Immunology (Adult Health) (Adult Health),immunology,1h 34m,8,Sjorgen’s Syndrome,sjorgens-syndrome,9:30,570,https://members.simplenursing.com/wp-content/themes/simplenursing-app/images/videos/thumbnails/8.-Sjorgens-Syndrome-copy.webp,https://d1pumg6d5kr18o.cloudfront.net/new/7_immune_sjogrens_syndrome/7_immune_sjogrens_syndrome.m3u8,,0,17135,804,Medical / Surgical / Immunology (Adult Health) (Adult Health)
Medical / Surgical,Medical / Surgical / Musculoskeletal (Adult Health),Amputations (Adult Health),amputations,3m 57s,1,Amputations,amputations,3:57,237,https://members.simplenursing.com/wp-content/themes/simplenursing-app/images/videos/thumbnails/1.-Amputations-copy-1.webp,https://d1pumg6d5kr18o.cloudfront.net/new/6_musculoskeletal_1_amputations/6_musculoskeletal_1_amputations.m3u8,,0,17115,805,Medical / Surgical / Musculoskeletal (Adult Health) / Amputations (Adult Health)
Medical / Surgical,Medical / Surgical / Musculoskeletal (Adult Health),Fractures (Adult Health),fractures-ms-muscle,1h 4m,1,Fractures Full Video,fractures-full-video,33:49,2029,https://members.simplenursing.com/wp-content/themes/simplenursing-app/images/videos/thumbnails/1.-Fractures-copy.webp,https://d1pumg6d5kr18o.cloudfront.net/new/6_musculoskeletal_2_fractures_1_fractures_full_video/6_musculoskeletal_2_fractures_1_fractures_full_video.m3u8,,0,17116,806,Medical / Surgical / Musculoskeletal (Adult Health) / Fractures (Adult Health)
Medical / Surgical,Medical / Surgical / Musculoskeletal (Adult Health),Fractures (Adult Health),fractures-ms-muscle,1h 4m,2,Types of Fractures,types-of-fractures,1:49,109,https://members.simplenursing.com/wp-content/themes/simplenursing-app/images/videos/thumbnails/2.-Types-of-Fractures-copy.webp,https://d1pumg6d5kr18o.cloudfront.net/new/6_musculoskeletal_2_fractures_2_types_of_fractures/6_musculoskeletal_2_fractures_2_types_of_fractures.m3u8,,0,17117,807,Medical / Surgical / Musculoskeletal (Adult Health) / Fractures (Adult Health)
Medical / Surgical,Medical / Surgical / Musculoskeletal (Adult Health),Fractures (Adult Health),fractures-ms-muscle,1h 4m,3,Buck’s Traction,bucks-traction,2:48,168,https://members.simplenursing.com/wp-content/themes/simplenursing-app/images/videos/thumbnails/3.-Bucks-Traction-copy.webp,https://d1pumg6d5kr18o.cloudfront.net/new/6_musculoskeletal_2_fractures_3_bucks_traction/6_musculoskeletal_2_fractures_3_bucks_traction.m3u8,,0,17118,808,Medical / Surgical / Musculoskeletal (Adult Health) / Fractures (Adult Health)
Medical / Surgical,Medical / Surgical / Musculoskeletal (Adult Health),Fractures (Adult Health),fractures-ms-muscle,1h 4m,4,Hip Replacement Care,hip-replacement-care,6:03,363,https://members.simplenursing.com/wp-content/themes/simplenursing-app/images/videos/thumbnails/4.-Hip-Replacement-Care-copy.webp,https://d1pumg6d5kr18o.cloudfront.net/new/6_musculoskeletal_2_fractures_4_hip_replacement_care/6_musculoskeletal_2_fractures_4_hip_replacement_care.m3u8,,0,17119,809,Medical / Surgical / Musculoskeletal (Adult Health) / Fractures (Adult Health)
Medical / Surgical,Medical / Surgical / Musculoskeletal (Adult Health),Fractures (Adult Health),fractures-ms-muscle,1h 4m,5,Fat Embolism,fat-embolism,2:06,126,https://members.simplenursing.com/wp-content/themes/simplenursing-app/images/videos/thumbnails/5.-Fat-Embolism-copy.webp,https://d1pumg6d5kr18o.cloudfront.net/new/6_musculoskeletal_2_fractures_5_fat_embolism/6_musculoskeletal_2_fractures_5_fat_embolism.m3u8,,0,17120,810,Medical / Surgical / Musculoskeletal (Adult Health) / Fractures (Adult Health)
Medical / Surgical,Medical / Surgical / Musculoskeletal (Adult Health),Fractures (Adult Health),fractures-ms-muscle,1h 4m,6,Osteomyelitis,osteomyelitis,1:33,93,https://members.simplenursing.com/wp-content/themes/simplenursing-app/images/videos/thumbnails/6.-Osteomyelitis-copy.webp,https://d1pumg6d5kr18o.cloudfront.net/new/6_musculoskeletal_2_fractures_6_osteomyelitis/6_musculoskeletal_2_fractures_6_osteomyelitis.m3u8,,0,17121,811,Medical / Surgical / Musculoskeletal (Adult Health) / Fractures (Adult Health)
Medical / Surgical,Medical / Surgical / Musculoskeletal (Adult Health),Fractures (Adult Health),fractures-ms-muscle,1h 4m,7,Compartment Syndrome & Hot Spots,compartment-syndrome-hot-spots,7:28,448,https://members.simplenursing.com/wp-content/themes/simplenursing-app/images/videos/thumbnails/7.-Compartment-Syndrome-Hot-Spots-copy.webp,https://d1pumg6d5kr18o.cloudfront.net/new/6_musculoskeletal_2_fractures_7_compartment_syndrome_hot_spots/6_musculoskeletal_2_fractures_7_compartment_syndrome_hot_spots.m3u8,,0,17122,812,Medical / Surgical / Musculoskeletal (Adult Health) / Fractures (Adult Health)
Medical / Surgical,Medical / Surgical / Musculoskeletal (Adult Health),Fractures (Adult Health),fractures-ms-muscle,1h 4m,8,Cast Care,cast-care-2,2:57,177,https://members.simplenursing.com/wp-content/themes/simplenursing-app/images/videos/thumbnails/8.-Cast-Care-copy.webp,https://d1pumg6d5kr18o.cloudfront.net/new/6_musculoskeletal_2_fractures_8_cast_care/6_musculoskeletal_2_fractures_8_cast_care.m3u8,,0,17123,813,Medical / Surgical / Musculoskeletal (Adult Health) / Fractures (Adult Health)
Medical / Surgical,Medical / Surgical / Musculoskeletal (Adult Health),Fractures (Adult Health),fractures-ms-muscle,1h 4m,9,Crutch & Cane Training,crutch-cane-training,6:12,372,https://members.simplenursing.com/wp-content/themes/simplenursing-app/images/videos/thumbnails/9.-Crutch-Cane-Training-copy.webp,https://d1pumg6d5kr18o.cloudfront.net/new/6_musculoskeletal_2_fractures_9_crutch_cane_training/6_musculoskeletal_2_fractures_9_crutch_cane_training.m3u8,,0,17124,814,Medical / Surgical / Musculoskeletal (Adult Health) / Fractures (Adult Health)
Medical / Surgical,Medical / Surgical / Musculoskeletal (Adult Health),Gout (Adult Health),gout-ms-muscle,6m 29s,1,Gout,gout,6:29,389,https://members.simplenursing.com/wp-content/themes/simplenursing-app/images/videos/thumbnails/1.-Gout-copy.webp,https://d1pumg6d5kr18o.cloudfront.net/new/6_musculoskeletal_3_gout/6_musculoskeletal_3_gout.m3u8,,0,17125,815,Medical / Surgical / Musculoskeletal (Adult Health) / Gout (Adult Health)
Medical / Surgical,Medical / Surgical / Musculoskeletal (Adult Health),Osteoporosis (Adult Health),osteoporosis-ms-muscle,7m 41s,1,Osteoporosis,osteoporosis,7:41,461,https://members.simplenursing.com/wp-content/themes/simplenursing-app/images/videos/thumbnails/1.-Osteoporosis-copy.webp,https://d1pumg6d5kr18o.cloudfront.net/new/6_musculoskeletal_4_osteoporosis/6_musculoskeletal_4_osteoporosis.m3u8,,0,17126,816,Medical / Surgical / Musculoskeletal (Adult Health) / Osteoporosis (Adult Health)
Medical / Surgical,Medical / Surgical / Musculoskeletal (Adult Health),Rheumatoid arthritis vs. Osteoarthritis (Adult Health),rheumatoid-osteoarthritis-ms-muscle,29m 21s,1,RA vs. OA Full Video,ra-vs-oa-full-video,14:54,894,https://members.simplenursing.com/wp-content/themes/simplenursing-app/images/videos/thumbnails/1.-RA-vs.-OA-Full-Video-copy.webp,https://d1pumg6d5kr18o.cloudfront.net/new/6_musculoskeletal_5_rheumatoid_arthritis_vs_osteoarthritis_1_ra_vs_oa_full_video/6_musculoskeletal_5_rheumatoid_arthritis_vs_osteoarthritis_1_ra_vs_oa_full_video.m3u8,,0,17127,817,Medical / Surgical / Musculoskeletal (Adult Health) / Rheumatoid arthritis vs. Osteoarthritis (Adult Health)
Medical / Surgical,Medical / Surgical / Musculoskeletal (Adult Health),Rheumatoid arthritis vs. Osteoarthritis (Adult Health),rheumatoid-osteoarthritis-ms-muscle,29m 21s,2,RA - Rheumatoid arthritis,ra-rheumatoid-arthritis,9:35,575,https://members.simplenursing.com/wp-content/themes/simplenursing-app/images/videos/thumbnails/5.-RA-Rheumatoid-arthritis-copy.webp,https://d1pumg6d5kr18o.cloudfront.net/new/6_musculoskeletal_5_rheumatoid_arthritis_vs_osteoarthritis_2_ra_rheumatoid_arthritis/6_musculoskeletal_5_rheumatoid_arthritis_vs_osteoarthritis_2_ra_rheumatoid_arthritis.m3u8,,0,17128,818,Medical / Surgical / Musculoskeletal (Adult Health) / Rheumatoid arthritis vs. Osteoarthritis (Adult Health)
Medical / Surgical,Medical / Surgical / Musculoskeletal (Adult Health),Rheumatoid arthritis vs. Osteoarthritis (Adult Health),rheumatoid-osteoarthritis-ms-muscle,29m 21s,3,OA - Osteoarthritis,oa-osteoarthritis,2:40,160,https://members.simplenursing.com/wp-content/themes/simplenursing-app/images/videos/thumbnails/3.-OA-Osteoarthritis-copy.webp,https://d1pumg6d5kr18o.cloudfront.net/new/6_musculoskeletal_5_rheumatoid_arthritis_vs_osteoarthritis_3_oa_osteoarthritis/6_musculoskeletal_5_rheumatoid_arthritis_vs_osteoarthritis_3_oa_osteoarthritis.m3u8,,0,17129,819,Medical / Surgical / Musculoskeletal (Adult Health) / Rheumatoid arthritis vs. Osteoarthritis (Adult Health)
Medical / Surgical,Medical / Surgical / Musculoskeletal (Adult Health),Rheumatoid arthritis vs. Osteoarthritis (Adult Health),rheumatoid-osteoarthritis-ms-muscle,29m 21s,4,Total Knee Replacement,total-knee-replacement,2:12,132,https://members.simplenursing.com/wp-content/themes/simplenursing-app/images/videos/thumbnails/4.-Total-Knee-Replacement-copy.webp,https://d1pumg6d5kr18o.cloudfront.net/new/6_musculoskeletal_5_rheumatoid_arthritis_vs_osteoarthritis_4_total_knee_replacement/6_musculoskeletal_5_rheumatoid_arthritis_vs_osteoarthritis_4_total_knee_replacement.m3u8,,0,17130,820,Medical / Surgical / Musculoskeletal (Adult Health) / Rheumatoid arthritis vs. Osteoarthritis (Adult Health)
Medical / Surgical,Medical / Surgical / Musculoskeletal (Adult Health),Rotator cuff injury (Adult Health),rotator-cuff-injury-ms-muscle,2m 45s,1,Rotator cuff injury,rotator-cuff-injury,2:45,165,https://members.simplenursing.com/wp-content/themes/simplenursing-app/images/videos/thumbnails/1.-Rotator-cuff-injury-copy.webp,https://d1pumg6d5kr18o.cloudfront.net/new/6_musculoskeletal_6_rotator_cuff_injury/6_musculoskeletal_6_rotator_cuff_injury.m3u8,,0,17131,821,Medical / Surgical / Musculoskeletal (Adult Health) / Rotator cuff injury (Adult Health)
Medical / Surgical,Medical / Surgical / Musculoskeletal (Adult Health),Scoliosis (Adult Health),scoliosis-ms-muscle,3m 40s,1,Scoliosis,scoliosis-2,3:40,220,https://members.simplenursing.com/wp-content/themes/simplenursing-app/images/videos/thumbnails/1.-Scoliosis-copy.webp,https://d1pumg6d5kr18o.cloudfront.net/new/6_musculoskeletal_7_scoliosis/6_musculoskeletal_7_scoliosis.m3u8,,0,17144,822,Medical / Surgical / Musculoskeletal (Adult Health) / Scoliosis (Adult Health)
Medical / Surgical,Medical / Surgical / Musculoskeletal (Adult Health),Total Knee Replacement (Adult Health),total-knee-replacement-ms-muscle,2m 8s,1,Total Knee Replacement,total-knee-replacement-2,2:08,128,https://members.simplenursing.com/wp-content/themes/simplenursing-app/images/videos/thumbnails/1.-Total-Knee-Replacement-copy.webp,https://d1pumg6d5kr18o.cloudfront.net/new/6_musculoskeletal_8_total_knee_replacement/6_musculoskeletal_8_total_knee_replacement.m3u8,,0,17132,823,Medical / Surgical / Musculoskeletal (Adult Health) / Total Knee Replacement (Adult Health)
Medical / Surgical,Medical / Surgical,O2 Equipment (Adult Health),o2-equipment-ms-muscle,15m 47s,1,O2 Delivery Devices Full Video,o2-delivery-devices-full-video,8:33,513,https://members.simplenursing.com/wp-content/themes/simplenursing-app/images/videos/thumbnails/1.-O2-Delivery-Devices-Full-Video-copy.webp,https://d1pumg6d5kr18o.cloudfront.net/new/medical_surgical_o2_equipment_1_o2_delivey_devices_full_video/medical_surgical_o2_equipment_1_o2_delivey_devices_full_video.m3u8,,0,17026,824,Medical / Surgical / O2 Equipment (Adult Health)
Medical / Surgical,Medical / Surgical,O2 Equipment (Adult Health),o2-equipment-ms-muscle,15m 47s,2,Nasal Cannula,nasal-cannula,0:35,35,https://members.simplenursing.com/wp-content/themes/simplenursing-app/images/videos/thumbnails/2.-Nasal-Cannula-copy.webp,https://d1pumg6d5kr18o.cloudfront.net/new/medical_surgical_o2_equipment_2_nasal_cannula/medical_surgical_o2_equipment_2_nasal_cannula.m3u8,,0,17027,825,Medical / Surgical / O2 Equipment (Adult Health)
Medical / Surgical,Medical / Surgical,O2 Equipment (Adult Health),o2-equipment-ms-muscle,15m 47s,3,Simple Facemask & Partial rebreather,simple-facemask-partial-rebreather,0:37,37,https://members.simplenursing.com/wp-content/themes/simplenursing-app/images/videos/thumbnails/3.-Simple-Facemask-Partial-rebreather-copy.webp,https://d1pumg6d5kr18o.cloudfront.net/new/medical_surgical_o2_equipment_3_simple_facemask_partial_rebreather/medical_surgical_o2_equipment_3_simple_facemask_partial_rebreather.m3u8,,0,17028,826,Medical / Surgical / O2 Equipment (Adult Health)
Medical / Surgical,Medical / Surgical,O2 Equipment (Adult Health),o2-equipment-ms-muscle,15m 47s,4,NRB - Non Rebreather,nrb-non-rebreather,1:27,87,https://members.simplenursing.com/wp-content/themes/simplenursing-app/images/videos/thumbnails/4.-NRB-Non-Rebreather-copy.webp,https://d1pumg6d5kr18o.cloudfront.net/new/medical_surgical_o2_equipment_4_nrb_non_rebreather/medical_surgical_o2_equipment_4_nrb_non_rebreather.m3u8,,0,17029,827,Medical / Surgical / O2 Equipment (Adult Health)
Medical / Surgical,Medical / Surgical,O2 Equipment (Adult Health),o2-equipment-ms-muscle,15m 47s,5,Venturi Mask & NCLEX Question,venturi-mask-nclex-question,1:27,87,https://members.simplenursing.com/wp-content/themes/simplenursing-app/images/videos/thumbnails/5.-Venturi-Mask-NCLEX-Question-copy.webp,https://d1pumg6d5kr18o.cloudfront.net/new/medical_surgical_o2_equipment_5_venturi_mask_nclex_question/medical_surgical_o2_equipment_5_venturi_mask_nclex_question.m3u8,,0,17030,828,Medical / Surgical / O2 Equipment (Adult Health)
Medical / Surgical,Medical / Surgical,O2 Equipment (Adult Health),o2-equipment-ms-muscle,15m 47s,6,BiPAP,bipap,1:32,92,https://members.simplenursing.com/wp-content/themes/simplenursing-app/images/videos/thumbnails/6.-BiPAP-copy.webp,https://d1pumg6d5kr18o.cloudfront.net/new/medical_surgical_o2_equipment_6_bipap/medical_surgical_o2_equipment_6_bipap.m3u8,,0,17031,829,Medical / Surgical / O2 Equipment (Adult Health)
Medical / Surgical,Medical / Surgical,O2 Equipment (Adult Health),o2-equipment-ms-muscle,15m 47s,7,ETI - Endotracheal Intubation,eti-endotracheal-intubation,1:36,96,https://members.simplenursing.com/wp-content/themes/simplenursing-app/images/videos/thumbnails/7.-ETI-Endotracheal-Intubation-copy.webp,https://d1pumg6d5kr18o.cloudfront.net/new/medical_surgical_o2_equipment_7_eti_endotracheal_intubation/medical_surgical_o2_equipment_7_eti_endotracheal_intubation.m3u8,,0,17032,830,Medical / Surgical / O2 Equipment (Adult Health)
Medical / Surgical,Medical / Surgical,Skin (Integumentary) (Adult Health),skin-integumentary-ms,48m 53s,1,Acne,acne-2,5:11,311,https://members.simplenursing.com/wp-content/themes/simplenursing-app/images/videos/thumbnails//1.-Acne-copy.webp,https://d1pumg6d5kr18o.cloudfront.net/new/8_integumentary_1_acne_vulgaris/8_integumentary_1_acne_vulgaris.m3u8,,0,17136,831,Medical / Surgical / Skin (Integumentary) (Adult Health)
Medical / Surgical,Medical / Surgical,Skin (Integumentary) (Adult Health),skin-integumentary-ms,48m 53s,2,Cellulitis,cellulitis,2:47,167,https://members.simplenursing.com/wp-content/themes/simplenursing-app/images/videos/thumbnails/2.-Cellulitis-copy.webp,https://d1pumg6d5kr18o.cloudfront.net/new/8_integumentary_2_cellutlitis/8_integumentary_2_cellutlitis.m3u8,,0,17137,832,Medical / Surgical / Skin (Integumentary) (Adult Health)
Medical / Surgical,Medical / Surgical,Skin (Integumentary) (Adult Health),skin-integumentary-ms,48m 53s,3,Eczema,eczema-2,1:25,85,https://members.simplenursing.com/wp-content/themes/simplenursing-app/images/videos/thumbnails//2.-Eczema-copy.webp,https://d1pumg6d5kr18o.cloudfront.net/new/8_integumentary_3_eczecma/8_integumentary_3_eczecma.m3u8,,0,17138,833,Medical / Surgical / Skin (Integumentary) (Adult Health)
Medical / Surgical,Medical / Surgical,Skin (Integumentary) (Adult Health),skin-integumentary-ms,48m 53s,4,Fungal,fungal,7:57,477,https://members.simplenursing.com/wp-content/themes/simplenursing-app/images/videos/thumbnails/4.-Fungal-copy.webp,https://d1pumg6d5kr18o.cloudfront.net/new/8_integumentary_4_fungal_infections/8_integumentary_4_fungal_infections.m3u8,,0,17139,834,Medical / Surgical / Skin (Integumentary) (Adult Health)
Medical / Surgical,Medical / Surgical,Skin (Integumentary) (Adult Health),skin-integumentary-ms,48m 53s,5,Pressure Injury,pressure-injury,7:57,477,https://members.simplenursing.com/wp-content/themes/simplenursing-app/images/videos/thumbnails/5.-Pressure-Injury-copy.webp,https://d1pumg6d5kr18o.cloudfront.net/new/8_integumentary_5_pressure_injuries/8_integumentary_5_pressure_injuries.m3u8,,0,17140,835,Medical / Surgical / Skin (Integumentary) (Adult Health)
Medical / Surgical,Medical / Surgical,Skin (Integumentary) (Adult Health),skin-integumentary-ms,48m 53s,6,Psoriasis,psoriasis,10:27,627,https://members.simplenursing.com/wp-content/themes/simplenursing-app/images/videos/thumbnails/6.-Psoriasis-copy.webp,https://d1pumg6d5kr18o.cloudfront.net/new/8_integumentary_6_psoriasis/8_integumentary_6_psoriasis.m3u8,,0,17141,836,Medical / Surgical / Skin (Integumentary) (Adult Health)
Medical / Surgical,Medical / Surgical,Skin (Integumentary) (Adult Health),skin-integumentary-ms,48m 53s,7,Shingles,shingles,3:03,183,https://members.simplenursing.com/wp-content/themes/simplenursing-app/images/videos/thumbnails/7.-Shingles-copy.webp,https://d1pumg6d5kr18o.cloudfront.net/new/8_integumentary_7_shingles/8_integumentary_7_shingles.m3u8,,0,17142,837,Medical / Surgical / Skin (Integumentary) (Adult Health)
Medical / Surgical,Medical / Surgical,Skin (Integumentary) (Adult Health),skin-integumentary-ms,48m 53s,8,Skin cancer,skin-cancer,7:52,472,https://members.simplenursing.com/wp-content/themes/simplenursing-app/images/videos/thumbnails/8.-Skin-cancer-copy.webp,https://d1pumg6d5kr18o.cloudfront.net/new/oncology_1_cancer_types_8_skin_cancer/oncology_1_cancer_types_8_skin_cancer.m3u8,,0,17100,838,Medical / Surgical / Skin (Integumentary) (Adult Health)
Medical / Surgical,Medical / Surgical,Skin (Integumentary) (Adult Health),skin-integumentary-ms,48m 53s,9,Steven Johnson,steven-johnson,2:14,134,https://members.simplenursing.com/wp-content/themes/simplenursing-app/images/videos/thumbnails/9.-Steven-Johnson-copy.webp,https://d1pumg6d5kr18o.cloudfront.net/new/8_integumentary_9_steven_johnson/8_integumentary_9_steven_johnson.m3u8,,0,17143,839,Medical / Surgical / Skin (Integumentary) (Adult Health)
Medical / Surgical,Medical / Surgical / Reproductive (Adult Health),STD/ STI (Adult Health),reproductive-std-sti-ms-rep,26m 38s,1,STD / STI Full Video,std-sti-full-video,13:24,804,https://members.simplenursing.com/wp-content/themes/simplenursing-app/images/videos/thumbnails/1.-STD-STI-Full-Video-copy.webp,https://d1pumg6d5kr18o.cloudfront.net/new/1_reproductive_1_std_sti_1_std_sti_full_video/1_reproductive_1_std_sti_1_std_sti_full_video.m3u8,,0,17183,840,Medical / Surgical / Reproductive (Adult Health) / STD/ STI (Adult Health)
Medical / Surgical,Medical / Surgical / Reproductive (Adult Health),STD/ STI (Adult Health),reproductive-std-sti-ms-rep,26m 38s,2,Syphilis,syphilis,2:55,175,https://members.simplenursing.com/wp-content/themes/simplenursing-app/images/videos/thumbnails/2.-Syphilis-copy.webp,https://d1pumg6d5kr18o.cloudfront.net/new/1_reproductive_1_std_sti_2_syphilis/1_reproductive_1_std_sti_2_syphilis.m3u8,,0,17184,841,Medical / Surgical / Reproductive (Adult Health) / STD/ STI (Adult Health)
Medical / Surgical,Medical / Surgical / Reproductive (Adult Health),STD/ STI (Adult Health),reproductive-std-sti-ms-rep,26m 38s,3,Chlamydia,chlamydia,2:04,124,https://members.simplenursing.com/wp-content/themes/simplenursing-app/images/videos/thumbnails/3.-Chlamydia-copy.webp,https://d1pumg6d5kr18o.cloudfront.net/new/1_reproductive_1_std_sti_3_chlamydia/1_reproductive_1_std_sti_3_chlamydia.m3u8,,0,17185,842,Medical / Surgical / Reproductive (Adult Health) / STD/ STI (Adult Health)
Medical / Surgical,Medical / Surgical / Reproductive (Adult Health),STD/ STI (Adult Health),reproductive-std-sti-ms-rep,26m 38s,4,Gonorrhea,gonorrhea,1:33,93,https://members.simplenursing.com/wp-content/themes/simplenursing-app/images/videos/thumbnails/4.-Gonorrhea-copy.webp,https://d1pumg6d5kr18o.cloudfront.net/new/1_reproductive_1_std_sti_4_gonorrhea/1_reproductive_1_std_sti_4_gonorrhea.m3u8,,0,17186,843,Medical / Surgical / Reproductive (Adult Health) / STD/ STI (Adult Health)
Medical / Surgical,Medical / Surgical / Reproductive (Adult Health),STD/ STI (Adult Health),reproductive-std-sti-ms-rep,26m 38s,5,Herpes,herpes,4:59,299,https://members.simplenursing.com/wp-content/themes/simplenursing-app/images/videos/thumbnails/5.-Herpes-copy.webp,https://d1pumg6d5kr18o.cloudfront.net/new/1_reproductive_1_std_sti_5_herpes/1_reproductive_1_std_sti_5_herpes.m3u8,,0,17187,844,Medical / Surgical / Reproductive (Adult Health) / STD/ STI (Adult Health)
Medical / Surgical,Medical / Surgical / Reproductive (Adult Health),STD/ STI (Adult Health),reproductive-std-sti-ms-rep,26m 38s,6,HPV,hpv,1:43,103,https://members.simplenursing.com/wp-content/themes/simplenursing-app/images/videos/thumbnails/6.-HPV-copy.webp,https://d1pumg6d5kr18o.cloudfront.net/new/1_reproductive_1_std_sti_6_hpv/1_reproductive_1_std_sti_6_hpv.m3u8,,0,17188,845,Medical / Surgical / Reproductive (Adult Health) / STD/ STI (Adult Health)
Medical / Surgical,Medical / Surgical / Reproductive (Adult Health),Female (Adult Health),reproductive-female-ms-rep,42m 16s,1,Menstrual Cycle,menstrual-cycle,7:54,474,https://members.simplenursing.com/wp-content/themes/simplenursing-app/images/videos/thumbnails/1.-Menstrual-Cycle-copy.webp,https://d1pumg6d5kr18o.cloudfront.net/new/1_reproductive_2_female_1_menstrual_cycle/1_reproductive_2_female_1_menstrual_cycle.m3u8,,0,17189,846,Medical / Surgical / Reproductive (Adult Health) / Female (Adult Health)
Medical / Surgical,Medical / Surgical / Reproductive (Adult Health),Female (Adult Health),reproductive-female-ms-rep,42m 16s,2,Breast cancer,breast-cancer-2,8:12,492,https://members.simplenursing.com/wp-content/themes/simplenursing-app/images/videos/thumbnails/1.-Breast-cancer-copy.webp,https://d1pumg6d5kr18o.cloudfront.net/new/oncology_1_cancer_types_1_breast_cancer/oncology_1_cancer_types_1_breast_cancer.m3u8,,0,17094,847,Medical / Surgical / Reproductive (Adult Health) / Female (Adult Health)
Medical / Surgical,Medical / Surgical / Reproductive (Adult Health),Female (Adult Health),reproductive-female-ms-rep,42m 16s,3,Endometriosis,endometriosis,2:05,125,https://members.simplenursing.com/wp-content/themes/simplenursing-app/images/videos/thumbnails/3.-Endometriosis-copy-1.webp,https://d1pumg6d5kr18o.cloudfront.net/new/1_reproductive_2_female_3_endometriosis/1_reproductive_2_female_3_endometriosis.m3u8,,0,17190,848,Medical / Surgical / Reproductive (Adult Health) / Female (Adult Health)
Medical / Surgical,Medical / Surgical / Reproductive (Adult Health),Female (Adult Health),reproductive-female-ms-rep,42m 16s,4,Hysterectomy,hysterectomy,2:01,121,https://members.simplenursing.com/wp-content/themes/simplenursing-app/images/videos/thumbnails/4.-Hysterectomy-copy.webp,https://d1pumg6d5kr18o.cloudfront.net/new/1_reproductive_2_female_4_hysterectomy/1_reproductive_2_female_4_hysterectomy.m3u8,,0,17191,849,Medical / Surgical / Reproductive (Adult Health) / Female (Adult Health)
Medical / Surgical,Medical / Surgical / Reproductive (Adult Health),Female (Adult Health),reproductive-female-ms-rep,42m 16s,5,Infertility,infertility,7:07,427,https://members.simplenursing.com/wp-content/themes/simplenursing-app/images/videos/thumbnails/5.-Infertility-copy.webp,https://d1pumg6d5kr18o.cloudfront.net/new/1_reproductive_2_female_5_infertility/1_reproductive_2_female_5_infertility.m3u8,,0,17192,850,Medical / Surgical / Reproductive (Adult Health) / Female (Adult Health)
Medical / Surgical,Medical / Surgical / Reproductive (Adult Health),Female (Adult Health),reproductive-female-ms-rep,42m 16s,6,Menopause,menopause,4:18,258,https://members.simplenursing.com/wp-content/themes/simplenursing-app/images/videos/thumbnails/6.-Menopause-copy.webp,https://d1pumg6d5kr18o.cloudfront.net/new/1_reproductive_2_female_6_menopause/1_reproductive_2_female_6_menopause.m3u8,,0,17193,851,Medical / Surgical / Reproductive (Adult Health) / Female (Adult Health)
Medical / Surgical,Medical / Surgical / Reproductive (Adult Health),Female (Adult Health),reproductive-female-ms-rep,42m 16s,7,Ovarian & Cervical cancer,ovarian-cervical-cancer,3:27,207,https://members.simplenursing.com/wp-content/themes/simplenursing-app/images/videos/thumbnails/6.-Ovarian-Cervical-cancer-copy.webp,https://d1pumg6d5kr18o.cloudfront.net/new/oncology_1_cancer_types_6_ovarian_cerviacal_cancer/oncology_1_cancer_types_6_ovarian_cerviacal_cancer.m3u8,,0,17098,852,Medical / Surgical / Reproductive (Adult Health) / Female (Adult Health)
Medical / Surgical,Medical / Surgical / Reproductive (Adult Health),Female (Adult Health),reproductive-female-ms-rep,42m 16s,8,PID,pid,3:15,195,https://members.simplenursing.com/wp-content/themes/simplenursing-app/images/videos/thumbnails/8.-PID-copy.webp,https://d1pumg6d5kr18o.cloudfront.net/new/1_reproductive_2_female_8_pid/1_reproductive_2_female_8_pid.m3u8,,0,17194,853,Medical / Surgical / Reproductive (Adult Health) / Female (Adult Health)
Medical / Surgical,Medical / Surgical / Reproductive (Adult Health),Female (Adult Health),reproductive-female-ms-rep,42m 16s,9,PKU - Phenylketonuria,pku,3:57,237,https://members.simplenursing.com/wp-content/themes/simplenursing-app/images/videos/thumbnails/5.-PKU-Phenylketonuria-copy-1.webp,https://d1pumg6d5kr18o.cloudfront.net/new/1_reproductive_2_female_9_pku/1_reproductive_2_female_9_pku.m3u8,,0,17195,854,Medical / Surgical / Reproductive (Adult Health) / Female (Adult Health)
Medical / Surgical,Medical / Surgical / Reproductive (Adult Health),Male (Adult Health),reproductive-male-ms-rep,29m 12s,1,BPH,bph,7:28,448,https://members.simplenursing.com/wp-content/themes/simplenursing-app/images/videos/thumbnails/1.-BPH-copy.webp,https://d1pumg6d5kr18o.cloudfront.net/new/11_bph/11_bph.m3u8,,0,16459,855,Medical / Surgical / Reproductive (Adult Health) / Male (Adult Health)
Medical / Surgical,Medical / Surgical / Reproductive (Adult Health),Male (Adult Health),reproductive-male-ms-rep,29m 12s,2,Prostate Cancer,prostate-cancer,6:55,415,https://members.simplenursing.com/wp-content/themes/simplenursing-app/images/videos/thumbnails/7.-Prostate-Cancer-copy.webp,https://d1pumg6d5kr18o.cloudfront.net/new/oncology_1_cancer_types_7_prostate_cancer/oncology_1_cancer_types_7_prostate_cancer.m3u8,,0,17099,856,Medical / Surgical / Reproductive (Adult Health) / Male (Adult Health)
Medical / Surgical,Medical / Surgical / Reproductive (Adult Health),Male (Adult Health),reproductive-male-ms-rep,29m 12s,3,Prostatectomy & TURP,prostatectomy-turp,4:48,288,https://members.simplenursing.com/wp-content/themes/simplenursing-app/images/videos/thumbnails/3.-Prostatectomy-TURP-copy.webp,https://d1pumg6d5kr18o.cloudfront.net/new/1_reproductive_3_male_3_prostatectomy_turp/1_reproductive_3_male_3_prostatectomy_turp.m3u8,,0,17196,857,Medical / Surgical / Reproductive (Adult Health) / Male (Adult Health)
Medical / Surgical,Medical / Surgical / Reproductive (Adult Health),Male (Adult Health),reproductive-male-ms-rep,29m 12s,4,Testicular cancer,testicular-cancer,2:53,173,https://members.simplenursing.com/wp-content/themes/simplenursing-app/images/videos/thumbnails/9.-Testicular-cancer-copy.webp,https://d1pumg6d5kr18o.cloudfront.net/new/oncology_1_cancer_types_9_testicular_cancer/oncology_1_cancer_types_9_testicular_cancer.m3u8,,0,17101,858,Medical / Surgical / Reproductive (Adult Health) / Male (Adult Health)
Medical / Surgical,Medical / Surgical / Reproductive (Adult Health),Male (Adult Health),reproductive-male-ms-rep,29m 12s,5,Prostatitis,prostatitis,5:46,346,https://members.simplenursing.com/wp-content/themes/simplenursing-app/images/videos/thumbnails/5.-Prostatitis-copy.webp,https://d1pumg6d5kr18o.cloudfront.net/new/1_reproductive_3_male_5_prostatitis/1_reproductive_3_male_5_prostatitis.m3u8,,0,17197,859,Medical / Surgical / Reproductive (Adult Health) / Male (Adult Health)
Medical / Surgical,Medical / Surgical / Reproductive (Adult Health),Male (Adult Health),reproductive-male-ms-rep,29m 12s,6,Vasectomy,vasectomy,1:22,82,https://members.simplenursing.com/wp-content/themes/simplenursing-app/images/videos/thumbnails/6.-Vasectomy-copy.webp,https://d1pumg6d5kr18o.cloudfront.net/new/1_reproductive_3_male_6_vasectomy/1_reproductive_3_male_6_vasectomy.m3u8,,0,17198,860,Medical / Surgical / Reproductive (Adult Health) / Male (Adult Health)
Medical / Surgical,Medical / Surgical,Sensory (Eye & Ear) (Adult Health),sensory-eye-ear-ms,19m 20s,1,Eye injury,eye-injury,1:57,117,https://members.simplenursing.com/wp-content/themes/simplenursing-app/images/videos/thumbnails/1.-Eye-injury-copy.webp,https://d1pumg6d5kr18o.cloudfront.net/new/2_sensory_eye_ear_1_eye_injury/2_sensory_eye_ear_1_eye_injury.m3u8,,0,17199,861,Medical / Surgical / Sensory (Eye & Ear) (Adult Health)
Medical / Surgical,Medical / Surgical,Sensory (Eye & Ear) (Adult Health),sensory-eye-ear-ms,19m 20s,2,Eye Cancer,eye-cancer,1:38,98,https://members.simplenursing.com/wp-content/themes/simplenursing-app/images/videos/thumbnails/2.-Eye-Cancer-copy.webp,https://d1pumg6d5kr18o.cloudfront.net/new/oncology_1_cancer_types_2_eye_cancer/oncology_1_cancer_types_2_eye_cancer.m3u8,,0,17095,862,Medical / Surgical / Sensory (Eye & Ear) (Adult Health)
Medical / Surgical,Medical / Surgical,Sensory (Eye & Ear) (Adult Health),sensory-eye-ear-ms,19m 20s,3,Glaucoma,glaucoma,9:14,554,https://members.simplenursing.com/wp-content/themes/simplenursing-app/images/videos/thumbnails/3.-Glaucoma-copy.webp,https://d1pumg6d5kr18o.cloudfront.net/new/2_sensory_eye_ear_3_glaucoma/2_sensory_eye_ear_3_glaucoma.m3u8,,0,17200,863,Medical / Surgical / Sensory (Eye & Ear) (Adult Health)
Medical / Surgical,Medical / Surgical,Sensory (Eye & Ear) (Adult Health),sensory-eye-ear-ms,19m 20s,4,Macular degeneration,macular-degeneration,1:14,74,https://members.simplenursing.com/wp-content/themes/simplenursing-app/images/videos/thumbnails/4.-Macular-degeneration-copy.webp,https://d1pumg6d5kr18o.cloudfront.net/new/2_sensory_eye_ear_4_macular_degeneration/2_sensory_eye_ear_4_macular_degeneration.m3u8,,0,17201,864,Medical / Surgical / Sensory (Eye & Ear) (Adult Health)
Medical / Surgical,Medical / Surgical,Sensory (Eye & Ear) (Adult Health),sensory-eye-ear-ms,19m 20s,5,Meniere's disease,menieres-disease,2:08,128,https://members.simplenursing.com/wp-content/themes/simplenursing-app/images/videos/thumbnails/5.-Meniere_s-disease-copy.webp,https://d1pumg6d5kr18o.cloudfront.net/new/2_sensory_eye_ear_5_menieres_disease/2_sensory_eye_ear_5_menieres_disease.m3u8,,0,17202,865,Medical / Surgical / Sensory (Eye & Ear) (Adult Health)
Medical / Surgical,Medical / Surgical,Sensory (Eye & Ear) (Adult Health),sensory-eye-ear-ms,19m 20s,6,Retinal detachment,retinal-detachment,3:09,189,https://members.simplenursing.com/wp-content/themes/simplenursing-app/images/videos/thumbnails/6.-Retinal-detachment-copy.webp,https://d1pumg6d5kr18o.cloudfront.net/new/2_sensory_eye_ear_6_retinal_detachment/2_sensory_eye_ear_6_retinal_detachment.m3u8,,0,17203,866,Medical / Surgical / Sensory (Eye & Ear) (Adult Health)
Maternity - Mother & Baby,Maternity - Mother & Baby,Prenatal Care,prenatal-care,1h 45m,1,Assessment: GPTPAL & Naegele's Rule,assessment-gptpal-naegeles-rule,16:09,969,https://members.simplenursing.com/wp-content/themes/simplenursing-app/images/videos/thumbnails/Maternity-Mother-Baby-Assessment-GPTPAL-and-Naegele_s-Rule.webp,https://d1pumg6d5kr18o.cloudfront.net/new/maternity/1_assessment_gptpal_naegeles_rule/assessment_gptpal_naegeles_rule.m3u8,,0,18715,867,Maternity - Mother & Baby / Prenatal Care
Maternity - Mother & Baby,Maternity - Mother & Baby,Prenatal Care,prenatal-care,1h 45m,2,Prenatal Care,prenatal-care,9:57,597,https://members.simplenursing.com/wp-content/themes/simplenursing-app/images/videos/thumbnails/Maternity-Mother-Baby-Prenatal-Care.webp,https://d1pumg6d5kr18o.cloudfront.net/new/maternity/maternity_mother_baby_1_prenatal_care/part.m3u8,,0,18741,868,Maternity - Mother & Baby / Prenatal Care
Maternity - Mother & Baby,Maternity - Mother & Baby,Prenatal Care,prenatal-care,1h 45m,3,Anemia & Pica,anemia-pica,7:40,460,https://members.simplenursing.com/wp-content/themes/simplenursing-app/images/videos/thumbnails/Maternity-Mother-Baby-Anemia-and-Pica.webp,https://d1pumg6d5kr18o.cloudfront.net/new/maternity/1_prenatal_1_anemia_pica/1_prenatal_1_anemia_pica.m3u8,,0,18642,869,Maternity - Mother & Baby / Prenatal Care
Maternity - Mother & Baby,Maternity - Mother & Baby,Prenatal Care,prenatal-care,1h 45m,4,Discomforts of Pregnancy,discomforts-of-pregnancy,17:21,1041,https://members.simplenursing.com/wp-content/themes/simplenursing-app/images/videos/thumbnails/Maternity-Mother-Baby-Discomforts-of-Pregnancy.webp,https://d1pumg6d5kr18o.cloudfront.net/new/maternity/maternity_mother_baby_2_discomfortspregnancy/part.m3u8,,0,18742,870,Maternity - Mother & Baby / Prenatal Care
Maternity - Mother & Baby,Maternity - Mother & Baby,Prenatal Care,prenatal-care,1h 45m,5,Ectopic Pregnancy,ectopic-pregnancy-2,3:56,236,https://members.simplenursing.com/wp-content/themes/simplenursing-app/images/videos/thumbnails/Maternity-Mother-Baby-Ectopic-Pregnancy.webp,https://d1pumg6d5kr18o.cloudfront.net/new/maternity/1_prenatal_2_ectopic_pregnancy/1_prenatal_2_ectopic_pregnancy.m3u8,,0,18643,871,Maternity - Mother & Baby / Prenatal Care
Maternity - Mother & Baby,Maternity - Mother & Baby,Prenatal Care,prenatal-care,1h 45m,6,Gestational Diabetes,gestational-diabetes-2,8:37,517,https://members.simplenursing.com/wp-content/themes/simplenursing-app/images/videos/thumbnails/Maternity-Mother-Baby-Gestational-Diabetes.webp,https://d1pumg6d5kr18o.cloudfront.net/new/maternity/maternity_mother_baby_3_gestational_diabetes/part.m3u8,,0,18743,872,Maternity - Mother & Baby / Prenatal Care
Maternity - Mother & Baby,Maternity - Mother & Baby,Prenatal Care,prenatal-care,1h 45m,7,Hydatidiform Mole,hydatidiform-mole-2,2:19,139,https://members.simplenursing.com/wp-content/themes/simplenursing-app/images/videos/thumbnails/Maternity-Mother-Baby-Hydatidiform-Mole.webp,https://d1pumg6d5kr18o.cloudfront.net/new/maternity/1_prenatal_3_hydatidiform_mole/1_prenatal_3_hydatidiform_mole.m3u8,,0,18644,873,Maternity - Mother & Baby / Prenatal Care
Maternity - Mother & Baby,Maternity - Mother & Baby,Prenatal Care,prenatal-care,1h 45m,8,Oligohydramnios,oligohydramnios,1:35,95,https://members.simplenursing.com/wp-content/themes/simplenursing-app/images/videos/thumbnails/Maternity-Mother-Baby-Oligohydramnios.webp,https://d1pumg6d5kr18o.cloudfront.net/new/maternity/1_prenatal_4_oligohydramnios/1_prenatal_4_oligohydramnios.m3u8,,0,18645,874,Maternity - Mother & Baby / Prenatal Care
Maternity - Mother & Baby,Maternity - Mother & Baby,Prenatal Care,prenatal-care,1h 45m,9,Placenta Previa,placenta-previa-2,4:44,284,https://members.simplenursing.com/wp-content/themes/simplenursing-app/images/videos/thumbnails/1.-Placenta-Previa-copy.webp,https://d1pumg6d5kr18o.cloudfront.net/new/maternity/1_prenatal_5_placenta_previa/1_prenatal_5_placenta_previa.m3u8,,0,18646,875,Maternity - Mother & Baby / Prenatal Care
Maternity - Mother & Baby,Maternity - Mother & Baby,Prenatal Care,prenatal-care,1h 45m,10,Placental Abruption,placental-abruption,3:00,180,https://members.simplenursing.com/wp-content/themes/simplenursing-app/images/videos/thumbnails/2.-Placental-Abruption-copy-1.webp,https://d1pumg6d5kr18o.cloudfront.net/new/maternity/1_prenatal_6_placenta_abruption/1_prenatal_6_placenta_abruption.m3u8,,0,18647,876,Maternity - Mother & Baby / Prenatal Care
Maternity - Mother & Baby,Maternity - Mother & Baby,Prenatal Care,prenatal-care,1h 45m,11,Preeclampsia & HELLP,preeclampsia-hellp,10:48,648,https://members.simplenursing.com/wp-content/themes/simplenursing-app/images/videos/thumbnails/3.-Preeclampsia-HELLP-copy.webp,https://d1pumg6d5kr18o.cloudfront.net/new/maternity/1_prenatal_7_preeclampsia_hellp/1_prenatal_7_preeclampsia_hellp.m3u8,,0,18648,877,Maternity - Mother & Baby / Prenatal Care
Maternity - Mother & Baby,Maternity - Mother & Baby,Prenatal Care,prenatal-care,1h 45m,12,Toxoplasmosis & TORCH Infections,toxoplasmosis-torch-infections,5:05,305,https://members.simplenursing.com/wp-content/themes/simplenursing-app/images/videos/thumbnails/4.-Toxoplasmosis-TORCH-Infections-copy.webp,https://d1pumg6d5kr18o.cloudfront.net/new/maternity/1_prenatal_8_toxoplasmosis_torch_infections/1_prenatal_8_toxoplasmosis_torch_infections.m3u8,,0,18649,878,Maternity - Mother & Baby / Prenatal Care
Maternity - Mother & Baby,Maternity - Mother & Baby,Prenatal Care,prenatal-care,1h 45m,13,"Fetus Assessment, Ultrasound, Amniocentesis, & LS Ratio",fetus-assessment-ultrasound-amniocentesis-ls-ratio,7:36,456,https://members.simplenursing.com/wp-content/themes/simplenursing-app/images/videos/thumbnails/5.-Fetus-Assessment-Ultrasound-Amniocentesis-LS-Ratio-copy.webp,https://d1pumg6d5kr18o.cloudfront.net/new/fetus_assessment_ultrasound_amniocentesis_038_ls_ratio/fetus_assessment_ultrasound_amniocentesis_038_ls_ratio.m3u8,,0,11772,879,Maternity - Mother & Baby / Prenatal Care
Maternity - Mother & Baby,Maternity - Mother & Baby,Prenatal Care,prenatal-care,1h 45m,14,Non-Stress TEST,non-stress-test,3:46,226,https://members.simplenursing.com/wp-content/themes/simplenursing-app/images/videos/thumbnails/6.-Non-Stress-TEST-copy.webp,https://d1pumg6d5kr18o.cloudfront.net/new/non_stress_test/non_stress_test.m3u8,,0,11773,880,Maternity - Mother & Baby / Prenatal Care
Maternity - Mother & Baby,Maternity - Mother & Baby,Prenatal Care,prenatal-care,1h 45m,15,Rh Factor & Coombs TEST,rh-factor-coombs-test,3:02,182,https://members.simplenursing.com/wp-content/themes/simplenursing-app/images/videos/thumbnails/7.-Rh-Factor-Coombs-TEST-copy.webp,https://d1pumg6d5kr18o.cloudfront.net/new/rh_factor_038_coombs_test/rh_factor_038_coombs_test.m3u8,,0,11774,881,Maternity - Mother & Baby / Prenatal Care
Maternity - Mother & Baby,Maternity - Mother & Baby / Labor & Delivery,Stages of Labor,stages-of-labor,1h 16m,1,Full Video - Stages of Labor,full-video-stages-of-labor,36:18,2178,https://members.simplenursing.com/wp-content/themes/simplenursing-app/images/videos/thumbnails/1.-Full-Video-Stages-of-Labor-copy.webp,https://d1pumg6d5kr18o.cloudfront.net/new/maternity/2_ld_1_stages_of_labor_1_full_video_stages_of_labor/2_ld_1_stages_of_labor_1_full_video_stages_of_labor.m3u8,,0,18651,882,Maternity - Mother & Baby / Labor & Delivery / Stages of Labor
Maternity - Mother & Baby,Maternity - Mother & Baby / Labor & Delivery,Stages of Labor,stages-of-labor,1h 16m,2,Labor basics,labor-basics,1:07,67,https://members.simplenursing.com/wp-content/themes/simplenursing-app/images/videos/thumbnails/2.-Labor-basics-copy.webp,https://d1pumg6d5kr18o.cloudfront.net/new/maternity/2_ld_1_stages_of_labor_2_labor_basics/2_ld_1_stages_of_labor_2_labor_basics.m3u8,,0,18652,883,Maternity - Mother & Baby / Labor & Delivery / Stages of Labor
Maternity - Mother & Baby,Maternity - Mother & Baby / Labor & Delivery,Stages of Labor,stages-of-labor,1h 16m,3,True Labor Signs,true-labor-signs,2:59,179,https://members.simplenursing.com/wp-content/themes/simplenursing-app/images/videos/thumbnails/3.-True-Labor-Signs-copy.webp,https://d1pumg6d5kr18o.cloudfront.net/new/maternity/2_ld_1_stages_of_labor_3_true_labor_signs/2_ld_1_stages_of_labor_3_true_labor_signs.m3u8,,0,18653,884,Maternity - Mother & Baby / Labor & Delivery / Stages of Labor
Maternity - Mother & Baby,Maternity - Mother & Baby / Labor & Delivery,Stages of Labor,stages-of-labor,1h 16m,4,False Labor “Braxton Hicks”,false-labor-braxton-hicks,5:37,337,https://members.simplenursing.com/wp-content/themes/simplenursing-app/images/videos/thumbnails/4.-False-Labor-Braxton-Hicks-copy.webp,https://d1pumg6d5kr18o.cloudfront.net/new/maternity/2_ld_1_stages_of_labor_4_false_labor_braxton_hicks/2_ld_1_stages_of_labor_4_false_labor_braxton_hicks.m3u8,,0,18654,885,Maternity - Mother & Baby / Labor & Delivery / Stages of Labor
Maternity - Mother & Baby,Maternity - Mother & Baby / Labor & Delivery,Stages of Labor,stages-of-labor,1h 16m,5,1st Stage of Labor,1st-stage-of-labor,8:51,531,https://members.simplenursing.com/wp-content/themes/simplenursing-app/images/videos/thumbnails/5.-1st-Stage-of-Labor-copy.webp,https://d1pumg6d5kr18o.cloudfront.net/new/maternity/2_ld_1_stages_of_labor_5_1st_stage_of_labor/2_ld_1_stages_of_labor_5_1st_stage_of_labor.m3u8,,0,18655,886,Maternity - Mother & Baby / Labor & Delivery / Stages of Labor
Maternity - Mother & Baby,Maternity - Mother & Baby / Labor & Delivery,Stages of Labor,stages-of-labor,1h 16m,6,2nd Stage of Labor,2nd-stage-of-labor,4:01,241,https://members.simplenursing.com/wp-content/themes/simplenursing-app/images/videos/thumbnails/6.-2nd-Stage-of-Labor-copy.webp,https://d1pumg6d5kr18o.cloudfront.net/new/maternity/2_ld_1_stages_of_labor_6_2nd_stage_of_labor/2_ld_1_stages_of_labor_6_2nd_stage_of_labor.m3u8,,0,18656,887,Maternity - Mother & Baby / Labor & Delivery / Stages of Labor
Maternity - Mother & Baby,Maternity - Mother & Baby / Labor & Delivery,Stages of Labor,stages-of-labor,1h 16m,7,3rd Stage of Labor,3rd-stage-of-labor,1:26,86,https://members.simplenursing.com/wp-content/themes/simplenursing-app/images/videos/thumbnails/7.-3rd-Stage-of-Labor-copy.webp,https://d1pumg6d5kr18o.cloudfront.net/new/maternity/2_ld_1_stages_of_labor_7_3rd_stage_of_labor/2_ld_1_stages_of_labor_7_3rd_stage_of_labor.m3u8,,0,18657,888,Maternity - Mother & Baby / Labor & Delivery / Stages of Labor
Maternity - Mother & Baby,Maternity - Mother & Baby / Labor & Delivery,Stages of Labor,stages-of-labor,1h 16m,8,4th Stage of Labor,4th-stage-of-labor,12:05,725,https://members.simplenursing.com/wp-content/themes/simplenursing-app/images/videos/thumbnails/8.-4th-Stage-of-Labor-copy.webp,https://d1pumg6d5kr18o.cloudfront.net/new/maternity/2_ld_1_stages_of_labor_8_4th_stage_of_labor/2_ld_1_stages_of_labor_8_4th_stage_of_labor.m3u8,,0,18658,889,Maternity - Mother & Baby / Labor & Delivery / Stages of Labor
Maternity - Mother & Baby,Maternity - Mother & Baby / Labor & Delivery,Stages of Labor,stages-of-labor,1h 16m,9,Lochia Assessment,lochia-assessment,3:46,226,https://members.simplenursing.com/wp-content/themes/simplenursing-app/images/videos/thumbnails/9.-Lochia-Assessment-copy.webp,https://d1pumg6d5kr18o.cloudfront.net/new/maternity/2_ld_1_stages_of_labor_9_lochia_assessment/2_ld_1_stages_of_labor_9_lochia_assessment.m3u8,,0,18659,890,Maternity - Mother & Baby / Labor & Delivery / Stages of Labor
Maternity - Mother & Baby,Maternity - Mother & Baby / Labor & Delivery,5 P’s of Labor,5-ps-of-labor,10m 1s,1,5 P’s of Labor,5-ps-of-labor,10:01,601,https://members.simplenursing.com/wp-content/themes/simplenursing-app/images/videos/thumbnails/1.-5-Ps-of-Labor-copy.webp,https://d1pumg6d5kr18o.cloudfront.net/new/maternity/2_ld_2_5_ps_of_labor/2_ld_2_5_ps_of_labor.m3u8,,0,18660,891,Maternity - Mother & Baby / Labor & Delivery / 5 P’s of Labor
Maternity - Mother & Baby,Maternity - Mother & Baby / Labor & Delivery,Fetal Heart Rate Monitoring,fetal-heart-rate-monitoring,1h 16m,1,Full Video - Fetal Heart Rate Monitoring,full-video-fetal-heart-rate-monitoring,29:59,1799,https://members.simplenursing.com/wp-content/themes/simplenursing-app/images/videos/thumbnails/1.-Full-Video-Fetal-Heart-Rate-Monitoring-copy.webp,https://d1pumg6d5kr18o.cloudfront.net/new/maternity/2_ld_3_fh_rate_monitoring_1_full_video_fh_rate_monitoring/2_ld_3_fh_rate_monitoring_1_full_video_fh_rate_monitoring.m3u8,,0,18661,892,Maternity - Mother & Baby / Labor & Delivery / Fetal Heart Rate Monitoring
Maternity - Mother & Baby,Maternity - Mother & Baby / Labor & Delivery,Fetal Heart Rate Monitoring,fetal-heart-rate-monitoring,1h 16m,2,External vs. Internal Monitor,external-vs-internal-monitor,2:34,154,https://members.simplenursing.com/wp-content/themes/simplenursing-app/images/videos/thumbnails/2.-External-vs.-Internal-Monitor-copy.webp,https://d1pumg6d5kr18o.cloudfront.net/new/maternity/2_ld_3_fh_rate_monitoring_2_external_vs_internal_monitor/2_ld_3_fh_rate_monitoring_2_external_vs_internal_monitor.m3u8,,0,18662,893,Maternity - Mother & Baby / Labor & Delivery / Fetal Heart Rate Monitoring
Maternity - Mother & Baby,Maternity - Mother & Baby / Labor & Delivery,Fetal Heart Rate Monitoring,fetal-heart-rate-monitoring,1h 16m,3,FHR Key Terms,fhr-key-terms,4:26,266,https://members.simplenursing.com/wp-content/themes/simplenursing-app/images/videos/thumbnails/3.-FHR-Key-Terms-copy.webp,https://d1pumg6d5kr18o.cloudfront.net/new/maternity/2_ld_3_fh_rate_monitoring_3_fhr_key_terms/2_ld_3_fh_rate_monitoring_3_fhr_key_terms.m3u8,,0,18663,894,Maternity - Mother & Baby / Labor & Delivery / Fetal Heart Rate Monitoring
Maternity - Mother & Baby,Maternity - Mother & Baby / Labor & Delivery,Fetal Heart Rate Monitoring,fetal-heart-rate-monitoring,1h 16m,4,Uterine Contraction Key Terms,uterine-contraction-key-terms,2:28,148,https://members.simplenursing.com/wp-content/themes/simplenursing-app/images/videos/thumbnails/4.-Uterine-Contraction-Key-Terms-copy.webp,https://d1pumg6d5kr18o.cloudfront.net/new/maternity/2_ld_3_fh_rate_monitoring_4_uterine_contraction_key_terms/2_ld_3_fh_rate_monitoring_4_uterine_contraction_key_terms.m3u8,,0,18664,895,Maternity - Mother & Baby / Labor & Delivery / Fetal Heart Rate Monitoring
Maternity - Mother & Baby,Maternity - Mother & Baby / Labor & Delivery,Fetal Heart Rate Monitoring,fetal-heart-rate-monitoring,1h 16m,5,Memory Trick: VEAL CHOP,memory-trick-veal-chop,2:22,142,https://members.simplenursing.com/wp-content/themes/simplenursing-app/images/videos/thumbnails/5.-Memory-Trick-VEAL-CHOP-copy.webp,https://d1pumg6d5kr18o.cloudfront.net/new/maternity/2_ld_3_fh_rate_monitoring_5_memory_trick_veal_chop/2_ld_3_fh_rate_monitoring_5_memory_trick_veal_chop.m3u8,,0,18665,896,Maternity - Mother & Baby / Labor & Delivery / Fetal Heart Rate Monitoring
Maternity - Mother & Baby,Maternity - Mother & Baby / Labor & Delivery,Fetal Heart Rate Monitoring,fetal-heart-rate-monitoring,1h 16m,6,FHR Strips on the NCLEX,fhr-strips-on-the-nclex,17:53,1073,https://members.simplenursing.com/wp-content/themes/simplenursing-app/images/videos/thumbnails/6.-FHR-Strips-on-the-NCLEX-copy.webp,https://d1pumg6d5kr18o.cloudfront.net/new/maternity/2_ld_3_fh_rate_monitoring_6_fhr_strips_on_the_nclex/2_ld_3_fh_rate_monitoring_6_fhr_strips_on_the_nclex.m3u8,,0,18666,897,Maternity - Mother & Baby / Labor & Delivery / Fetal Heart Rate Monitoring
Maternity - Mother & Baby,Maternity - Mother & Baby / Labor & Delivery,Fetal Heart Rate Monitoring,fetal-heart-rate-monitoring,1h 16m,7,Normal FHR Strips,normal-fhr-strips,1:38,98,https://members.simplenursing.com/wp-content/themes/simplenursing-app/images/videos/thumbnails/7.-Normal-FHR-Strips-copy.webp,https://d1pumg6d5kr18o.cloudfront.net/new/maternity/2_ld_3_fh_rate_monitoring_7_normal_fhr_strips/2_ld_3_fh_rate_monitoring_7_normal_fhr_strips.m3u8,,0,18667,898,Maternity - Mother & Baby / Labor & Delivery / Fetal Heart Rate Monitoring
Maternity - Mother & Baby,Maternity - Mother & Baby / Labor & Delivery,Fetal Heart Rate Monitoring,fetal-heart-rate-monitoring,1h 16m,8,Risk FHR Strips,risk-fhr-strips,5:15,315,https://members.simplenursing.com/wp-content/themes/simplenursing-app/images/videos/thumbnails/8.-Risk-FHR-Strips-copy.webp,https://d1pumg6d5kr18o.cloudfront.net/new/maternity/2_ld_3_fh_rate_monitoring_8_risk_fhr_strips/2_ld_3_fh_rate_monitoring_8_risk_fhr_strips.m3u8,,0,18668,899,Maternity - Mother & Baby / Labor & Delivery / Fetal Heart Rate Monitoring
Maternity - Mother & Baby,Maternity - Mother & Baby / Labor & Delivery,Fetal Heart Rate Monitoring,fetal-heart-rate-monitoring,1h 16m,9,Critical FHR Strips Findings!,critical-fhr-strips-findings,9:38,578,https://members.simplenursing.com/wp-content/themes/simplenursing-app/images/videos/video-topic-icon.png,https://d1pumg6d5kr18o.cloudfront.net/new/maternity/2_ld_3_fh_rate_monitoring_9_critical_fhr_strips_findings/2_ld_3_fh_rate_monitoring_9_critical_fhr_strips_findings.m3u8,,0,18669,900,Maternity - Mother & Baby / Labor & Delivery / Fetal Heart Rate Monitoring
Maternity - Mother & Baby,Maternity - Mother & Baby / Labor & Delivery,Cesarean Birth,cesarean-birth,5m 46s,1,Cesarean Birth,cesarean-birth,5:46,346,https://members.simplenursing.com/wp-content/themes/simplenursing-app/images/videos/thumbnails/1.-Cesarean-Birth-copy.webp,https://d1pumg6d5kr18o.cloudfront.net/new/maternity/2_ld_4_cesarean_birth/2_ld_4_cesarean_birth.m3u8,,0,18670,901,Maternity - Mother & Baby / Labor & Delivery / Cesarean Birth
Maternity - Mother & Baby,Maternity - Mother & Baby / Labor & Delivery,Epidural & Pain Control,epidural-pain-control,25m 14s,1,Full Video - Epidural & Pain Control,full-video-epidural-pain-control,12:43,763,https://members.simplenursing.com/wp-content/themes/simplenursing-app/images/videos/thumbnails/1.-Full-Video-Epidural-Pain-Control-copy.webp,https://d1pumg6d5kr18o.cloudfront.net/new/maternity/2_ld_5_epidural_pain_control_1_full_video_epidural_pain_control/2_ld_5_epidural_pain_control_1_full_video_epidural_pain_control.m3u8,,0,18671,902,Maternity - Mother & Baby / Labor & Delivery / Epidural & Pain Control
Maternity - Mother & Baby,Maternity - Mother & Baby / Labor & Delivery,Epidural & Pain Control,epidural-pain-control,25m 14s,2,Non-pharmacological Pain Control,non-pharmacological-pain-control,1:02,62,https://members.simplenursing.com/wp-content/themes/simplenursing-app/images/videos/thumbnails/2.-Non-pharmacological-Pain-Control-copy.webp,https://d1pumg6d5kr18o.cloudfront.net/new/maternity/2_ld_5_epidural_pain_control_2_non_pharmacological_pain_control/2_ld_5_epidural_pain_control_2_non_pharmacological_pain_control.m3u8,,0,18672,903,Maternity - Mother & Baby / Labor & Delivery / Epidural & Pain Control
Maternity - Mother & Baby,Maternity - Mother & Baby / Labor & Delivery,Epidural & Pain Control,epidural-pain-control,25m 14s,3,Pain Medication During Labor,pain-medication-during-labor,3:11,191,https://members.simplenursing.com/wp-content/themes/simplenursing-app/images/videos/thumbnails/3.-Pain-Medication-During-Labor-copy.webp,https://d1pumg6d5kr18o.cloudfront.net/new/maternity/2_ld_5_epidural_pain_control_3_pain_medication_during_labor/2_ld_5_epidural_pain_control_3_pain_medication_during_labor.m3u8,,0,18673,904,Maternity - Mother & Baby / Labor & Delivery / Epidural & Pain Control
Maternity - Mother & Baby,Maternity - Mother & Baby / Labor & Delivery,Epidural & Pain Control,epidural-pain-control,25m 14s,4,Epidural & Spinal Anesthesia,epidural-spinal-anesthesia,5:26,326,https://members.simplenursing.com/wp-content/themes/simplenursing-app/images/videos/thumbnails/4.-Epidural-Spinal-Anesthesia-copy.webp,https://d1pumg6d5kr18o.cloudfront.net/new/maternity/2_ld_5_epidural_pain_control_4_epidural_spinal_anesthesia/2_ld_5_epidural_pain_control_4_epidural_spinal_anesthesia.m3u8,,0,18674,905,Maternity - Mother & Baby / Labor & Delivery / Epidural & Pain Control
Maternity - Mother & Baby,Maternity - Mother & Baby / Labor & Delivery,Epidural & Pain Control,epidural-pain-control,25m 14s,5,Pudendal Nerve Block,pudendal-nerve-block,2:52,172,https://members.simplenursing.com/wp-content/themes/simplenursing-app/images/videos/thumbnails/5.-Pudendal-Nerve-Block-copy.webp,https://d1pumg6d5kr18o.cloudfront.net/new/maternity/2_ld_5_epidural_pain_control_5_pudendal_nerve_block/2_ld_5_epidural_pain_control_5_pudendal_nerve_block.m3u8,,0,18675,906,Maternity - Mother & Baby / Labor & Delivery / Epidural & Pain Control
Maternity - Mother & Baby,Maternity - Mother & Baby / Labor & Delivery,Preterm Labor,preterm-labor,15m 22s,1,Preterm Labor,preterm-labor-2,15:22,922,https://members.simplenursing.com/wp-content/themes/simplenursing-app/images/videos/thumbnails/1.-Preterm-Labor-copy.webp,https://d1pumg6d5kr18o.cloudfront.net/new/maternity/2_ld_6_preterm_labor/2_ld_6_preterm_labor.m3u8,,0,18676,907,Maternity - Mother & Baby / Labor & Delivery / Preterm Labor
Maternity - Mother & Baby,Maternity - Mother & Baby / Labor & Delivery,PROM & AROM,prom-arom,8m 8s,1,PROM & AROM,prom-arom,8:08,488,https://members.simplenursing.com/wp-content/themes/simplenursing-app/images/videos/thumbnails/1.-PROM-AROM-copy.webp,https://d1pumg6d5kr18o.cloudfront.net/new/maternity/2_ld_7_prom_arom/2_ld_7_prom_arom.m3u8,,0,18677,908,Maternity - Mother & Baby / Labor & Delivery / PROM & AROM
Maternity - Mother & Baby,Maternity - Mother & Baby / Labor & Delivery,Procedures to Assist Labor,procedures-to-assist-labor,27m 25s,1,Full Video - Procedures to Assist Labor,full-video-procedures-to-assist-labor,13:48,828,https://members.simplenursing.com/wp-content/themes/simplenursing-app/images/videos/thumbnails/1.-Full-Video-Procedures-to-Assist-Labor-copy.webp,https://d1pumg6d5kr18o.cloudfront.net/new/maternity/2_ld_procedures_labor_1_full_video_procedures_to_assist_labor/2_ld_procedures_labor_1_full_video_procedures_to_assist_labor.m3u8,,0,18678,909,Maternity - Mother & Baby / Labor & Delivery / Procedures to Assist Labor
Maternity - Mother & Baby,Maternity - Mother & Baby / Labor & Delivery,Procedures to Assist Labor,procedures-to-assist-labor,27m 25s,2,Labor Drugs (pharmacology),labor-drugs-pharmacology,4:12,252,https://members.simplenursing.com/wp-content/themes/simplenursing-app/images/videos/thumbnails/2.-Labor-Drugs-pharmacology-copy.webp,https://d1pumg6d5kr18o.cloudfront.net/new/maternity/2_ld_procedures_labor_2_labor_drugs_pharmacology/2_ld_procedures_labor_2_labor_drugs_pharmacology.m3u8,,0,18679,910,Maternity - Mother & Baby / Labor & Delivery / Procedures to Assist Labor
Maternity - Mother & Baby,Maternity - Mother & Baby / Labor & Delivery,Procedures to Assist Labor,procedures-to-assist-labor,27m 25s,3,Test tips for Oxytocin,test-tips-for-oxytocin,2:48,168,https://members.simplenursing.com/wp-content/themes/simplenursing-app/images/videos/thumbnails/3.-Test-tips-for-Oxytocin-copy.webp,https://d1pumg6d5kr18o.cloudfront.net/new/maternity/2_ld_procedures_labor_3_test_tips_for_oxytocin/2_ld_procedures_labor_3_test_tips_for_oxytocin.m3u8,,0,18680,911,Maternity - Mother & Baby / Labor & Delivery / Procedures to Assist Labor
Maternity - Mother & Baby,Maternity - Mother & Baby / Labor & Delivery,Procedures to Assist Labor,procedures-to-assist-labor,27m 25s,4,Complications with Oxytocin,complications-with-oxytocin,2:33,153,https://members.simplenursing.com/wp-content/themes/simplenursing-app/images/videos/thumbnails/4.-Complications-with-Oxytocin-copy.webp,https://d1pumg6d5kr18o.cloudfront.net/new/maternity/2_ld_procedures_labor_4_complications_with_oxytocin/2_ld_procedures_labor_4_complications_with_oxytocin.m3u8,,0,18681,912,Maternity - Mother & Baby / Labor & Delivery / Procedures to Assist Labor
Maternity - Mother & Baby,Maternity - Mother & Baby / Labor & Delivery,Procedures to Assist Labor,procedures-to-assist-labor,27m 25s,5,Amniotomy,amniotomy,0:40,40,https://members.simplenursing.com/wp-content/themes/simplenursing-app/images/videos/thumbnails/5.-Amniotomy-copy.webp,https://d1pumg6d5kr18o.cloudfront.net/new/maternity/2_ld_procedures_labor_5_amniotomy/2_ld_procedures_labor_5_amniotomy.m3u8,,0,18682,913,Maternity - Mother & Baby / Labor & Delivery / Procedures to Assist Labor
Maternity - Mother & Baby,Maternity - Mother & Baby / Labor & Delivery,Procedures to Assist Labor,procedures-to-assist-labor,27m 25s,6,"Forceps, Vacuum & Bishop Score",forceps-vacuum-bishop-score,3:24,204,https://members.simplenursing.com/wp-content/themes/simplenursing-app/images/videos/thumbnails/6.-Forceps-Vacuum-Bishop-Score-copy.webp,"https://d1pumg6d5kr18o.cloudfront.net/new/maternity/2_ld_procedures_labor_6_forceps,_vacuum_bishop_score/2_ld_procedures_labor_6_forceps,_vacuum_bishop_score.m3u8",,0,18683,914,Maternity - Mother & Baby / Labor & Delivery / Procedures to Assist Labor
Maternity - Mother & Baby,Maternity - Mother & Baby / Labor & Delivery,Labor Complications,labor-complications,49m 31s,1,Full Video - Labor Complications,full-video-labor-complications,24:47,1487,https://members.simplenursing.com/wp-content/themes/simplenursing-app/images/videos/thumbnails/1.-Full-Video-Labor-Complications-copy.webp,https://d1pumg6d5kr18o.cloudfront.net/new/maternity/2_ld_9_complications_1_full_video_complications/2_ld_9_complications_1_full_video_complications.m3u8,,0,18684,915,Maternity - Mother & Baby / Labor & Delivery / Labor Complications
Maternity - Mother & Baby,Maternity - Mother & Baby / Labor & Delivery,Labor Complications,labor-complications,49m 31s,2,Amniotic Fluid Embolism,amniotic-fluid-embolism-2,1:08,68,https://members.simplenursing.com/wp-content/themes/simplenursing-app/images/videos/thumbnails/2.-Amniotic-Fluid-Embolism-copy.webp,https://d1pumg6d5kr18o.cloudfront.net/new/maternity/2_ld_9_complications_2_amniotic_fluid_embolism/2_ld_9_complications_2_amniotic_fluid_embolism.m3u8,,0,18685,916,Maternity - Mother & Baby / Labor & Delivery / Labor Complications
Maternity - Mother & Baby,Maternity - Mother & Baby / Labor & Delivery,Labor Complications,labor-complications,49m 31s,3,Dystocia,dystocia,1:35,95,https://members.simplenursing.com/wp-content/themes/simplenursing-app/images/videos/thumbnails/3.-Dystocia-copy.webp,https://d1pumg6d5kr18o.cloudfront.net/new/maternity/2_ld_9_complications_3_dystocia/2_ld_9_complications_3_dystocia.m3u8,,0,18686,917,Maternity - Mother & Baby / Labor & Delivery / Labor Complications
Maternity - Mother & Baby,Maternity - Mother & Baby / Labor & Delivery,Labor Complications,labor-complications,49m 31s,4,Shoulder Dystocia,shoulder-dystocia,2:24,144,https://members.simplenursing.com/wp-content/themes/simplenursing-app/images/videos/thumbnails/4.-Shoulder-Dystocia-copy.webp,https://d1pumg6d5kr18o.cloudfront.net/new/maternity/2_ld_9_complications_4_shoulder_dystocia/2_ld_9_complications_4_shoulder_dystocia.m3u8,,0,18687,918,Maternity - Mother & Baby / Labor & Delivery / Labor Complications
Maternity - Mother & Baby,Maternity - Mother & Baby / Labor & Delivery,Labor Complications,labor-complications,49m 31s,5,Precipitous Labor,precipitous-labor,2:52,172,https://members.simplenursing.com/wp-content/themes/simplenursing-app/images/videos/thumbnails/5.-Precipitous-Labor-copy.webp,https://d1pumg6d5kr18o.cloudfront.net/new/maternity/2_ld_9_complications_5_precipitous_labor/2_ld_9_complications_5_precipitous_labor.m3u8,,0,18688,919,Maternity - Mother & Baby / Labor & Delivery / Labor Complications
Maternity - Mother & Baby,Maternity - Mother & Baby / Labor & Delivery,Labor Complications,labor-complications,49m 31s,6,Uterine Rupture,uterine-rupture,2:45,165,https://members.simplenursing.com/wp-content/themes/simplenursing-app/images/videos/thumbnails/6.-Uterine-Rupture-copy.webp,https://d1pumg6d5kr18o.cloudfront.net/new/maternity/2_ld_9_complications_6_uterine_rupture/2_ld_9_complications_6_uterine_rupture.m3u8,,0,18689,920,Maternity - Mother & Baby / Labor & Delivery / Labor Complications
Maternity - Mother & Baby,Maternity - Mother & Baby / Labor & Delivery,Labor Complications,labor-complications,49m 31s,7,Uterine Inversion,uterine-inversion,2:54,174,https://members.simplenursing.com/wp-content/themes/simplenursing-app/images/videos/thumbnails/7.-Uterine-Inversion-copy.webp,https://d1pumg6d5kr18o.cloudfront.net/new/maternity/2_ld_9_complications_7_uterine_inversion/2_ld_9_complications_7_uterine_inversion.m3u8,,0,18690,921,Maternity - Mother & Baby / Labor & Delivery / Labor Complications
Maternity - Mother & Baby,Maternity - Mother & Baby / Labor & Delivery,Labor Complications,labor-complications,49m 31s,8,Umbilical Cord Prolapse & Compression,umbilical-cord-prolapse-compression,4:09,249,https://members.simplenursing.com/wp-content/themes/simplenursing-app/images/videos/thumbnails/8.-Umbilical-Cord-Prolapse-Compression-copy.webp,https://d1pumg6d5kr18o.cloudfront.net/new/maternity/2_ld_9_complications_8_umbilical_cord_prolapse_compression/2_ld_9_complications_8_umbilical_cord_prolapse_compression.m3u8,,0,18691,922,Maternity - Mother & Baby / Labor & Delivery / Labor Complications
Maternity - Mother & Baby,Maternity - Mother & Baby / Labor & Delivery,Labor Complications,labor-complications,49m 31s,9,DIC,dic-2,2:47,167,https://members.simplenursing.com/wp-content/themes/simplenursing-app/images/videos/thumbnails/9.-DIC-copy.webp,https://d1pumg6d5kr18o.cloudfront.net/new/maternity/2_ld_9_complications_9_dic/2_ld_9_complications_9_dic.m3u8,,0,18692,923,Maternity - Mother & Baby / Labor & Delivery / Labor Complications
Maternity - Mother & Baby,Maternity - Mother & Baby / Labor & Delivery,Labor Complications,labor-complications,49m 31s,10,Meconium Stained Amniotic Fluid,meconium-stained-amniotic-fluid,2:06,126,https://members.simplenursing.com/wp-content/themes/simplenursing-app/images/videos/thumbnails/10.-Meconium-Stained-Amniotic-Fluid-copy.webp,https://d1pumg6d5kr18o.cloudfront.net/new/maternity/2_ld_9_complications_10_meconium_stained_amniotic_fluid/2_ld_9_complications_10_meconium_stained_amniotic_fluid.m3u8,,0,18693,924,Maternity - Mother & Baby / Labor & Delivery / Labor Complications
Maternity - Mother & Baby,Maternity - Mother & Baby / Labor & Delivery,Labor Complications,labor-complications,49m 31s,11,Meconium Aspiration Syndrome,meconium-aspiration-syndrome,2:04,124,https://members.simplenursing.com/wp-content/themes/simplenursing-app/images/videos/thumbnails/11.-Meconium-Aspiration-Syndrome-copy.webp,https://d1pumg6d5kr18o.cloudfront.net/new/maternity/2_ld_9_complications_11_meconium_aspiration_syndrome/2_ld_9_complications_11_meconium_aspiration_syndrome.m3u8,,0,18694,925,Maternity - Mother & Baby / Labor & Delivery / Labor Complications
Maternity - Mother & Baby,Maternity - Mother & Baby / Newborn Care,APGAR Score,apgar-score-maternity,8m 9s,1,APGAR Score,apgar-score-2,8:09,489,https://members.simplenursing.com/wp-content/themes/simplenursing-app/images/videos/thumbnails/1.-APGAR-Score-copy.webp,https://d1pumg6d5kr18o.cloudfront.net/new/maternity/3_nc_1_apgar_score/3_nc_1_apgar_score.m3u8,,0,18695,926,Maternity - Mother & Baby / Newborn Care / APGAR Score
Maternity - Mother & Baby,Maternity - Mother & Baby / Newborn Care,Newborn Assessment,newborn-assessment-maternity,58m 52s,1,Full Video - Newborn Assessment,full-video-newborn-assessment-2,29:31,1771,https://members.simplenursing.com/wp-content/themes/simplenursing-app/images/videos/thumbnails/1.-Full-Video-Newborn-Assessment-copy.webp,https://d1pumg6d5kr18o.cloudfront.net/new/maternity/3_nc_2_newborn_assessment_1_full_video_newborn_assessment/3_nc_2_newborn_assessment_1_full_video_newborn_assessment.m3u8,,0,18696,927,Maternity - Mother & Baby / Newborn Care / Newborn Assessment
Maternity - Mother & Baby,Maternity - Mother & Baby / Newborn Care,Newborn Assessment,newborn-assessment-maternity,58m 52s,2,"Full term, Preterm, Postterm",full-term-preterm-postterm,2:15,135,https://members.simplenursing.com/wp-content/themes/simplenursing-app/images/videos/thumbnails/2.-Full-term-Preterm-Postterm-copy.webp,https://d1pumg6d5kr18o.cloudfront.net/new/maternity/newborn_2_assessment_2_full_term_preterm_postterm/newborn_2_assessment_2_full_term_preterm_postterm.m3u8,,0,18588,928,Maternity - Mother & Baby / Newborn Care / Newborn Assessment
Maternity - Mother & Baby,Maternity - Mother & Baby / Newborn Care,Newborn Assessment,newborn-assessment-maternity,58m 52s,3,Skin (Integumentary),skin-integumentary-2,3:45,225,https://members.simplenursing.com/wp-content/themes/simplenursing-app/images/videos/thumbnails/3.-Skin-Integumentary-copy.webp,https://d1pumg6d5kr18o.cloudfront.net/new/maternity/3_nc_2_newborn_assessment_3_skin_integumentary/3_nc_2_newborn_assessment_3_skin_integumentary.m3u8,,0,18697,929,Maternity - Mother & Baby / Newborn Care / Newborn Assessment
Maternity - Mother & Baby,Maternity - Mother & Baby / Newborn Care,Newborn Assessment,newborn-assessment-maternity,58m 52s,4,Fontanelles & Head Shape,fontanelles-head-shape-2,2:21,141,https://members.simplenursing.com/wp-content/themes/simplenursing-app/images/videos/thumbnails/4.-Fontanelles-Head-Shape-copy.webp,https://d1pumg6d5kr18o.cloudfront.net/new/maternity/3_nc_2_newborn_assessment_4_fontanelles_head_shape/3_nc_2_newborn_assessment_4_fontanelles_head_shape.m3u8,,0,18698,930,Maternity - Mother & Baby / Newborn Care / Newborn Assessment
Maternity - Mother & Baby,Maternity - Mother & Baby / Newborn Care,Newborn Assessment,newborn-assessment-maternity,58m 52s,5,"Eyes, Ears, Nose & Mouth",eyes-ears-nose-mouth,1:42,102,https://members.simplenursing.com/wp-content/themes/simplenursing-app/images/videos/thumbnails/5.-Eyes-Ears-Nose-Mouth-copy.webp,https://d1pumg6d5kr18o.cloudfront.net/new/maternity/newborn_2_assessment_5_eyes_ears_nose_mouth/newborn_2_assessment_5_eyes_ears_nose_mouth.m3u8,,0,18591,931,Maternity - Mother & Baby / Newborn Care / Newborn Assessment
Maternity - Mother & Baby,Maternity - Mother & Baby / Newborn Care,Newborn Assessment,newborn-assessment-maternity,58m 52s,6,Chest (Lung & Heart),chest-lung-heart,2:43,163,https://members.simplenursing.com/wp-content/themes/simplenursing-app/images/videos/thumbnails/6.-Chest-Lung-Heart-copy.webp,https://d1pumg6d5kr18o.cloudfront.net/new/maternity/newborn_2_assessment_6_chest_lung_heart/newborn_2_assessment_6_chest_lung_heart.m3u8,,0,18592,932,Maternity - Mother & Baby / Newborn Care / Newborn Assessment
Maternity - Mother & Baby,Maternity - Mother & Baby / Newborn Care,Newborn Assessment,newborn-assessment-maternity,58m 52s,7,Umbilical Cord & Abdomen,umbilical-cord-abdomen,1:29,89,https://members.simplenursing.com/wp-content/themes/simplenursing-app/images/videos/thumbnails/7.-Umbilical-Cord-Abdomen-copy.webp,https://d1pumg6d5kr18o.cloudfront.net/new/maternity/newborn_2_assessment_7_umbilical_cord_abdomen/newborn_2_assessment_7_umbilical_cord_abdomen.m3u8,,0,18593,933,Maternity - Mother & Baby / Newborn Care / Newborn Assessment
Maternity - Mother & Baby,Maternity - Mother & Baby / Newborn Care,Newborn Assessment,newborn-assessment-maternity,58m 52s,8,Hands & Feet,hands-feet,1:24,84,https://members.simplenursing.com/wp-content/themes/simplenursing-app/images/videos/thumbnails/8.-Hands-Feet-copy.webp,https://d1pumg6d5kr18o.cloudfront.net/new/maternity/newborn_2_assessment_8_hands_feet/newborn_2_assessment_8_hands_feet.m3u8,,0,18594,934,Maternity - Mother & Baby / Newborn Care / Newborn Assessment
Maternity - Mother & Baby,Maternity - Mother & Baby / Newborn Care,Newborn Assessment,newborn-assessment-maternity,58m 52s,9,Infant Reflexes & Muscle Tone,infant-reflexes-muscle-tone,3:31,211,https://members.simplenursing.com/wp-content/themes/simplenursing-app/images/videos/thumbnails/9.-Infant-Reflexes-Muscle-Tone-copy.webp,https://d1pumg6d5kr18o.cloudfront.net/new/maternity/newborn_2_assessment_9_infant_reflexes_muscle_tone/newborn_2_assessment_9_infant_reflexes_muscle_tone.m3u8,,0,18595,935,Maternity - Mother & Baby / Newborn Care / Newborn Assessment
Maternity - Mother & Baby,Maternity - Mother & Baby / Newborn Care,Newborn Assessment,newborn-assessment-maternity,58m 52s,10,"Back, Spine, Hips, Genitalia & Anus",back-spine-hips-genitalia-anus-2,1:47,107,https://members.simplenursing.com/wp-content/themes/simplenursing-app/images/videos/thumbnails/10.-Back-Spine-Hips-Genitalia-Anus-copy.webp,"https://d1pumg6d5kr18o.cloudfront.net/new/maternity/3_nc_2_newborn_assessment_10_back,_spine,_hips,_genitalia_anus/3_nc_2_newborn_assessment_10_back,_spine,_hips,_genitalia_anus.m3u8",,0,18699,936,Maternity - Mother & Baby / Newborn Care / Newborn Assessment
Maternity - Mother & Baby,Maternity - Mother & Baby / Newborn Care,Newborn Assessment,newborn-assessment-maternity,58m 52s,11,NCLEX Practice Question,nclex-practice-question,1:25,85,https://members.simplenursing.com/wp-content/themes/simplenursing-app/images/videos/thumbnails/11.-NCLEX-Practice-Question-copy.webp,https://d1pumg6d5kr18o.cloudfront.net/new/maternity/newborn_2_assessment_11_nclex_practice_question/newborn_2_assessment_11_nclex_practice_question.m3u8,,0,18597,937,Maternity - Mother & Baby / Newborn Care / Newborn Assessment
Maternity - Mother & Baby,Maternity - Mother & Baby / Newborn Care,Newborn Assessment,newborn-assessment-maternity,58m 52s,12,Vital Signs & Glucose,vital-signs-glucose,2:42,162,https://members.simplenursing.com/wp-content/themes/simplenursing-app/images/videos/thumbnails/12.-Vital-Signs-Glucose-copy.webp,https://d1pumg6d5kr18o.cloudfront.net/new/maternity/newborn_2_assessment_12_vital_signs_glucose/newborn_2_assessment_12_vital_signs_glucose.m3u8,,0,18598,938,Maternity - Mother & Baby / Newborn Care / Newborn Assessment
Maternity - Mother & Baby,Maternity - Mother & Baby / Newborn Care,Newborn Assessment,newborn-assessment-maternity,58m 52s,13,Medications & Measurements,medications-measurements,4:17,257,https://members.simplenursing.com/wp-content/themes/simplenursing-app/images/videos/thumbnails/13.-Medications-Measurements-copy.webp,https://d1pumg6d5kr18o.cloudfront.net/new/maternity/newborn_2_assessment_13_medications_measurements/newborn_2_assessment_13_medications_measurements.m3u8,,0,18599,939,Maternity - Mother & Baby / Newborn Care / Newborn Assessment
Maternity - Mother & Baby,Maternity - Mother & Baby / Newborn Care,Parent Education for Newborn Care,parent-education-for-newborn-care-maternity,12m 32s,1,Parent Education for Newborn Care,parent-education-for-newborn-care,12:32,752,https://members.simplenursing.com/wp-content/themes/simplenursing-app/images/videos/thumbnails/1.-Parent-Education-for-Newborn-Care-copy.webp,https://d1pumg6d5kr18o.cloudfront.net/new/maternity/newborn_3_parent_education_for_newborn/newborn_3_parent_education_for_newborn.m3u8,,0,18600,940,Maternity - Mother & Baby / Newborn Care / Parent Education for Newborn Care
Maternity - Mother & Baby,Maternity - Mother & Baby / Newborn Care,Circumcision Care,circumcision-care-maternity,2m 51s,1,Circumcision Care,circumcision-care,2:51,171,https://members.simplenursing.com/wp-content/themes/simplenursing-app/images/videos/thumbnails/1.-Circumcision-Care-copy.webp,https://d1pumg6d5kr18o.cloudfront.net/new/maternity/newborn_4_circumcision_care/newborn_4_circumcision_care.m3u8,,0,18601,941,Maternity - Mother & Baby / Newborn Care / Circumcision Care
Maternity - Mother & Baby,Maternity - Mother & Baby / Newborn Care,NRP - Neonatal Resuscitation Program,nrp-neonatal-resuscitation-program-maternity,4m 35s,1,NRP - Neonatal Resuscitation Program,nrp-neonatal-resuscitation-program,4:35,275,https://members.simplenursing.com/wp-content/themes/simplenursing-app/images/videos/thumbnails/1.-Neonatal-Resuscitation-Program-copy-1.webp,https://d1pumg6d5kr18o.cloudfront.net/new/maternity/newborn_5_nrp_neonatal_resuscitation_program/newborn_5_nrp_neonatal_resuscitation_program.m3u8,,0,18602,942,Maternity - Mother & Baby / Newborn Care / NRP - Neonatal Resuscitation Program
Maternity - Mother & Baby,Maternity - Mother & Baby / Newborn Care,Newborn Complications,newborn-complications-maternity,29m 51s,1,"Jaundice, Hypothermia, Hypoxia & Hypoglycemia",jaundice-hypothermia-hypoxia-hypoglycemia,10:29,629,https://members.simplenursing.com/wp-content/themes/simplenursing-app/images/videos/thumbnails/1.-Jaundice-Hypothermia-Hypoxia-Hypoglycemia-copy.webp,https://d1pumg6d5kr18o.cloudfront.net/new/maternity/newborn_6_complications_1_jaundice/newborn_6_complications_1_jaundice.m3u8,,0,18603,943,Maternity - Mother & Baby / Newborn Care / Newborn Complications
Maternity - Mother & Baby,Maternity - Mother & Baby / Newborn Care,Newborn Complications,newborn-complications-maternity,29m 51s,2,NEC - Necrotizing Enterocolitis,nec-necrotizing-enterocolitis,1:51,111,https://members.simplenursing.com/wp-content/themes/simplenursing-app/images/videos/thumbnails/2.-NEC-Necrotizing-Enterocolitis-copy.webp,https://d1pumg6d5kr18o.cloudfront.net/new/maternity/newborn_6_complications_2_nec_necrotizing_enterocolitis/newborn_6_complications_2_nec_necrotizing_enterocolitis.m3u8,,0,18604,944,Maternity - Mother & Baby / Newborn Care / Newborn Complications
Maternity - Mother & Baby,Maternity - Mother & Baby / Newborn Care,Newborn Complications,newborn-complications-maternity,29m 51s,3,FTT - Failure to Thrive,ftt-failure-to-thrive-2,2:43,163,https://members.simplenursing.com/wp-content/themes/simplenursing-app/images/videos/thumbnails/3.FTT-Failure-to-Thrive-copy.webp,https://d1pumg6d5kr18o.cloudfront.net/new/maternity/3_nc_6_newborn_complications_3_ftt_failure_to_thrive/3_nc_6_newborn_complications_3_ftt_failure_to_thrive.m3u8,,0,18700,945,Maternity - Mother & Baby / Newborn Care / Newborn Complications
Maternity - Mother & Baby,Maternity - Mother & Baby / Newborn Care,Newborn Complications,newborn-complications-maternity,29m 51s,4,FAS - Fetal Alcohol Syndrome,fas-fetal-alcohol-syndrome,3:24,204,https://members.simplenursing.com/wp-content/themes/simplenursing-app/images/videos/thumbnails/4.-FAS-Fetal-Alcohol-Syndrome-copy.webp,https://d1pumg6d5kr18o.cloudfront.net/new/maternity/newborn_6_complications_4_fas_fetal_alchol_syndrome/newborn_6_complications_4_fas_fetal_alchol_syndrome.m3u8,,0,18606,946,Maternity - Mother & Baby / Newborn Care / Newborn Complications
Maternity - Mother & Baby,Maternity - Mother & Baby / Newborn Care,Newborn Complications,newborn-complications-maternity,29m 51s,5,NAS - Neonatal Abstinence Syndrome,nas-neonatal-abstinence-syndrome,2:39,159,https://members.simplenursing.com/wp-content/themes/simplenursing-app/images/videos/thumbnails/5.-NAS-Neonatal-Abstinence-Syndrome-copy.webp,https://d1pumg6d5kr18o.cloudfront.net/new/maternity/newborn_6_complications_5_nas_neonatal_abstinence_syndrome/newborn_6_complications_5_nas_neonatal_abstinence_syndrome.m3u8,,0,18607,947,Maternity - Mother & Baby / Newborn Care / Newborn Complications
Maternity - Mother & Baby,Maternity - Mother & Baby / Newborn Care,Newborn Complications,newborn-complications-maternity,29m 51s,6,RDS - Respiratory Distress Syndrome,rds-respiratory-distress-syndrome,3:14,194,https://members.simplenursing.com/wp-content/themes/simplenursing-app/images/videos/thumbnails/6.RDS-Respiratory-Distress-Syndrome-copy.webp,https://d1pumg6d5kr18o.cloudfront.net/new/maternity/newborn_6_complications_6_rds_respiratory_distress_syndrome/newborn_6_complications_6_rds_respiratory_distress_syndrome.m3u8,,0,18608,948,Maternity - Mother & Baby / Newborn Care / Newborn Complications
Maternity - Mother & Baby,Maternity - Mother & Baby / Newborn Care,Newborn Complications,newborn-complications-maternity,29m 51s,7,SIDS,sids,3:24,204,https://members.simplenursing.com/wp-content/themes/simplenursing-app/images/videos/thumbnails/7.-SIDS-copy.webp,https://d1pumg6d5kr18o.cloudfront.net/new/maternity/newborn_6_complications_7_sids/newborn_6_complications_7_sids.m3u8,,0,18609,949,Maternity - Mother & Baby / Newborn Care / Newborn Complications
Maternity - Mother & Baby,Maternity - Mother & Baby / Newborn Care,Newborn Complications,newborn-complications-maternity,29m 51s,8,Neonatal Sepsis,neonatal-sepsis,2:07,127,https://members.simplenursing.com/wp-content/themes/simplenursing-app/images/videos/thumbnails/8.-Neonatal-Sepsis-copy.webp,https://d1pumg6d5kr18o.cloudfront.net/new/maternity/newborn_6_complications_8_neonatal_sepis/newborn_6_complications_8_neonatal_sepis.m3u8,,0,18610,950,Maternity - Mother & Baby / Newborn Care / Newborn Complications
Maternity - Mother & Baby,Maternity - Mother & Baby / Postpartum Care,Breastfeeding,breastfeeding-maternity,12m 58s,1,Breastfeeding,breastfeeding,12:58,778,https://members.simplenursing.com/wp-content/themes/simplenursing-app/images/videos/thumbnails/1.-Breastfeeding-copy.webp,https://d1pumg6d5kr18o.cloudfront.net/new/maternity/postpartum_1_breastfeeding/postpartum_1_breastfeeding.m3u8,,0,18611,951,Maternity - Mother & Baby / Postpartum Care / Breastfeeding
Maternity - Mother & Baby,Maternity - Mother & Baby / Postpartum Care,Baby Blues & Postpartum Depression,baby-blues-postpartum-depression-maternity,6m 48s,1,Baby Blues & Postpartum Depression,baby-blues-postpartum-depression,6:48,408,https://members.simplenursing.com/wp-content/themes/simplenursing-app/images/videos/thumbnails/1.-Baby-Blues-Postpartum-Depression-copy.webp,https://d1pumg6d5kr18o.cloudfront.net/new/maternity/postpartum_2_baby_blues_postpartum_depression/postpartum_2_baby_blues_postpartum_depression.m3u8,,0,18612,952,Maternity - Mother & Baby / Postpartum Care / Baby Blues & Postpartum Depression
Maternity - Mother & Baby,Maternity - Mother & Baby / Postpartum Care,Postpartum Assessment,postpartum-assessment-maternity,17m 22s,1,Postpartum Assessment,postpartum-assessment-2,17:22,1042,https://members.simplenursing.com/wp-content/themes/simplenursing-app/images/videos/thumbnails/1.-Postpartum-Assessment-copy.webp,https://d1pumg6d5kr18o.cloudfront.net/new/maternity/4_postpartum_care_1_postpartum_assessment/4_postpartum_care_1_postpartum_assessment.m3u8,,0,18701,953,Maternity - Mother & Baby / Postpartum Care / Postpartum Assessment
Maternity - Mother & Baby,Maternity - Mother & Baby / Postpartum Care,Postpartum Complications,postpartum-complications-maternity,1h 15m,1,Full Video - Postpartum Complications,full-video-postpartum-complications,38:09,2289,https://members.simplenursing.com/wp-content/themes/simplenursing-app/images/videos/thumbnails/1.-Full-Video-Postpartum-Complications-copy.webp,https://d1pumg6d5kr18o.cloudfront.net/new/maternity/postpartum_4_complications_1_full_video_complications/postpartum_4_complications_1_full_video_complications.m3u8,,0,18614,954,Maternity - Mother & Baby / Postpartum Care / Postpartum Complications
Maternity - Mother & Baby,Maternity - Mother & Baby / Postpartum Care,Postpartum Complications,postpartum-complications-maternity,1h 15m,2,Endometritis,endometritis,5:23,323,https://members.simplenursing.com/wp-content/themes/simplenursing-app/images/videos/thumbnails/2.-Endometritis-copy.webp,https://d1pumg6d5kr18o.cloudfront.net/new/maternity/postpartum_4_complications_2_endometritis/postpartum_4_complications_2_endometritis.m3u8,,0,18615,955,Maternity - Mother & Baby / Postpartum Care / Postpartum Complications
Maternity - Mother & Baby,Maternity - Mother & Baby / Postpartum Care,Postpartum Complications,postpartum-complications-maternity,1h 15m,3,Mastitis,mastitis,2:35,155,https://members.simplenursing.com/wp-content/themes/simplenursing-app/images/videos/thumbnails/3.-Mastitis-copy.webp,https://d1pumg6d5kr18o.cloudfront.net/new/maternity/postpartum_4_complications_3_mastitis/postpartum_4_complications_3_mastitis.m3u8,,0,18616,956,Maternity - Mother & Baby / Postpartum Care / Postpartum Complications
Maternity - Mother & Baby,Maternity - Mother & Baby / Postpartum Care,Postpartum Complications,postpartum-complications-maternity,1h 15m,4,UTI,uti-maternity,1:28,88,https://members.simplenursing.com/wp-content/themes/simplenursing-app/images/videos/thumbnails/4.-UTI-copy.webp,https://d1pumg6d5kr18o.cloudfront.net/new/maternity/postpartum_4_complications_4_uti/postpartum_4_complications_4_uti.m3u8,,0,18617,957,Maternity - Mother & Baby / Postpartum Care / Postpartum Complications
Maternity - Mother & Baby,Maternity - Mother & Baby / Postpartum Care,Postpartum Complications,postpartum-complications-maternity,1h 15m,5,UTI Song,uti-song,3:44,224,https://members.simplenursing.com/wp-content/themes/simplenursing-app/images/videos/thumbnails/5.-UTI-Song-copy.webp,https://d1pumg6d5kr18o.cloudfront.net/new/maternity/postpartum_4_complications_5_uti_song/postpartum_4_complications_5_uti_song.m3u8,,0,18618,958,Maternity - Mother & Baby / Postpartum Care / Postpartum Complications
Maternity - Mother & Baby,Maternity - Mother & Baby / Postpartum Care,Postpartum Complications,postpartum-complications-maternity,1h 15m,6,DVT,dvt,3:41,221,https://members.simplenursing.com/wp-content/themes/simplenursing-app/images/videos/thumbnails/6.-DVT-copy.webp,https://d1pumg6d5kr18o.cloudfront.net/new/maternity/postpartum_4_complications_6_dvt/postpartum_4_complications_6_dvt.m3u8,,0,18619,959,Maternity - Mother & Baby / Postpartum Care / Postpartum Complications
Maternity - Mother & Baby,Maternity - Mother & Baby / Postpartum Care,Postpartum Complications,postpartum-complications-maternity,1h 15m,7,PE - Pulm. Embolism,pe-pulm-embolism,8:57,537,https://members.simplenursing.com/wp-content/themes/simplenursing-app/images/videos/thumbnails/7.-PE-Pulm.-Embolism-copy.webp,https://d1pumg6d5kr18o.cloudfront.net/new/maternity/postpartum_4_complications_7_pe_pulm_embolism/postpartum_4_complications_7_pe_pulm_embolism.m3u8,,0,18620,960,Maternity - Mother & Baby / Postpartum Care / Postpartum Complications
Maternity - Mother & Baby,Maternity - Mother & Baby / Postpartum Care,Postpartum Complications,postpartum-complications-maternity,1h 15m,8,Vaginal Hematoma,vaginal-hematoma,1:39,99,https://members.simplenursing.com/wp-content/themes/simplenursing-app/images/videos/thumbnails/8.-Vaginal-Hematoma-copy.webp,https://d1pumg6d5kr18o.cloudfront.net/new/maternity/postpartum_4_complications_8_vaginal_hematoma/postpartum_4_complications_8_vaginal_hematoma.m3u8,,0,18621,961,Maternity - Mother & Baby / Postpartum Care / Postpartum Complications
Maternity - Mother & Baby,Maternity - Mother & Baby / Postpartum Care,Postpartum Complications,postpartum-complications-maternity,1h 15m,9,Postpartum Hemorrhage,postpartum-hemorrhage,10:00,600,https://members.simplenursing.com/wp-content/themes/simplenursing-app/images/videos/thumbnails/1.-Postpartum-Hemorrhage-copy.webp,https://d1pumg6d5kr18o.cloudfront.net/new/maternity/postpartum_4_complications_9_postpartum_hemorrhage/postpartum_4_complications_9_postpartum_hemorrhage.m3u8,,0,18622,962,Maternity - Mother & Baby / Postpartum Care / Postpartum Complications
Maternity - Mother & Baby,Maternity - Mother & Baby / Postpartum Care,Postpartum Hemorrhage,postpartum-hemorrhage-maternity,10m,1,Postpartum Hemorrhage,postpartum-hemorrhage,10:00,600,https://members.simplenursing.com/wp-content/themes/simplenursing-app/images/videos/thumbnails/1.-Postpartum-Hemorrhage-copy.webp,https://d1pumg6d5kr18o.cloudfront.net/new/maternity/postpartum_4_complications_9_postpartum_hemorrhage/postpartum_4_complications_9_postpartum_hemorrhage.m3u8,,0,18622,963,Maternity - Mother & Baby / Postpartum Care / Postpartum Hemorrhage
Pediatrics,Pediatrics,Assessment & Vital Signs,assessment-vital-signs-pediatrics,34m 42s,1,Pain Scale Assessment (Pediatrics),pain-scale-assessment-pediatrics,2:43,163,https://members.simplenursing.com/wp-content/themes/simplenursing-app/images/videos/thumbnails/Pediatrics-Pain-Scale-Assessment.webp,https://d1pumg6d5kr18o.cloudfront.net/new/pediatrics/1_assessment_vital_signs_1_pain_scale_assessment_pediatrics)/1_assessment_vital_signs_1_pain_scale_assessment_pediatrics).m3u8,,0,17738,964,Pediatrics / Assessment & Vital Signs
Pediatrics,Pediatrics,Assessment & Vital Signs,assessment-vital-signs-pediatrics,34m 42s,2,Physical Examination (Pediatrics),physical-examination-pediatrics,25:04,1504,https://members.simplenursing.com/wp-content/themes/simplenursing-app/images/videos/thumbnails/Pediatrics-Physical-Examination.webp,https://d1pumg6d5kr18o.cloudfront.net/new/pediatrics/1_assessment_vital_signs_2_physical_examination_pediatrics)/1_assessment_vital_signs_2_physical_examination_pediatrics).m3u8,,0,17739,965,Pediatrics / Assessment & Vital Signs
Pediatrics,Pediatrics,Assessment & Vital Signs,assessment-vital-signs-pediatrics,34m 42s,3,Pediatric Vital Signs (Pediatrics),pediatric-vital-signs-pediatrics,6:55,415,https://members.simplenursing.com/wp-content/themes/simplenursing-app/images/videos/thumbnails/Pediatrics-Pediatric-Vital-Signs.webp,https://d1pumg6d5kr18o.cloudfront.net/new/pediatrics/1_assessment_vital_signs_3_pediatric_vital_signs_pediatrics)/1_assessment_vital_signs_3_pediatric_vital_signs_pediatrics).m3u8,,0,17740,966,Pediatrics / Assessment & Vital Signs
Pediatrics,Pediatrics,Developmental Stages & Milestones,developmental-stages-milestones-pediatrics,55m 33s,1,Developmental Milestones & communication,developmental-milestones-communication,24:21,1461,https://members.simplenursing.com/wp-content/themes/simplenursing-app/images/videos/thumbnails/Pediatrics-Developmental-Milestones-and-Communication.webp,https://d1pumg6d5kr18o.cloudfront.net/new/pediatrics/2_stages_of_development_assessment_1_developmental_milestones_communication/2_stages_of_development_assessment_1_developmental_milestones_communication.m3u8,,0,17741,967,Pediatrics / Developmental Stages & Milestones
Pediatrics,Pediatrics,Developmental Stages & Milestones,developmental-stages-milestones-pediatrics,55m 33s,2,Erikson’s Model,eriksons-model,7:50,470,https://members.simplenursing.com/wp-content/themes/simplenursing-app/images/videos/thumbnails/Pediatrics-Erikson_s-Model.webp,https://d1pumg6d5kr18o.cloudfront.net/new/pediatrics/2_stages_of_development_assessment_2_eriksons_model/2_stages_of_development_assessment_2_eriksons_model.m3u8,,0,17742,968,Pediatrics / Developmental Stages & Milestones
Pediatrics,Pediatrics,Developmental Stages & Milestones,developmental-stages-milestones-pediatrics,55m 33s,3,Piaget Theory,piaget-theory,8:13,493,https://members.simplenursing.com/wp-content/themes/simplenursing-app/images/videos/thumbnails/Pediatrics-Piaget-Theory.webp,https://d1pumg6d5kr18o.cloudfront.net/new/pediatrics/2_stages_of_development_assessment_3_piaget_theory/2_stages_of_development_assessment_3_piaget_theory.m3u8,,0,17743,969,Pediatrics / Developmental Stages & Milestones
Pediatrics,Pediatrics,Developmental Stages & Milestones,developmental-stages-milestones-pediatrics,55m 33s,4,Play Types & Toys,play-types-toys,11:25,685,https://members.simplenursing.com/wp-content/themes/simplenursing-app/images/videos/thumbnails/Pediatrics-Play-Types-and-Toys.webp,https://d1pumg6d5kr18o.cloudfront.net/new/pediatrics/2_stages_of_development_assessment_4_play_type_toys/2_stages_of_development_assessment_4_play_type_toys.m3u8,,0,17744,970,Pediatrics / Developmental Stages & Milestones
Pediatrics,Pediatrics,Developmental Stages & Milestones,developmental-stages-milestones-pediatrics,55m 33s,5,Toilet Training,toilet-training,3:44,224,https://members.simplenursing.com/wp-content/themes/simplenursing-app/images/videos/thumbnails/Pediatrics-Toilet-Training.webp,https://d1pumg6d5kr18o.cloudfront.net/new/pediatrics/2_stages_of_development_assessment_5_toilet_training/2_stages_of_development_assessment_5_toilet_training.m3u8,,0,17745,971,Pediatrics / Developmental Stages & Milestones
Pediatrics,Pediatrics / Cardiac (Child Health),Congenital Heart Defects,congenital-heart-defects-pediatrics,1h 2m,1,Congenital Heart Defects - Full Video,congenital-heart-defects-full-video,32:54,1974,https://members.simplenursing.com/wp-content/themes/simplenursing-app/images/videos/thumbnails/1.-Congenital-Heart-Defects-Full-Video-copy.webp,https://d1pumg6d5kr18o.cloudfront.net/new/pediatrics/pediatric_videos_3_cardiac_1_congenital_heart_defects_1_congenital_heart_defects___full_video/congenital_heart_defects___full_video.m3u8,,0,17594,972,Pediatrics / Cardiac (Child Health) / Congenital Heart Defects
Pediatrics,Pediatrics / Cardiac (Child Health),Congenital Heart Defects,congenital-heart-defects-pediatrics,1h 2m,2,Complications (hypoxia & CHF),complications-hypoxia-chf,6:23,383,https://members.simplenursing.com/wp-content/themes/simplenursing-app/images/videos/thumbnails/2.-Complications-hypoxia-CHF-copy.webp,https://d1pumg6d5kr18o.cloudfront.net/new/pediatrics/pediatric_videos_3_cardiac_1_congenital_heart_defects_2_complications_hypoxia_chf/pediatric_videos_3_cardiac_1_congenital_heart_defects_2_complications_hypoxia_chf.m3u8,,0,17593,973,Pediatrics / Cardiac (Child Health) / Congenital Heart Defects
Pediatrics,Pediatrics / Cardiac (Child Health),Congenital Heart Defects,congenital-heart-defects-pediatrics,1h 2m,3,"TOF - Tetralogy of Fallot, TGA & more",tof-tetralogy-of-fallot-tga-more,7:10,430,https://members.simplenursing.com/wp-content/themes/simplenursing-app/images/videos/thumbnails/3.-TOF-Tetralogy-of-Fallot-TGA-more-copy.webp,https://d1pumg6d5kr18o.cloudfront.net/new/pediatrics/pediatric_videos_3_cardiac_1_congenital_heart_defects_3_tof_tetralogy/pediatric_videos_3_cardiac_1_congenital_heart_defects_3_tof_tetralogy.m3u8,,0,17595,974,Pediatrics / Cardiac (Child Health) / Congenital Heart Defects
Pediatrics,Pediatrics / Cardiac (Child Health),Congenital Heart Defects,congenital-heart-defects-pediatrics,1h 2m,4,"ASD, VSD, PDA, AVSD",asd-vsd-pad-avsd,4:31,271,https://members.simplenursing.com/wp-content/themes/simplenursing-app/images/videos/thumbnails/4.-ASD-VSD-PDA-AVSD-copy.webp,"https://d1pumg6d5kr18o.cloudfront.net/new/pediatrics/pediatric_videos_3_cardiac_1_congenital_heart_defects_4_asd,_vsd,_pad,_avsd/pediatric_videos_3_cardiac_1_congenital_heart_defects_4_asd,_vsd,_pad,_avsd.m3u8",,0,17596,975,Pediatrics / Cardiac (Child Health) / Congenital Heart Defects
Pediatrics,Pediatrics / Cardiac (Child Health),Congenital Heart Defects,congenital-heart-defects-pediatrics,1h 2m,5,Pulmonic Stenosis & Aortic Stenosis,pulmonic-stenosis-aortic-stenosis,2:56,176,https://members.simplenursing.com/wp-content/themes/simplenursing-app/images/videos/thumbnails/5.-Pulmonic-Stenosis-Aortic-Stenosis-copy.webp,https://d1pumg6d5kr18o.cloudfront.net/new/pediatrics/pediatric_videos_3_cardiac_1_congenital_heart_defects_5_pulmonic_stenosis_aortic_stenosis/pediatric_videos_3_cardiac_1_congenital_heart_defects_5_pulmonic_stenosis_aortic_stenosis.m3u8,,0,17597,976,Pediatrics / Cardiac (Child Health) / Congenital Heart Defects
Pediatrics,Pediatrics / Cardiac (Child Health),Congenital Heart Defects,congenital-heart-defects-pediatrics,1h 2m,6,COA - Coarctation of the Aorta,coa-coarctation-of-the-aorta,1:08,68,https://members.simplenursing.com/wp-content/themes/simplenursing-app/images/videos/thumbnails/6.-COA-Coarctation-of-the-Aorta-copy.webp,https://d1pumg6d5kr18o.cloudfront.net/new/pediatrics/pediatric_videos_3_cardiac_1_congenital_heart_defects_6_coa___coarctation_of_the_aorta/pediatric_videos_3_cardiac_1_congenital_heart_defects_6_coa___coarctation_of_the_aorta.m3u8,,0,17598,977,Pediatrics / Cardiac (Child Health) / Congenital Heart Defects
Pediatrics,Pediatrics / Cardiac (Child Health),Congenital Heart Defects,congenital-heart-defects-pediatrics,1h 2m,7,Cardiac Catheterization,cardiac-catheterization,2:42,162,https://members.simplenursing.com/wp-content/themes/simplenursing-app/images/videos/thumbnails/7.-Cardiac-Catheterization-copy.webp,https://d1pumg6d5kr18o.cloudfront.net/new/pediatrics/pediatric_videos_3_cardiac_1_congenital_heart_defects_7_cardiac_catheterization/pediatric_videos_3_cardiac_1_congenital_heart_defects_7_cardiac_catheterization.m3u8,,0,17599,978,Pediatrics / Cardiac (Child Health) / Congenital Heart Defects
Pediatrics,Pediatrics / Cardiac (Child Health),Congenital Heart Defects,congenital-heart-defects-pediatrics,1h 2m,8,Chest Tube Monitoring (pediatrics),chest-tube-monitoring-pediatrics,4:39,279,https://members.simplenursing.com/wp-content/themes/simplenursing-app/images/videos/thumbnails/8.-Chest-Tube-Monitoring-pediatrics-copy.webp,https://d1pumg6d5kr18o.cloudfront.net/new/pediatrics/pediatric_videos_3_cardiac_1_congenital_heart_defects_8_chest_tube_monitoring_pediatrics/pediatric_videos_3_cardiac_1_congenital_heart_defects_8_chest_tube_monitoring_pediatrics.m3u8,,0,17600,979,Pediatrics / Cardiac (Child Health) / Congenital Heart Defects
Pediatrics,Pediatrics / Cardiac (Child Health),Heart Failure,heart-failure-pediatrics,36m 59s,1,Heart Failure Pediatrics - Full Video,heart-failure-pediatrics-full-video,18:33,1113,https://members.simplenursing.com/wp-content/themes/simplenursing-app/images/videos/thumbnails/1.-Heart-Failure-Pediatrics-Full-Video-copy.webp,https://d1pumg6d5kr18o.cloudfront.net/new/pediatrics/3_pediatrics_1_heart_failure_pediatrics_full_video/3_pediatrics_1_heart_failure_pediatrics_full_video.m3u8,,0,17601,980,Pediatrics / Cardiac (Child Health) / Heart Failure
Pediatrics,Pediatrics / Cardiac (Child Health),Heart Failure,heart-failure-pediatrics,36m 59s,2,Heart Failure Pediatrics - Pathophysiology,heart-failure-pediatrics-pathophysiology,0:59,59,https://members.simplenursing.com/wp-content/themes/simplenursing-app/images/videos/thumbnails/2.-Heart-Failure-Pediatrics-Pathophysiology-copy.webp,https://d1pumg6d5kr18o.cloudfront.net/new/pediatrics/pediatric_videos_3_cardiac_2_heart_failure_2_heart_failure_pediatrics___pathophysiology/pediatric_videos_3_cardiac_2_heart_failure_2_heart_failure_pediatrics___pathophysiology.m3u8,,0,17602,981,Pediatrics / Cardiac (Child Health) / Heart Failure
Pediatrics,Pediatrics / Cardiac (Child Health),Heart Failure,heart-failure-pediatrics,36m 59s,3,Heart Failure Pediatrics - Signs & Symptoms,heart-failure-pediatrics-signs-symptoms,3:52,232,https://members.simplenursing.com/wp-content/themes/simplenursing-app/images/videos/thumbnails/3.-Heart-Failure-Pediatrics-Signs-Symptoms-copy.webp,https://d1pumg6d5kr18o.cloudfront.net/new/pediatrics/pediatric_videos_3_cardiac_2_heart_failure_3_heart_failure_pediatrics___signs_symptoms/pediatric_videos_3_cardiac_2_heart_failure_3_heart_failure_pediatrics___signs_symptoms.m3u8,,0,17603,982,Pediatrics / Cardiac (Child Health) / Heart Failure
Pediatrics,Pediatrics / Cardiac (Child Health),Heart Failure,heart-failure-pediatrics,36m 59s,4,Heart Failure Pediatrics - Pharmacology,heart-failure-pediatrics-pharmacology,13:35,815,https://members.simplenursing.com/wp-content/themes/simplenursing-app/images/videos/thumbnails/4.-Heart-Failure-Pediatrics-Pharmacology-copy.webp,https://d1pumg6d5kr18o.cloudfront.net/new/pediatrics/3_pediatrics_2_heart_failure_pediatrics_pharmacology/3_pediatrics_2_heart_failure_pediatrics_pharmacology.m3u8,,0,17604,983,Pediatrics / Cardiac (Child Health) / Heart Failure
Pediatrics,Pediatrics / Cardiac (Child Health),Kawasaki Disease,kawasaki-disease-pediatrics,4m 6s,1,Kawasaki Disease,kawasaki-disease,4:06,246,https://members.simplenursing.com/wp-content/themes/simplenursing-app/images/videos/thumbnails/1.-Kawasaki-Disease-copy.webp,https://d1pumg6d5kr18o.cloudfront.net/new/pediatrics/pediatric_videos_3_cardiac_4_kawasaki_disease_v2/pediatric_videos_3_cardiac_4_kawasaki_disease_v2.m3u8,,0,17605,984,Pediatrics / Cardiac (Child Health) / Kawasaki Disease
Pediatrics,Pediatrics / Cardiac (Child Health),Rheumatic Fever,rheumatic-fever-pediatrics,2m 52s,1,Rheumatic Fever,rheumatic-fever,2:52,172,https://members.simplenursing.com/wp-content/themes/simplenursing-app/images/videos/thumbnails/1.-Rheumatic-Fever-copy.webp,https://d1pumg6d5kr18o.cloudfront.net/new/pediatrics/pediatric_videos_3_cardiac_3_rheumatic_fever/pediatric_videos_3_cardiac_3_rheumatic_fever.m3u8,,0,17606,985,Pediatrics / Cardiac (Child Health) / Rheumatic Fever
Pediatrics,Pediatrics,Dehydration & Diarrhea,dehydration-diarrhea-pediatrics,10m 47s,1,Dehydration & Diarrhea - Full Video,dehydration-diarrhea-full-video,6:11,371,https://members.simplenursing.com/wp-content/themes/simplenursing-app/images/videos/thumbnails/1.-Dehydration-Diarrhea-Full-Video-copy.webp,https://d1pumg6d5kr18o.cloudfront.net/new/pediatrics/pediatric_videos_4_dehydration_diarrhea_1_diarrhea_dehydration___full_video/pediatric_videos_4_dehydration_diarrhea_1_diarrhea_dehydration___full_video.m3u8,,0,17607,986,Pediatrics / Dehydration & Diarrhea
Pediatrics,Pediatrics,Dehydration & Diarrhea,dehydration-diarrhea-pediatrics,10m 47s,2,Dehydration & Diarrhea - Signs & Symptoms,dehydration-diarrhea-signs-symptoms,1:47,107,https://members.simplenursing.com/wp-content/themes/simplenursing-app/images/videos/thumbnails/2.-Dehydration-Diarrhea-Signs-Symptoms-copy.webp,https://d1pumg6d5kr18o.cloudfront.net/new/pediatrics/pediatric_videos_4_dehydration_diarrhea_2_dehydration_diarrhea___signs_symptoms/pediatric_videos_4_dehydration_diarrhea_2_dehydration_diarrhea___signs_symptoms.m3u8,,0,17608,987,Pediatrics / Dehydration & Diarrhea
Pediatrics,Pediatrics,Dehydration & Diarrhea,dehydration-diarrhea-pediatrics,10m 47s,3,Dehydration & Diarrhea - Interventions,dehydration-diarrhea-interventions,2:49,169,https://members.simplenursing.com/wp-content/themes/simplenursing-app/images/videos/thumbnails/3.-Dehydration-Diarrhea-Interventions-copy.webp,https://d1pumg6d5kr18o.cloudfront.net/new/pediatrics/pediatric_videos_4_dehydration_diarrhea_3_dehydration_diarrhea___interventions/pediatric_videos_4_dehydration_diarrhea_3_dehydration_diarrhea___interventions.m3u8,,0,17609,988,Pediatrics / Dehydration & Diarrhea
Pediatrics,Pediatrics / Endocrine (Child Health),Diabetes (Pediatrics),diabetes-pediatrics,1h 6m,1,Diabetes Pediatrics - Full Video,diabetes-pediatrics-full-video,33:29,2009,https://members.simplenursing.com/wp-content/themes/simplenursing-app/images/videos/thumbnails/1.-Diabetes-Pediatrics-Full-Video-copy.webp,https://d1pumg6d5kr18o.cloudfront.net/new/pediatrics/pediatric_videos_5_endocrine_1_diabetes_pediatrics_1_diabetes_pediatrics___full_video/pediatric_videos_5_endocrine_1_diabetes_pediatrics_1_diabetes_pediatrics___full_video.m3u8,,0,17610,989,Pediatrics / Endocrine (Child Health) / Diabetes (Pediatrics)
Pediatrics,Pediatrics / Endocrine (Child Health),Diabetes (Pediatrics),diabetes-pediatrics,1h 6m,2,Diabetes Pediatrics - Pathophysiology,diabetes-pediatrics-pathophysiology,7:11,431,https://members.simplenursing.com/wp-content/themes/simplenursing-app/images/videos/thumbnails/2.-Diabetes-Pediatrics-Pathophysiology-copy.webp,https://d1pumg6d5kr18o.cloudfront.net/new/pediatrics/pediatric_videos_5_endocrine_1_diabetes_pediatrics_2_diabetes_pediatrics___pathophysiology/pediatric_videos_5_endocrine_1_diabetes_pediatrics_2_diabetes_pediatrics___pathophysiology.m3u8,,0,17611,990,Pediatrics / Endocrine (Child Health) / Diabetes (Pediatrics)
Pediatrics,Pediatrics / Endocrine (Child Health),Diabetes (Pediatrics),diabetes-pediatrics,1h 6m,3,Diabetes Pediatrics - Signs & Symptoms,diabetes-pediatrics-signs-symptoms,7:51,471,https://members.simplenursing.com/wp-content/themes/simplenursing-app/images/videos/thumbnails/3.-Diabetes-Pediatrics-Signs-Symptoms-copy.webp,https://d1pumg6d5kr18o.cloudfront.net/new/pediatrics/pediatric_videos_5_endocrine_1_diabetes_pediatrics_3_diabetes_pediatrics___signs_symptoms/pediatric_videos_5_endocrine_1_diabetes_pediatrics_3_diabetes_pediatrics___signs_symptoms.m3u8,,0,17612,991,Pediatrics / Endocrine (Child Health) / Diabetes (Pediatrics)
Pediatrics,Pediatrics / Endocrine (Child Health),Diabetes (Pediatrics),diabetes-pediatrics,1h 6m,4,Diabetes Pediatrics - Pharmacology,diabetes-pediatrics-pharmacology,12:51,771,https://members.simplenursing.com/wp-content/themes/simplenursing-app/images/videos/thumbnails/4.-Diabetes-Pediatrics-Pharmacology-copy.webp,https://d1pumg6d5kr18o.cloudfront.net/new/pediatrics/pediatric_videos_5_endocrine_1_diabetes_pediatrics_4_diabetes_pediatrics___pharmacology/pediatric_videos_5_endocrine_1_diabetes_pediatrics_4_diabetes_pediatrics___pharmacology.m3u8,,0,17613,992,Pediatrics / Endocrine (Child Health) / Diabetes (Pediatrics)
Pediatrics,Pediatrics / Endocrine (Child Health),Diabetes (Pediatrics),diabetes-pediatrics,1h 6m,5,Diabetes Pediatrics - Education,diabetes-pediatrics-education,5:33,333,https://members.simplenursing.com/wp-content/themes/simplenursing-app/images/videos/thumbnails/5.-Diabetes-Pediatrics-Education-copy.webp,https://d1pumg6d5kr18o.cloudfront.net/new/pediatrics/pediatric_videos_5_endocrine_1_diabetes_pediatrics_5_diabetes_pediatrics___education/pediatric_videos_5_endocrine_1_diabetes_pediatrics_5_diabetes_pediatrics___education.m3u8,,0,17614,993,Pediatrics / Endocrine (Child Health) / Diabetes (Pediatrics)
Pediatrics,Pediatrics / Endocrine (Child Health),DKA & HHNS (Pediatrics),dka-hhns-pediatrics,33m 18s,1,DKA & HHNS Pediatrics - Full Video,dka-hhns-pediatrics-full-video,16:51,1011,https://members.simplenursing.com/wp-content/themes/simplenursing-app/images/videos/thumbnails/1.-DKA-HHNS-Pediatrics-Full-Video-copy.webp,https://d1pumg6d5kr18o.cloudfront.net/new/pediatrics/pediatric_videos_5_endocrine_2_dka_hhns_pediatrics_1_dka_vs_hhns_pediatrics___full_video/pediatric_videos_5_endocrine_2_dka_hhns_pediatrics_1_dka_vs_hhns_pediatrics___full_video.m3u8,,0,17615,994,Pediatrics / Endocrine (Child Health) / DKA & HHNS (Pediatrics)
Pediatrics,Pediatrics / Endocrine (Child Health),DKA & HHNS (Pediatrics),dka-hhns-pediatrics,33m 18s,2,DKA & HHNS Pediatrics - Patho & Signs,dka-hhns-pediatrics-patho-signs,7:28,448,https://members.simplenursing.com/wp-content/themes/simplenursing-app/images/videos/thumbnails/2.-DKA-HHNS-Pediatrics-Patho-Signs-copy.webp,https://d1pumg6d5kr18o.cloudfront.net/new/pediatrics/pediatric_videos_5_endocrine_2_dka_hhns_pediatrics_2_dka_hhns_pediatrics___patho_signs/pediatric_videos_5_endocrine_2_dka_hhns_pediatrics_2_dka_hhns_pediatrics___patho_signs.m3u8,,0,17616,995,Pediatrics / Endocrine (Child Health) / DKA & HHNS (Pediatrics)
Pediatrics,Pediatrics / Endocrine (Child Health),DKA & HHNS (Pediatrics),dka-hhns-pediatrics,33m 18s,3,DKA Pediatrics - Treatments,dka-pediatrics-treatments,6:43,403,https://members.simplenursing.com/wp-content/themes/simplenursing-app/images/videos/thumbnails/3.-DKA-Pediatrics-Treatments-copy.webp,https://d1pumg6d5kr18o.cloudfront.net/new/pediatrics/pediatric_videos_5_endocrine_2_dka_hhns_pediatrics_3_dka_pediatrics___treatments/pediatric_videos_5_endocrine_2_dka_hhns_pediatrics_3_dka_pediatrics___treatments.m3u8,,0,17617,996,Pediatrics / Endocrine (Child Health) / DKA & HHNS (Pediatrics)
Pediatrics,Pediatrics / Endocrine (Child Health),DKA & HHNS (Pediatrics),dka-hhns-pediatrics,33m 18s,4,HHNS Pediatrics - Treatments,hhns-pediatrics-treatments,2:16,136,https://members.simplenursing.com/wp-content/themes/simplenursing-app/images/videos/thumbnails/4.-HHNS-Pediatrics-Treatments-copy.webp,https://d1pumg6d5kr18o.cloudfront.net/new/pediatrics/pediatric_videos_5_endocrine_2_dka_hhns_pediatrics_4_hhns_pediatrics___treatments/pediatric_videos_5_endocrine_2_dka_hhns_pediatrics_4_hhns_pediatrics___treatments.m3u8,,0,17618,997,Pediatrics / Endocrine (Child Health) / DKA & HHNS (Pediatrics)
Pediatrics,Pediatrics / Endocrine (Child Health),Hypopituitarism & Hyperpituitarism,hypopituitarism-hyperpituitarism-pediatrics,5m 19s,1,Hypo & Hyperpituitarism Pediatrics - Full Video,hypo-hyperpituitarism-pediatrics-full-video,2:54,174,https://members.simplenursing.com/wp-content/themes/simplenursing-app/images/videos/thumbnails/1.-Hypo-Hyperpituitarism-Pediatrics-Full-Video-copy.webp,https://d1pumg6d5kr18o.cloudfront.net/new/pediatrics/pediatric_videos_5_endocrine_3_hypopituitarism_hyperpituitarism_1_hypo_hyperpituitarism___full_video/hypo_hyperpituitarism___full_video.m3u8,,0,17619,998,Pediatrics / Endocrine (Child Health) / Hypopituitarism & Hyperpituitarism
Pediatrics,Pediatrics / Endocrine (Child Health),Hypopituitarism & Hyperpituitarism,hypopituitarism-hyperpituitarism-pediatrics,5m 19s,2,Hypopituitarism - Pediatrics,hypopituitarism-pediatrics,1:22,82,https://members.simplenursing.com/wp-content/themes/simplenursing-app/images/videos/thumbnails/2.-Hypopituitarism-Pediatrics-copy.webp,https://d1pumg6d5kr18o.cloudfront.net/new/pediatrics/pediatric_videos_5_endocrine_3_hypopituitarism_hyperpituitarism_2_hypopituitarism___pediatrics/hypopituitarism___pediatrics.m3u8,,0,17620,999,Pediatrics / Endocrine (Child Health) / Hypopituitarism & Hyperpituitarism
Pediatrics,Pediatrics / Endocrine (Child Health),Hypopituitarism & Hyperpituitarism,hypopituitarism-hyperpituitarism-pediatrics,5m 19s,3,Hyperpituitarism - Pediatrics,hyperpituitarism-pediatrics,1:03,63,https://members.simplenursing.com/wp-content/themes/simplenursing-app/images/videos/thumbnails/3.-Hyperpituitarism-Pediatrics-copy.webp,https://d1pumg6d5kr18o.cloudfront.net/new/pediatrics/pediatric_videos_5_endocrine_3_hypopituitarism_hyperpituitarism_3_hyperpituitarism___pediatrics/hyperpituitarism___pediatrics.m3u8,,0,17621,1000,Pediatrics / Endocrine (Child Health) / Hypopituitarism & Hyperpituitarism
Pediatrics,Pediatrics / Endocrine (Child Health),Hyperthyroid & Hypothyroidism,hyperthyroid-hypothyroidism-pediatrics,43m 54s,1,Hyperthyroidism & Hypo Pediatrics - Full Video,hyperthyroidism-hypo-pediatrics-full-video,22:15,1335,https://members.simplenursing.com/wp-content/themes/simplenursing-app/images/videos/thumbnails/1.-Hyperthyroidism-Hypo-Pediatrics-Full-Video-copy.webp,https://d1pumg6d5kr18o.cloudfront.net/new/pediatrics/pediatric_videos_5_endocrine_4_hyperthyroid_hypothyroidism_1_hyperthyroidism_hypo___pediatric_full_video/hyperthyroidism_hypo___pediatric_full_video.m3u8,,0,17622,1001,Pediatrics / Endocrine (Child Health) / Hyperthyroid & Hypothyroidism
Pediatrics,Pediatrics / Endocrine (Child Health),Hyperthyroid & Hypothyroidism,hyperthyroid-hypothyroidism-pediatrics,43m 54s,2,Hyper & Hypothyroidism Peds - Patho,hyper-hypothyroidism-peds-patho,3:49,229,https://members.simplenursing.com/wp-content/themes/simplenursing-app/images/videos/thumbnails/2.-Hyper-Hypothyroidism-Peds-Patho-copy.webp,https://d1pumg6d5kr18o.cloudfront.net/new/pediatrics/pediatric_videos_5_endocrine_4_hyperthyroid_hypothyroidism_2_hyper_hypothyroidism_peds___patho/hyper_hypothyroidism_peds___patho.m3u8,,0,17623,1002,Pediatrics / Endocrine (Child Health) / Hyperthyroid & Hypothyroidism
Pediatrics,Pediatrics / Endocrine (Child Health),Hyperthyroid & Hypothyroidism,hyperthyroid-hypothyroidism-pediatrics,43m 54s,3,Hyper & Hypothyroidism Peds - Signs & Symptoms,hyper-hypothyroidism-peds-signs-symptoms,8:49,529,https://members.simplenursing.com/wp-content/themes/simplenursing-app/images/videos/thumbnails/3.-Hyper-Hypothyroidism-Peds-Signs-Symptoms-copy.webp,https://d1pumg6d5kr18o.cloudfront.net/new/pediatrics/pediatric_videos_5_endocrine_4_hyperthyroid_hypothyroidism_3_hyper_hypothyroidism_peds___signs_symptoms/hyper_hypothyroidism_peds___signs_symptoms.m3u8,,0,17624,1003,Pediatrics / Endocrine (Child Health) / Hyperthyroid & Hypothyroidism
Pediatrics,Pediatrics / Endocrine (Child Health),Hyperthyroid & Hypothyroidism,hyperthyroid-hypothyroidism-pediatrics,43m 54s,4,Hyper & Hypothyroidism Peds - Treatments,hyper-hypothyroidism-peds-treatments,9:01,541,https://members.simplenursing.com/wp-content/themes/simplenursing-app/images/videos/thumbnails/4.-Hyper-Hypothyroidism-Peds-Treatments-copy.webp,https://d1pumg6d5kr18o.cloudfront.net/new/pediatrics/pediatric_videos_5_endocrine_4_hyperthyroid_hypothyroidism_4_hyper_hypothyroidism_peds___treatments/hyper_hypothyroidism_peds___treatments.m3u8,,0,17625,1004,Pediatrics / Endocrine (Child Health) / Hyperthyroid & Hypothyroidism
Pediatrics,Pediatrics,GI Gastrointestinal (Child Health),gi-gastrointestinal-pediatrics,36m 35s,1,Achalasia,achalasia,1:42,102,https://members.simplenursing.com/wp-content/themes/simplenursing-app/images/videos/thumbnails/1.-Achalasia-copy.webp,https://d1pumg6d5kr18o.cloudfront.net/new/pediatrics/pediatric_videos_6_gi_gastrointestinal_1_achalasia/pediatric_videos_6_gi_gastrointestinal_1_achalasia.m3u8,,0,17626,1005,Pediatrics / GI Gastrointestinal (Child Health)
Pediatrics,Pediatrics,GI Gastrointestinal (Child Health),gi-gastrointestinal-pediatrics,36m 35s,2,Cleft lip & Palate,cleft-lip-palate-pediatrics,5:10,310,https://members.simplenursing.com/wp-content/themes/simplenursing-app/images/videos/thumbnails/2.-Cleft-lip-Palate-copy.webp,https://d1pumg6d5kr18o.cloudfront.net/new/pediatrics/pediatric_videos_6_gi_gastrointestinal_2_cleft_lip_cleft_palate/pediatric_videos_6_gi_gastrointestinal_2_cleft_lip_cleft_palate.m3u8,,0,17627,1006,Pediatrics / GI Gastrointestinal (Child Health)
Pediatrics,Pediatrics,GI Gastrointestinal (Child Health),gi-gastrointestinal-pediatrics,36m 35s,3,Constipation,constipation-pediatrics,3:19,199,https://members.simplenursing.com/wp-content/themes/simplenursing-app/images/videos/thumbnails/3.-Constipation-pediatrics-copy.webp,https://d1pumg6d5kr18o.cloudfront.net/new/pediatrics/pediatric_videos_6_gi_gastrointestinal_3_constipation/pediatric_videos_6_gi_gastrointestinal_3_constipation.m3u8,,0,17628,1007,Pediatrics / GI Gastrointestinal (Child Health)
Pediatrics,Pediatrics,GI Gastrointestinal (Child Health),gi-gastrointestinal-pediatrics,36m 35s,4,Dental Care & Injury,dental-care-injury,9:25,565,https://members.simplenursing.com/wp-content/themes/simplenursing-app/images/videos/thumbnails/4.-Dental-Care-Injury-copy.webp,https://d1pumg6d5kr18o.cloudfront.net/new/pediatrics/pediatric_videos_6_gi_gastrointestinal_4_dental_care_injury/pediatric_videos_6_gi_gastrointestinal_4_dental_care_injury.m3u8,,0,17629,1008,Pediatrics / GI Gastrointestinal (Child Health)
Pediatrics,Pediatrics,GI Gastrointestinal (Child Health),gi-gastrointestinal-pediatrics,36m 35s,5,Esophageal Atresia & Tracheoesophageal fistula,esophageal-atresia-tracheoesophageal-fistula,2:33,153,https://members.simplenursing.com/wp-content/themes/simplenursing-app/images/videos/thumbnails/5.-Esophageal-Atresia-Tracheoesophageal-fistula-copy.webp,https://d1pumg6d5kr18o.cloudfront.net/new/pediatrics/pediatric_videos_6_gi_gastrointestinal_5_esophageal_atresia_tracheoesophageal_fistula/pediatric_videos_6_gi_gastrointestinal_5_esophageal_atresia_tracheoesophageal_fistula.m3u8,,0,17630,1009,Pediatrics / GI Gastrointestinal (Child Health)
Pediatrics,Pediatrics,GI Gastrointestinal (Child Health),gi-gastrointestinal-pediatrics,36m 35s,6,Hirschsprung's Disease,hirschsprungs-disease-pediatrics,3:22,202,https://members.simplenursing.com/wp-content/themes/simplenursing-app/images/videos/thumbnails/6.-Hirschsprung_s-Disease-copy.webp,https://d1pumg6d5kr18o.cloudfront.net/new/pediatrics/pediatric_videos_6_gi_gastrointestinal_6_hirschsprungs_disease/pediatric_videos_6_gi_gastrointestinal_6_hirschsprungs_disease.m3u8,,0,17631,1010,Pediatrics / GI Gastrointestinal (Child Health)
Pediatrics,Pediatrics,GI Gastrointestinal (Child Health),gi-gastrointestinal-pediatrics,36m 35s,7,Intussusception,intussusception-pediatrics,4:49,289,https://members.simplenursing.com/wp-content/themes/simplenursing-app/images/videos/thumbnails/7.-Intussusception-copy.webp,https://d1pumg6d5kr18o.cloudfront.net/new/pediatrics/pediatric_videos_6_gi_gastrointestinal_7_intussusception/pediatric_videos_6_gi_gastrointestinal_7_intussusception.m3u8,,0,17632,1011,Pediatrics / GI Gastrointestinal (Child Health)
Pediatrics,Pediatrics,GI Gastrointestinal (Child Health),gi-gastrointestinal-pediatrics,36m 35s,8,Pinworms (Enterobiasis),pinworms-enterobiasis,2:02,122,https://members.simplenursing.com/wp-content/themes/simplenursing-app/images/videos/thumbnails/8.-Pinworms-Enterobiasis-copy.webp,https://d1pumg6d5kr18o.cloudfront.net/new/pediatrics/pediatric_videos_6_gi_gastrointestinal_8_pinworms_enterobiasis/pediatric_videos_6_gi_gastrointestinal_8_pinworms_enterobiasis.m3u8,,0,17633,1012,Pediatrics / GI Gastrointestinal (Child Health)
Pediatrics,Pediatrics,GI Gastrointestinal (Child Health),gi-gastrointestinal-pediatrics,36m 35s,9,Pyloric Stenosis,pyloric-stenosis,4:13,253,https://members.simplenursing.com/wp-content/themes/simplenursing-app/images/videos/thumbnails/9.-Pyloric-Stenosis-copy.webp,https://d1pumg6d5kr18o.cloudfront.net/new/pediatrics/pediatric_videos_6_gi_gastrointestinal_9_pyloric_stenosis/pediatric_videos_6_gi_gastrointestinal_9_pyloric_stenosis.m3u8,,0,17634,1013,Pediatrics / GI Gastrointestinal (Child Health)
Pediatrics,Pediatrics,Genetic Disorders,genetic-disorders-pediatrics,15m 10s,1,Down Syndrome,down-syndrome-pediatrics,2:25,145,https://members.simplenursing.com/wp-content/themes/simplenursing-app/images/videos/thumbnails/1.-Down-Syndrome-copy-1.webp,https://d1pumg6d5kr18o.cloudfront.net/new/pediatrics/pediatric_videos_7_genetic_disorders_1_down_syndrome/pediatric_videos_7_genetic_disorders_1_down_syndrome.m3u8,,0,17635,1014,Pediatrics / Genetic Disorders
Pediatrics,Pediatrics,Genetic Disorders,genetic-disorders-pediatrics,15m 10s,2,Marfan Syndrome,marfan-syndrome,2:10,130,https://members.simplenursing.com/wp-content/themes/simplenursing-app/images/videos/thumbnails/2.-Marfan-Syndrome-copy-1.webp,https://d1pumg6d5kr18o.cloudfront.net/new/pediatrics/pediatric_videos_7_genetic_disorders_2_marfan_syndrome/pediatric_videos_7_genetic_disorders_2_marfan_syndrome.m3u8,,0,17636,1015,Pediatrics / Genetic Disorders
Pediatrics,Pediatrics,Genetic Disorders,genetic-disorders-pediatrics,15m 10s,3,Muscular dystrophy,muscular-dystrophy-pediatrics,4:00,240,https://members.simplenursing.com/wp-content/themes/simplenursing-app/images/videos/thumbnails//7.-Muscular-dystrophy-copy.webp,https://d1pumg6d5kr18o.cloudfront.net/new/pediatrics/pediatric_videos_7_genetic_disorders_3_muscular_dystrophy/pediatric_videos_7_genetic_disorders_3_muscular_dystrophy.m3u8,,0,17637,1016,Pediatrics / Genetic Disorders
Pediatrics,Pediatrics,Genetic Disorders,genetic-disorders-pediatrics,15m 10s,4,Osteogenesis imperfecta,osteogenesis-imperfecta-pediatrics,2:38,158,https://members.simplenursing.com/wp-content/themes/simplenursing-app/images/videos/thumbnails//6.-Osteogenesis-imperfecta-copy.webp,https://d1pumg6d5kr18o.cloudfront.net/new/pediatrics/pediatric_videos_13_musculoskeletal_6_osteogenesis_imperfecta/pediatric_videos_13_musculoskeletal_6_osteogenesis_imperfecta.m3u8,,0,17650,1017,Pediatrics / Genetic Disorders
Pediatrics,Pediatrics,Genetic Disorders,genetic-disorders-pediatrics,15m 10s,5,PKU - Phenylketonuria,pku,3:57,237,https://members.simplenursing.com/wp-content/themes/simplenursing-app/images/videos/thumbnails/5.-PKU-Phenylketonuria-copy-1.webp,https://d1pumg6d5kr18o.cloudfront.net/new/1_reproductive_2_female_9_pku/1_reproductive_2_female_9_pku.m3u8,,0,17195,1018,Pediatrics / Genetic Disorders
Pediatrics,Pediatrics / Hematological Blood (Child Health),Anemia (pediatrics),anemia-pediatrics-pediatrics,31m 59s,1,Anemias Full Video,anemias-full-video,16:51,1011,https://members.simplenursing.com/wp-content/themes/simplenursing-app/images/videos/thumbnails/1.-Anemias-Full-Video-copy.webp,https://d1pumg6d5kr18o.cloudfront.net/new/hematological_1_anemia_1_anemia_full_video/hematological_1_anemia_1_anemia_full_video.m3u8,,0,17087,1019,Pediatrics / Hematological Blood (Child Health) / Anemia (pediatrics)
Pediatrics,Pediatrics / Hematological Blood (Child Health),Anemia (pediatrics),anemia-pediatrics-pediatrics,31m 59s,2,Iron Deficiency Anemia (Pediatrics),iron-deficiency-anemia-pediatrics,9:28,568,https://members.simplenursing.com/wp-content/themes/simplenursing-app/images/videos/thumbnails/2.-Iron-Deficiency-Anemia-Pediatrics-copy.webp,https://d1pumg6d5kr18o.cloudfront.net/new/pediatrics/pediatric_videos_8_hematological_blood_1_anemia_pediatrics_iron_deficiency_anemia_pediatrics/anemia_pediatrics_iron_deficiency_anemia_pediatrics.m3u8,,0,17639,1020,Pediatrics / Hematological Blood (Child Health) / Anemia (pediatrics)
Pediatrics,Pediatrics / Hematological Blood (Child Health),Anemia (pediatrics),anemia-pediatrics-pediatrics,31m 59s,3,Sickle Cell Anemia (Pediatrics),sickle-cell-anemia-pediatrics,5:40,340,https://members.simplenursing.com/wp-content/themes/simplenursing-app/images/videos/thumbnails/3.-Sickle-Cell-Anemia-Pediatrics-copy.webp,https://d1pumg6d5kr18o.cloudfront.net/new/pediatrics/pediatric_videos_8_hematological_blood_1_anemia_pediatrics_sickle_cell_anemia_pediatrics/pediatric_videos_8_hematological_blood_1_anemia_pediatrics_sickle_cell_anemia_pediatrics.m3u8,,0,17640,1021,Pediatrics / Hematological Blood (Child Health) / Anemia (pediatrics)
Pediatrics,Pediatrics / Hematological Blood (Child Health),Epistaxis,epistaxis-pediatrics,2m 18s,1,Epistaxis,epistaxis-pediatrics,2:18,138,https://members.simplenursing.com/wp-content/themes/simplenursing-app/images/videos/thumbnails/1.-Epistaxis-copy.webp,https://d1pumg6d5kr18o.cloudfront.net/new/pediatrics/pediatric_videos_8_hematological_blood_2_epistaxis/pediatric_videos_8_hematological_blood_2_epistaxis.m3u8,,0,17641,1022,Pediatrics / Hematological Blood (Child Health) / Epistaxis
Pediatrics,Pediatrics / Hematological Blood (Child Health),Hemophilia (Pediatrics),hemophilia-pediatrics,4m 39s,1,Hemophilia (Pediatrics),hemophilia-pediatrics,4:39,279,https://members.simplenursing.com/wp-content/themes/simplenursing-app/images/videos/thumbnails/1.-Hemophilia-Pediatrics-copy.webp,https://d1pumg6d5kr18o.cloudfront.net/new/pediatrics/pediatric_videos_8_hematological_blood_3_hemophilia_v2/pediatric_videos_8_hematological_blood_3_hemophilia_v2.m3u8,,0,17642,1023,Pediatrics / Hematological Blood (Child Health) / Hemophilia (Pediatrics)
Pediatrics,Pediatrics / Hematological Blood (Child Health),Thrombocytopenia,thrombocytopenia-pediatrics,5m 31s,1,Thrombocytopenia,thrombocytopenia-2,5:31,331,https://members.simplenursing.com/wp-content/themes/simplenursing-app/images/videos/thumbnails/1.-Thrombocytopenia-copy.webp,https://d1pumg6d5kr18o.cloudfront.net/new/hematological_5_thrombocytopenia/hematological_5_thrombocytopenia.m3u8,,0,17093,1024,Pediatrics / Hematological Blood (Child Health) / Thrombocytopenia
Pediatrics,Pediatrics,Immunization Dates & Types,immunization-dates-types-pediatrics,32m 40s,1,Immunizations Full Video,immunizations-full-video,14:56,896,https://members.simplenursing.com/wp-content/themes/simplenursing-app/images/videos/thumbnails/1.-Immunizations-Full-Video-copy.webp,https://d1pumg6d5kr18o.cloudfront.net/new/pediatrics/9_immunization_dates_types_1_immunizations_full_video/9_immunization_dates_types_1_immunizations_full_video.m3u8,,0,17746,1025,Pediatrics / Immunization Dates & Types
Pediatrics,Pediatrics,Immunization Dates & Types,immunization-dates-types-pediatrics,32m 40s,2,NO Live Vaccines for these clients,no-live-vaccines-for-these-clients,1:54,114,https://members.simplenursing.com/wp-content/themes/simplenursing-app/images/videos/thumbnails/2.-NO-Live-Vaccines-for-these-clients-copy.webp,https://d1pumg6d5kr18o.cloudfront.net/new/pediatrics/9_immunization_dates_types_2_no_live_vaccines_for_these_clients_/9_immunization_dates_types_2_no_live_vaccines_for_these_clients_.m3u8,,0,17747,1026,Pediatrics / Immunization Dates & Types
Pediatrics,Pediatrics,Immunization Dates & Types,immunization-dates-types-pediatrics,32m 40s,3,Reactions after vaccinations,reactions-after-vaccinations,3:33,213,https://members.simplenursing.com/wp-content/themes/simplenursing-app/images/videos/thumbnails/3.-Reactions-after-vaccinations-copy.webp,https://d1pumg6d5kr18o.cloudfront.net/new/pediatrics/9_immunization_dates_types_3_reactions_after_vaccinations_/9_immunization_dates_types_3_reactions_after_vaccinations_.m3u8,,0,17748,1027,Pediatrics / Immunization Dates & Types
Pediatrics,Pediatrics,Immunization Dates & Types,immunization-dates-types-pediatrics,32m 40s,4,Immunization Types,immunization-types,3:17,197,https://members.simplenursing.com/wp-content/themes/simplenursing-app/images/videos/thumbnails/4.-Immunization-Types-copy.webp,https://d1pumg6d5kr18o.cloudfront.net/new/pediatrics/9_immunization_dates_types_4_immunization_types_/9_immunization_dates_types_4_immunization_types_.m3u8,,0,17749,1028,Pediatrics / Immunization Dates & Types
Pediatrics,Pediatrics,Immunization Dates & Types,immunization-dates-types-pediatrics,32m 40s,5,Memory Tricks for Immunization Dates,memory-tricks-for-immunization-dates,5:14,314,https://members.simplenursing.com/wp-content/themes/simplenursing-app/images/videos/thumbnails/5.-Memory-Tricks-for-Immunization-Dates-copy.webp,https://d1pumg6d5kr18o.cloudfront.net/new/pediatrics/9_immunization_dates_types_5_memory_tricks_for_immunization_dates_/9_immunization_dates_types_5_memory_tricks_for_immunization_dates_.m3u8,,0,17750,1029,Pediatrics / Immunization Dates & Types
Pediatrics,Pediatrics,Immunization Dates & Types,immunization-dates-types-pediatrics,32m 40s,6,Injections & Safe Med Admin,injections-safe-med-admin,3:46,226,https://members.simplenursing.com/wp-content/themes/simplenursing-app/images/videos/thumbnails/6.-Injections-Safe-Med-Admin-copy.webp,https://d1pumg6d5kr18o.cloudfront.net/new/pediatrics/9_immunization_dates_types_6_injections_safe_med_admin/9_immunization_dates_types_6_injections_safe_med_admin.m3u8,,0,17751,1030,Pediatrics / Immunization Dates & Types
Pediatrics,Pediatrics,Infectious Diseases (Child Health),infectious-diseases-pediatrics,1h 13m,1,Airborne vs. Droplet precautions,airborne-vs-droplet-precautions,6:41,401,https://members.simplenursing.com/wp-content/themes/simplenursing-app/images/videos/thumbnails//1.-Airborne-vs.-Droplet-precautions-copy-1.webp,https://d1pumg6d5kr18o.cloudfront.net/new/1_airbone_vs_droplet_precautions/1_airbone_vs_droplet_precautions.m3u8,,0,16589,1031,Pediatrics / Infectious Diseases (Child Health)
Pediatrics,Pediatrics,Infectious Diseases (Child Health),infectious-diseases-pediatrics,1h 13m,2,Conjunctivitis (Pink Eye),conjunctivitis-pink-eye,3:08,188,https://members.simplenursing.com/wp-content/themes/simplenursing-app/images/videos/thumbnails//2.-Conjunctivitis-Pink-Eye-copy.webp,https://d1pumg6d5kr18o.cloudfront.net/new/pediatrics/10_infectious_disease_2_conjunctivitis_pink_eye/10_infectious_disease_2_conjunctivitis_pink_eye.m3u8,,0,17752,1032,Pediatrics / Infectious Diseases (Child Health)
Pediatrics,Pediatrics,Infectious Diseases (Child Health),infectious-diseases-pediatrics,1h 13m,3,Fifth disease,fifth-disease,1:55,115,https://members.simplenursing.com/wp-content/themes/simplenursing-app/images/videos/thumbnails//3.-Fifth-disease-copy.webp,https://d1pumg6d5kr18o.cloudfront.net/new/pediatrics/10_infectious_disease_3_fifth_disease/10_infectious_disease_3_fifth_disease.m3u8,,0,17753,1033,Pediatrics / Infectious Diseases (Child Health)
Pediatrics,Pediatrics,Infectious Diseases (Child Health),infectious-diseases-pediatrics,1h 13m,4,MMR infection,mmr-infection,6:13,373,https://members.simplenursing.com/wp-content/themes/simplenursing-app/images/videos/thumbnails//4.-MMR-infection-copy.webp,https://d1pumg6d5kr18o.cloudfront.net/new/pediatrics/10_infectious_disease_4_mmr_infection/10_infectious_disease_4_mmr_infection.m3u8,,0,17754,1034,Pediatrics / Infectious Diseases (Child Health)
Pediatrics,Pediatrics,Infectious Diseases (Child Health),infectious-diseases-pediatrics,1h 13m,5,Mononucleosis (Mono),mononucleosis-mono,2:13,133,https://members.simplenursing.com/wp-content/themes/simplenursing-app/images/videos/thumbnails//5.-Mononucleosis-Mono-copy.webp,https://d1pumg6d5kr18o.cloudfront.net/new/pediatrics/10_infectious_disease_5_mononucleosis/10_infectious_disease_5_mononucleosis.m3u8,,0,17755,1035,Pediatrics / Infectious Diseases (Child Health)
Pediatrics,Pediatrics,Infectious Diseases (Child Health),infectious-diseases-pediatrics,1h 13m,6,Pertussis,pertussis,3:20,200,https://members.simplenursing.com/wp-content/themes/simplenursing-app/images/videos/thumbnails//6.-Pertussis-copy.webp,https://d1pumg6d5kr18o.cloudfront.net/new/pediatrics/10_infectious_disease_6_pertussis/10_infectious_disease_6_pertussis.m3u8,,0,17756,1036,Pediatrics / Infectious Diseases (Child Health)
Pediatrics,Pediatrics,Infectious Diseases (Child Health),infectious-diseases-pediatrics,1h 13m,7,Pneumonia,pneumonia-med-surg-respiratory,21:29,1289,https://members.simplenursing.com/wp-content/themes/simplenursing-app/images/videos/thumbnails//7.-Pneumonia-copy.webp,https://d1pumg6d5kr18o.cloudfront.net/new/16_pneumonia/16_pneumonia.m3u8,,0,16621,1037,Pediatrics / Infectious Diseases (Child Health)
Pediatrics,Pediatrics,Infectious Diseases (Child Health),infectious-diseases-pediatrics,1h 13m,8,RSV,rsv,3:03,183,https://members.simplenursing.com/wp-content/themes/simplenursing-app/images/videos/thumbnails//8.-RSV-copy.webp,https://d1pumg6d5kr18o.cloudfront.net/new/pediatrics/10_infectious_disease_7_rsv_/10_infectious_disease_7_rsv_.m3u8,,0,17757,1038,Pediatrics / Infectious Diseases (Child Health)
Pediatrics,Pediatrics,Infectious Diseases (Child Health),infectious-diseases-pediatrics,1h 13m,9,TB - Tuberculosis,tb-tuberculosis,10:00,600,https://members.simplenursing.com/wp-content/themes/simplenursing-app/images/videos/thumbnails//9.-TB-Tuberculosis-copy.webp,https://d1pumg6d5kr18o.cloudfront.net/new/19_tb_tuberculosis/19_tb_tuberculosis.m3u8,,0,17156,1039,Pediatrics / Infectious Diseases (Child Health)
Pediatrics,Pediatrics,Infectious Diseases (Child Health),infectious-diseases-pediatrics,1h 13m,10,Rotavirus & Roseola,rotavirus-roseola,3:32,212,https://members.simplenursing.com/wp-content/themes/simplenursing-app/images/videos/thumbnails//10.-Rotavirus-Roseola-copy.webp,https://d1pumg6d5kr18o.cloudfront.net/new/pediatrics/10_infectious_disease_8_rotavirus_roseola_/10_infectious_disease_8_rotavirus_roseola_.m3u8,,0,17758,1040,Pediatrics / Infectious Diseases (Child Health)
Pediatrics,Pediatrics,Infectious Diseases (Child Health),infectious-diseases-pediatrics,1h 13m,11,Scabies,scabies,2:52,172,https://members.simplenursing.com/wp-content/themes/simplenursing-app/images/videos/thumbnails//11.-Scabies-copy.webp,https://d1pumg6d5kr18o.cloudfront.net/new/pediatrics/10_infectious_disease_9_scabies/10_infectious_disease_9_scabies.m3u8,,0,17759,1041,Pediatrics / Infectious Diseases (Child Health)
Pediatrics,Pediatrics,Infectious Diseases (Child Health),infectious-diseases-pediatrics,1h 13m,12,Scarlet Fever,scarlet-fever,2:49,169,https://members.simplenursing.com/wp-content/themes/simplenursing-app/images/videos/thumbnails//12.-Scarlet-Fever-copy.webp,https://d1pumg6d5kr18o.cloudfront.net/new/pediatrics/10_infectious_disease_10_scarlet_fever_/10_infectious_disease_10_scarlet_fever_.m3u8,,0,17760,1042,Pediatrics / Infectious Diseases (Child Health)
Pediatrics,Pediatrics,Infectious Diseases (Child Health),infectious-diseases-pediatrics,1h 13m,13,Varicella (chickenpox),varicella-chickenpox,5:50,350,https://members.simplenursing.com/wp-content/themes/simplenursing-app/images/videos/thumbnails//13-Varicella-chickenpox-copy.webp,https://d1pumg6d5kr18o.cloudfront.net/new/pediatrics/10_infectious_disease_11_varicella_chicken_pox)/10_infectious_disease_11_varicella_chicken_pox).m3u8,,0,17761,1043,Pediatrics / Infectious Diseases (Child Health)
Pediatrics,Pediatrics,Integumentary (Skin),integumentary-skin-pediatrics,19m 53s,1,Acne,acne-2,5:11,311,https://members.simplenursing.com/wp-content/themes/simplenursing-app/images/videos/thumbnails//1.-Acne-copy.webp,https://d1pumg6d5kr18o.cloudfront.net/new/8_integumentary_1_acne_vulgaris/8_integumentary_1_acne_vulgaris.m3u8,,0,17136,1044,Pediatrics / Integumentary (Skin)
Pediatrics,Pediatrics,Integumentary (Skin),integumentary-skin-pediatrics,19m 53s,2,Eczema,eczema-2,1:25,85,https://members.simplenursing.com/wp-content/themes/simplenursing-app/images/videos/thumbnails//2.-Eczema-copy.webp,https://d1pumg6d5kr18o.cloudfront.net/new/8_integumentary_3_eczecma/8_integumentary_3_eczecma.m3u8,,0,17138,1045,Pediatrics / Integumentary (Skin)
Pediatrics,Pediatrics,Integumentary (Skin),integumentary-skin-pediatrics,19m 53s,3,Impetigo,impetigo-2,2:54,174,https://members.simplenursing.com/wp-content/themes/simplenursing-app/images/videos/thumbnails//3.-Impetigo-copy.webp,https://d1pumg6d5kr18o.cloudfront.net/new/pediatrics/pediatric_videos_11_integumentary_skin_1_impetigo/pediatric_videos_11_integumentary_skin_1_impetigo.m3u8,,0,17688,1046,Pediatrics / Integumentary (Skin)
Pediatrics,Pediatrics,Integumentary (Skin),integumentary-skin-pediatrics,19m 53s,4,Lice,lice-2,2:26,146,https://members.simplenursing.com/wp-content/themes/simplenursing-app/images/videos/thumbnails//4.-Lice-copy.webp,https://d1pumg6d5kr18o.cloudfront.net/new/pediatrics/pediatric_videos_11_integumentary_skin_2_lice/pediatric_videos_11_integumentary_skin_2_lice.m3u8,,0,17687,1047,Pediatrics / Integumentary (Skin)
Pediatrics,Pediatrics,Integumentary (Skin),integumentary-skin-pediatrics,19m 53s,5,Ringworm (Tinea),ringworm-tinea,7:57,477,https://members.simplenursing.com/wp-content/themes/simplenursing-app/images/videos/thumbnails//5.-Ringworm-Tinea-copy.webp,https://d1pumg6d5kr18o.cloudfront.net/new/8_integumentary_4_fungal_infections/8_integumentary_4_fungal_infections.m3u8,,0,17733,1048,Pediatrics / Integumentary (Skin)
Pediatrics,Pediatrics,Mental Health,mental-health-pediatrics,28m 33s,1,ADHD / ADD,adhd-add,8:45,525,https://members.simplenursing.com/wp-content/themes/simplenursing-app/images/videos/thumbnails//1.-ADHD-ADD-copy.webp,https://d1pumg6d5kr18o.cloudfront.net/new/mental_health/2_adhd_add/2_adhd_add.m3u8,,0,17365,1049,Pediatrics / Mental Health
Pediatrics,Pediatrics,Mental Health,mental-health-pediatrics,28m 33s,2,Autism Spectrum Disorder,autism-spectrum-disorder,6:24,384,https://members.simplenursing.com/wp-content/themes/simplenursing-app/images/videos/thumbnails//2.-Autism-Spectrum-Disorder-copy.webp,https://d1pumg6d5kr18o.cloudfront.net/new/mental_health/1_austism/1_austism.m3u8,,0,17364,1050,Pediatrics / Mental Health
Pediatrics,Pediatrics,Mental Health,mental-health-pediatrics,28m 33s,3,Child abuse,child-abuse,7:51,471,https://members.simplenursing.com/wp-content/themes/simplenursing-app/images/videos/thumbnails//3.-Child-abuse-copy.webp,https://d1pumg6d5kr18o.cloudfront.net/new/pediatrics/pediatric_videos_12_mental_health_1_child_abuse/pediatric_videos_12_mental_health_1_child_abuse.m3u8,,0,17643,1051,Pediatrics / Mental Health
Pediatrics,Pediatrics,Mental Health,mental-health-pediatrics,28m 33s,4,Separation Anxiety (pediatrics),separation-anxiety-pediatrics,5:33,333,https://members.simplenursing.com/wp-content/themes/simplenursing-app/images/videos/thumbnails//4.-Separation-Anxiety-pediatrics-copy.webp,https://d1pumg6d5kr18o.cloudfront.net/new/pediatrics/pediatric_videos_12_mental_health_2_separation_anxiety/pediatric_videos_12_mental_health_2_separation_anxiety.m3u8,,0,17644,1052,Pediatrics / Mental Health
Pediatrics,Pediatrics,Musculoskeletal (Child Health),musculoskeletal-pediatrics,1h 13m,1,Clubfoot,clubfoot,3:14,194,https://members.simplenursing.com/wp-content/themes/simplenursing-app/images/videos/thumbnails//1.-Clubfoot-copy.webp,https://d1pumg6d5kr18o.cloudfront.net/new/pediatrics/pediatric_videos_13_musculoskeletal_1_clubfoot/pediatric_videos_13_musculoskeletal_1_clubfoot.m3u8,,0,17645,1053,Pediatrics / Musculoskeletal (Child Health)
Pediatrics,Pediatrics,Musculoskeletal (Child Health),musculoskeletal-pediatrics,1h 13m,2,Fractures & Cast Care (Pediatrics),fractures-cast-care-pediatrics,34:28,2068,https://members.simplenursing.com/wp-content/themes/simplenursing-app/images/videos/thumbnails//2.-Fractures-Cast-Care-Pediatrics-copy.webp,https://d1pumg6d5kr18o.cloudfront.net/new/pediatrics/pediatric_videos_13_musculoskeletal_2_fractures_cast_care_pediatrics_/pediatric_videos_13_musculoskeletal_2_fractures_cast_care_pediatrics_.m3u8,,0,17646,1054,Pediatrics / Musculoskeletal (Child Health)
Pediatrics,Pediatrics,Musculoskeletal (Child Health),musculoskeletal-pediatrics,1h 13m,3,Hip Dysplasia,hip-dysplasia-pediatrics,9:32,572,https://members.simplenursing.com/wp-content/themes/simplenursing-app/images/videos/thumbnails//3.-Hip-Dysplasia-copy.webp,https://d1pumg6d5kr18o.cloudfront.net/new/pediatrics/pediatric_videos_13_musculoskeletal_3_hip_dysplasia/pediatric_videos_13_musculoskeletal_3_hip_dysplasia.m3u8,,0,17647,1055,Pediatrics / Musculoskeletal (Child Health)
Pediatrics,Pediatrics,Musculoskeletal (Child Health),musculoskeletal-pediatrics,1h 13m,4,Juvenile RA & IA,juvenile-ra-ia,13:05,785,https://members.simplenursing.com/wp-content/themes/simplenursing-app/images/videos/thumbnails//4.-Juvenile-RA-IA-copy.webp,https://d1pumg6d5kr18o.cloudfront.net/new/pediatrics/pediatric_videos_13_musculoskeletal_4_juvenile_ra_ia/pediatric_videos_13_musculoskeletal_4_juvenile_ra_ia.m3u8,,0,17648,1056,Pediatrics / Musculoskeletal (Child Health)
Pediatrics,Pediatrics,Musculoskeletal (Child Health),musculoskeletal-pediatrics,1h 13m,5,Legg-calve perthes disease,legg-calve-perthes-disease-2,2:03,123,https://members.simplenursing.com/wp-content/themes/simplenursing-app/images/videos/thumbnails//5.-Legg-calve-perthes-disease-copy.webp,https://d1pumg6d5kr18o.cloudfront.net/new/pediatrics/pediatric_videos_13_musculoskeletal_5_legg_calve_perthes_disease/pediatric_videos_13_musculoskeletal_5_legg_calve_perthes_disease.m3u8,,0,17649,1057,Pediatrics / Musculoskeletal (Child Health)
Pediatrics,Pediatrics,Musculoskeletal (Child Health),musculoskeletal-pediatrics,1h 13m,6,Osteogenesis imperfecta,osteogenesis-imperfecta-pediatrics,2:38,158,https://members.simplenursing.com/wp-content/themes/simplenursing-app/images/videos/thumbnails//6.-Osteogenesis-imperfecta-copy.webp,https://d1pumg6d5kr18o.cloudfront.net/new/pediatrics/pediatric_videos_13_musculoskeletal_6_osteogenesis_imperfecta/pediatric_videos_13_musculoskeletal_6_osteogenesis_imperfecta.m3u8,,0,17650,1058,Pediatrics / Musculoskeletal (Child Health)
Pediatrics,Pediatrics,Musculoskeletal (Child Health),musculoskeletal-pediatrics,1h 13m,7,Muscular dystrophy,muscular-dystrophy-pediatrics,4:00,240,https://members.simplenursing.com/wp-content/themes/simplenursing-app/images/videos/thumbnails//7.-Muscular-dystrophy-copy.webp,https://d1pumg6d5kr18o.cloudfront.net/new/pediatrics/pediatric_videos_7_genetic_disorders_3_muscular_dystrophy/pediatric_videos_7_genetic_disorders_3_muscular_dystrophy.m3u8,,0,17637,1059,Pediatrics / Musculoskeletal (Child Health)
Pediatrics,Pediatrics,Musculoskeletal (Child Health),musculoskeletal-pediatrics,1h 13m,8,Scoliosis (Pediatrics),scoliosis-pediatrics,4:36,276,https://members.simplenursing.com/wp-content/themes/simplenursing-app/images/videos/thumbnails//8.-Scoliosis-Pediatrics-copy.webp,https://d1pumg6d5kr18o.cloudfront.net/new/pediatrics/pediatric_videos_13_musculoskeletal_8_scoliosis_pediatrics/pediatric_videos_13_musculoskeletal_8_scoliosis_pediatrics.m3u8,,0,17652,1060,Pediatrics / Musculoskeletal (Child Health)
Pediatrics,Pediatrics,Neurological & Brain (Child Health),neurological-brain-pediatrics,1h 19m,1,Cerebral palsy (pediatrics),cerebral-palsy-pediatrics,4:17,257,https://members.simplenursing.com/wp-content/themes/simplenursing-app/images/videos/thumbnails//1.-Cerebral-palsy-pediatrics-copy.webp,https://d1pumg6d5kr18o.cloudfront.net/new/pediatrics/pediatric_videos_14_neurological_brain_cerebral_palsy_pediatrics/pediatric_videos_14_neurological_brain_cerebral_palsy_pediatrics.m3u8,,0,17653,1061,Pediatrics / Neurological & Brain (Child Health)
Pediatrics,Pediatrics,Neurological & Brain (Child Health),neurological-brain-pediatrics,1h 19m,2,Head Injuries,head-injuries,8:52,532,https://members.simplenursing.com/wp-content/themes/simplenursing-app/images/videos/thumbnails//2.-Head-Injuries-copy.webp,https://d1pumg6d5kr18o.cloudfront.net/new/5_head_injuries/5_head_injuries.m3u8,,0,16352,1062,Pediatrics / Neurological & Brain (Child Health)
Pediatrics,Pediatrics,Neurological & Brain (Child Health),neurological-brain-pediatrics,1h 19m,3,Hydrocephalus & VP Brain Shunts,hydrocephalus-vp-brain-shunts,14:34,874,https://members.simplenursing.com/wp-content/themes/simplenursing-app/images/videos/thumbnails//3.-Hydrocephalus-VP-Brain-Shunts-copy.webp,https://d1pumg6d5kr18o.cloudfront.net/new/pediatrics/pediatric_videos_14_neurological_brain_hydrocephalus_vp_brain_shunts/pediatric_videos_14_neurological_brain_hydrocephalus_vp_brain_shunts.m3u8,,0,17654,1063,Pediatrics / Neurological & Brain (Child Health)
Pediatrics,Pediatrics,Neurological & Brain (Child Health),neurological-brain-pediatrics,1h 19m,4,Meningitis & ICP (pediatrics),meningitis-icp-pediatrics,16:01,961,https://members.simplenursing.com/wp-content/themes/simplenursing-app/images/videos/thumbnails//4.-Meningitis-ICP-pediatrics-copy.webp,https://d1pumg6d5kr18o.cloudfront.net/new/pediatrics/pediatric_videos_14_neurological_brain_meningitis_icp_pediatrics/pediatric_videos_14_neurological_brain_meningitis_icp_pediatrics.m3u8,,0,17655,1064,Pediatrics / Neurological & Brain (Child Health)
Pediatrics,Pediatrics,Neurological & Brain (Child Health),neurological-brain-pediatrics,1h 19m,5,Reye syndrome,reye-syndrome-2,3:49,229,https://members.simplenursing.com/wp-content/themes/simplenursing-app/images/videos/thumbnails//5.-Reye-syndrome-copy.webp,https://d1pumg6d5kr18o.cloudfront.net/new/pediatrics/pediatric_videos_14_neurological_brain_reye_syndrome/pediatric_videos_14_neurological_brain_reye_syndrome.m3u8,,0,17656,1065,Pediatrics / Neurological & Brain (Child Health)
Pediatrics,Pediatrics,Neurological & Brain (Child Health),neurological-brain-pediatrics,1h 19m,6,Seizures (pediatrics),seizures-pediatrics,24:29,1469,https://members.simplenursing.com/wp-content/themes/simplenursing-app/images/videos/thumbnails//6.-Seizures-pediatrics-copy.webp,https://d1pumg6d5kr18o.cloudfront.net/new/pediatrics/pediatric_videos_14_neurological_brain_seizures_pediatrics/pediatric_videos_14_neurological_brain_seizures_pediatrics.m3u8,,0,17657,1066,Pediatrics / Neurological & Brain (Child Health)
Pediatrics,Pediatrics,Neurological & Brain (Child Health),neurological-brain-pediatrics,1h 19m,7,Spina bifida,spina-bifida-2,6:26,386,https://members.simplenursing.com/wp-content/themes/simplenursing-app/images/videos/thumbnails//7.-Spina-bifida-copy.webp,https://d1pumg6d5kr18o.cloudfront.net/new/pediatrics/pediatric_videos_14_neurological_brain_spina_bifida/pediatric_videos_14_neurological_brain_spina_bifida.m3u8,,0,17658,1067,Pediatrics / Neurological & Brain (Child Health)
Pediatrics,Pediatrics,Neurological & Brain (Child Health),neurological-brain-pediatrics,1h 19m,8,Tay-sachs disease,tay-sachs-disease,1:27,87,https://members.simplenursing.com/wp-content/themes/simplenursing-app/images/videos/thumbnails//8.-Tay-sachs-disease-copy.webp,https://d1pumg6d5kr18o.cloudfront.net/new/pediatrics/pediatric_videos_14_neurological_brain_tay_sachs_disease/pediatric_videos_14_neurological_brain_tay_sachs_disease.m3u8,,0,17659,1068,Pediatrics / Neurological & Brain (Child Health)
Pediatrics,Pediatrics / Oncology Cancer (Child Health),Ewing’s Sarcoma vs. Osteosarcoma,ewings-sarcoma-vs-osteosarcoma-pediatrics,2m 44s,1,Ewing’s Sarcoma vs. Osteosarcoma,ewings-sarcoma-vs-osteosarcoma,2:44,164,https://members.simplenursing.com/wp-content/themes/simplenursing-app/images/videos/thumbnails/1.-Ewings-Sarcoma-vs.-Osteosarcoma-copy.webp,https://d1pumg6d5kr18o.cloudfront.net/new/pediatrics/pediatric_videos_15_oncology_cancer_ewings_osteosarcoma/cancer_ewings_osteosarcoma.m3u8,,0,17660,1069,Pediatrics / Oncology Cancer (Child Health) / Ewing’s Sarcoma vs. Osteosarcoma
Pediatrics,Pediatrics / Oncology Cancer (Child Health),Death & Dying (Pediatrics),ewings-sarcoma-vs-osteosarcoma-ped-onc,6m 23s,1,Death & Dying (Pediatrics),death-dying-pediatrics,6:23,383,https://members.simplenursing.com/wp-content/themes/simplenursing-app/images/videos/thumbnails/1.-Death-Dying-Pediatrics-copy.webp,https://d1pumg6d5kr18o.cloudfront.net/new/pediatrics/death_dying_pediatrics/death_dying_pediatrics.m3u8,,0,17786,1070,Pediatrics / Oncology Cancer (Child Health) / Death & Dying (Pediatrics)
Pediatrics,Pediatrics / Oncology Cancer (Child Health),Leukemia,leukemia-pediatrics,3m 56s,1,Leukemia,leukemia,3:56,236,https://members.simplenursing.com/wp-content/themes/simplenursing-app/images/videos/thumbnails/1.-Leukemia-copy.webp,https://d1pumg6d5kr18o.cloudfront.net/new/oncology_1_cancer_types_4_leukemia_v2/oncology_1_cancer_types_4_leukemia_oncology_1_cancer_types_4_leukemia_v2.m3u8,,0,17096,1071,Pediatrics / Oncology Cancer (Child Health) / Leukemia
Pediatrics,Pediatrics / Oncology Cancer (Child Health),Neuroblastoma,neuroblastoma-pediatrics,3m 55s,1,Neuroblastoma,neuroblastoma,3:55,235,https://members.simplenursing.com/wp-content/themes/simplenursing-app/images/videos/thumbnails/1.-Neuroblastoma-copy.webp,https://d1pumg6d5kr18o.cloudfront.net/new/pediatrics/pediatric_videos_15_oncology_cancer_neuroblastoma/pediatric_videos_15_oncology_cancer_neuroblastoma.m3u8,,0,17661,1072,Pediatrics / Oncology Cancer (Child Health) / Neuroblastoma
Pediatrics,Pediatrics / Oncology Cancer (Child Health),Retinoblastoma,retinoblastoma-pediatrics,1m 38s,1,Retinoblastoma,retinoblastoma,1:38,98,https://members.simplenursing.com/wp-content/themes/simplenursing-app/images/videos/thumbnails/1.-Retinoblastoma-copy-1.webp,https://d1pumg6d5kr18o.cloudfront.net/new/oncology_1_cancer_types_2_eye_cancer/oncology_1_cancer_types_2_eye_cancer.m3u8,,0,17731,1073,Pediatrics / Oncology Cancer (Child Health) / Retinoblastoma
Pediatrics,Pediatrics / Oncology Cancer (Child Health),Treatments for Cancer,treatments-for-cancer-pediatrics,20m 51s,1,Chemotherapy & Neutropenic Precautions,chemotherapy-neutropenic-precautions,12:31,751,https://members.simplenursing.com/wp-content/themes/simplenursing-app/images/videos/thumbnails/1.-Chemotherapy-Neutropenic-Precautions-copy.webp,https://d1pumg6d5kr18o.cloudfront.net/new/oncology_16_chemotherapy_neutropenic_precautions/oncology_16_chemotherapy_neutropenic_precautions.m3u8,,0,17103,1074,Pediatrics / Oncology Cancer (Child Health) / Treatments for Cancer
Pediatrics,Pediatrics / Oncology Cancer (Child Health),Treatments for Cancer,treatments-for-cancer-pediatrics,20m 51s,2,Radiation Brachytherapy,radiation-brachytherapy,8:20,500,https://members.simplenursing.com/wp-content/themes/simplenursing-app/images/videos/thumbnails/6.-Radiation-Brachytherapy-copy.webp,https://d1pumg6d5kr18o.cloudfront.net/new/pharm2/1_oncology(cancer)/5_radiation_brachytherapy/5_radiation_brachytherapy.m3u8,,0,15974,1075,Pediatrics / Oncology Cancer (Child Health) / Treatments for Cancer
Pediatrics,Pediatrics / Oncology Cancer (Child Health),Wilms Tumor,wilms-tumor-pediatrics,3m 13s,1,Wilms Tumor (Nephroblastoma),wilms-tumor-nephroblastoma,3:13,193,https://members.simplenursing.com/wp-content/themes/simplenursing-app/images/videos/thumbnails/1.-Wilms-Tumor-copy.webp,https://d1pumg6d5kr18o.cloudfront.net/new/pediatrics/pediatric_videos_15_oncology_cancer_wilms_tumor_nephroblastoma/pediatric_videos_15_oncology_cancer_wilms_tumor_nephroblastoma.m3u8,,0,17662,1076,Pediatrics / Oncology Cancer (Child Health) / Wilms Tumor
Pediatrics,Pediatrics,Poisoning,poisoning-pediatrics,8m 39s,1,Lead poisoning,lead-poisoning,3:41,221,https://members.simplenursing.com/wp-content/themes/simplenursing-app/images/videos/thumbnails/1.-Lead-poisoning-copy.webp,https://d1pumg6d5kr18o.cloudfront.net/new/pediatrics/pediatric_videos_16_poisoning_1_lead_poisoning/pediatric_videos_16_poisoning_1_lead_poisoning.m3u8,,0,17663,1077,Pediatrics / Poisoning
Pediatrics,Pediatrics,Poisoning,poisoning-pediatrics,8m 39s,2,"Drug toxicity (aspirin, acetaminophen, ibuprofen)",drug-toxicity-aspirin-acetaminophen-ibuprofen,4:58,298,https://members.simplenursing.com/wp-content/themes/simplenursing-app/images/videos/thumbnails/2.-Drug-toxicity-aspirin-acetaminophen-ibuprofen-copy.webp,https://d1pumg6d5kr18o.cloudfront.net/new/pediatrics/pediatric_videos_16_poisoning_2_drug_toxicity_v2/pediatric_videos_16_poisoning_2_drug_toxicity_v2.m3u8,,0,17664,1078,Pediatrics / Poisoning
Pediatrics,Pediatrics,Respiratory (Child Health),respiratory-pediatrics,53m 18s,1,Asthma (pediatrics),asthma-pediatrics,28:19,1699,https://members.simplenursing.com/wp-content/themes/simplenursing-app/images/videos/thumbnails/1.-Asthma-pediatrics-copy.webp,https://d1pumg6d5kr18o.cloudfront.net/new/pediatrics/pediatric_videos_17_respiratory_asthma_pediatrics/pediatric_videos_17_respiratory_asthma_pediatrics.m3u8,,0,17665,1079,Pediatrics / Respiratory (Child Health)
Pediatrics,Pediatrics,Respiratory (Child Health),respiratory-pediatrics,53m 18s,2,Croup,croup-whooping-cough,1:58,118,https://members.simplenursing.com/wp-content/themes/simplenursing-app/images/videos/thumbnails/2.-Croup-copy.webp,https://d1pumg6d5kr18o.cloudfront.net/new/pediatrics/croup_updated/croup_updated.m3u8,,0,17666,1080,Pediatrics / Respiratory (Child Health)
Pediatrics,Pediatrics,Respiratory (Child Health),respiratory-pediatrics,53m 18s,3,Cystic Fibrosis (pediatrics),cystic-fibrosis-pediatrics,8:10,490,https://members.simplenursing.com/wp-content/themes/simplenursing-app/images/videos/thumbnails/3.-Cystic-Fibrosis-pediatrics-copy.webp,https://d1pumg6d5kr18o.cloudfront.net/new/pediatrics/pediatric_videos_17_respiratory_cystic_fibrosis_pediatriics/pediatric_videos_17_respiratory_cystic_fibrosis_pediatriics.m3u8,,0,17667,1081,Pediatrics / Respiratory (Child Health)
Pediatrics,Pediatrics,Respiratory (Child Health),respiratory-pediatrics,53m 18s,4,Epiglottis,epiglottis-pediatrics,6:10,370,https://members.simplenursing.com/wp-content/themes/simplenursing-app/images/videos/thumbnails/4.-Epiglottis-copy.webp,https://d1pumg6d5kr18o.cloudfront.net/new/pediatrics/pediatric_videos_17_respiratory_epiglottis/pediatric_videos_17_respiratory_epiglottis.m3u8,,0,17668,1082,Pediatrics / Respiratory (Child Health)
Pediatrics,Pediatrics,Respiratory (Child Health),respiratory-pediatrics,53m 18s,5,Tonsillitis (pediatrics),tonsillitis-pediatrics,3:57,237,https://members.simplenursing.com/wp-content/themes/simplenursing-app/images/videos/thumbnails/5.-Tonsillitis-pediatrics-copy.webp,https://d1pumg6d5kr18o.cloudfront.net/new/pediatrics/pediatric_videos_17_respiratory_tonsillitis_pediatrics/pediatric_videos_17_respiratory_tonsillitis_pediatrics.m3u8,,0,17669,1083,Pediatrics / Respiratory (Child Health)
Pediatrics,Pediatrics,Respiratory (Child Health),respiratory-pediatrics,53m 18s,6,Tracheostomy Care (Pediatrics),tracheostomy-care-pediatrics,4:44,284,https://members.simplenursing.com/wp-content/themes/simplenursing-app/images/videos/thumbnails/6.-Tracheostomy-Care-Pediatrics-copy.webp,https://d1pumg6d5kr18o.cloudfront.net/new/pediatrics/pediatric_videos_17_respiratory_tracheostomy_care_pediatrics/pediatric_videos_17_respiratory_tracheostomy_care_pediatrics.m3u8,,0,17670,1084,Pediatrics / Respiratory (Child Health)
Pediatrics,Pediatrics,Renal & Urinary (Child Health),renal-urinary-pediatrics,41m 9s,1,UTI & Pyelonephritis,uti-pyelonephritis,14:53,893,https://members.simplenursing.com/wp-content/themes/simplenursing-app/images/videos/thumbnails/1.-UTI-Pyelonephritis-copy.webp,https://d1pumg6d5kr18o.cloudfront.net/new/9_uti_pylonephristis/9_uti_pylonephristis.m3u8,,0,16457,1085,Pediatrics / Renal & Urinary (Child Health)
Pediatrics,Pediatrics,Renal & Urinary (Child Health),renal-urinary-pediatrics,41m 9s,2,Cryptorchidism,cryptorchidism,1:05,65,https://members.simplenursing.com/wp-content/themes/simplenursing-app/images/videos/thumbnails/2.-Cryptorchidism-copy.webp,https://d1pumg6d5kr18o.cloudfront.net/new/pediatrics/pediatric_videos_18_renal_urinary_cryptorchidism/pediatric_videos_18_renal_urinary_cryptorchidism.m3u8,,0,17671,1086,Pediatrics / Renal & Urinary (Child Health)
Pediatrics,Pediatrics,Renal & Urinary (Child Health),renal-urinary-pediatrics,41m 9s,3,Enuresis (bed-wetting),enuresis-bed-wetting-2,4:59,299,https://members.simplenursing.com/wp-content/themes/simplenursing-app/images/videos/thumbnails/3.-Enuresis-bed-wetting-copy.webp,https://d1pumg6d5kr18o.cloudfront.net/new/pediatrics/pediatric_videos_18_renal_urinary_enuresis_bed_wetting/pediatric_videos_18_renal_urinary_enuresis_bed_wetting.m3u8,,0,17672,1087,Pediatrics / Renal & Urinary (Child Health)
Pediatrics,Pediatrics,Renal & Urinary (Child Health),renal-urinary-pediatrics,41m 9s,4,Glomerulonephritis & Nephrosis (pediatrics),glomerulonephritis-nephrosis-pediatrics,12:09,729,https://members.simplenursing.com/wp-content/themes/simplenursing-app/images/videos/thumbnails/4.-Glomerulonephritis-Nephrosis-pediatrics-copy.webp,https://d1pumg6d5kr18o.cloudfront.net/new/pediatrics/pediatric_videos_18_renal_urinary_glomerulonephritis_vs_nephrosis/pediatric_videos_18_renal_urinary_glomerulonephritis_vs_nephrosis.m3u8,,0,17673,1088,Pediatrics / Renal & Urinary (Child Health)
Pediatrics,Pediatrics,Renal & Urinary (Child Health),renal-urinary-pediatrics,41m 9s,5,Hypospadia & Epispadia,hypospadia-epispadia,2:21,141,https://members.simplenursing.com/wp-content/themes/simplenursing-app/images/videos/thumbnails/5.-Hypospadia-Epispadia-copy.webp,https://d1pumg6d5kr18o.cloudfront.net/new/pediatrics/pediatric_videos_18_renal_urinary_hypospadia_epispadia/pediatric_videos_18_renal_urinary_hypospadia_epispadia.m3u8,,0,17674,1089,Pediatrics / Renal & Urinary (Child Health)
Pediatrics,Pediatrics,Renal & Urinary (Child Health),renal-urinary-pediatrics,41m 9s,6,Vesicoureteral reflux,vesicoureteral-reflux-2,2:29,149,https://members.simplenursing.com/wp-content/themes/simplenursing-app/images/videos/thumbnails/6.-Vesicoureteral-reflux-copy.webp,https://d1pumg6d5kr18o.cloudfront.net/new/pediatrics/pediatric_videos_18_renal_urinary_vesicoureteral_reflux/pediatric_videos_18_renal_urinary_vesicoureteral_reflux.m3u8,,0,17675,1090,Pediatrics / Renal & Urinary (Child Health)
Pediatrics,Pediatrics,Renal & Urinary (Child Health),renal-urinary-pediatrics,41m 9s,7,Wilm’s Tumor,wilms-tumor-2,3:13,193,https://members.simplenursing.com/wp-content/themes/simplenursing-app/images/videos/thumbnails/7.-Wilms-Tumor-copy.webp,https://d1pumg6d5kr18o.cloudfront.net/new/pediatrics/pediatric_videos_18_renal_urinary_wilms_tumor_nephroblastoma/pediatric_videos_18_renal_urinary_wilms_tumor_nephroblastoma.m3u8,,0,17676,1091,Pediatrics / Renal & Urinary (Child Health)
Pediatrics,Pediatrics / Visual & Auditory (eye & ear),Administration of eye & ear drops,administration-of-eye-ear-drops-pediatrics,2m 50s,1,Administration of eye & ear drops,administration-of-eye-ear-drops,2:50,170,https://members.simplenursing.com/wp-content/themes/simplenursing-app/images/videos/thumbnails/1.-Administration-of-eye-ear-drops-copy.webp,https://d1pumg6d5kr18o.cloudfront.net/new/pediatrics/pediatric_videos_19_visual_auditory_eye_ear_1_administration_of_eye_ear_drops/pediatric_videos_19_visual_auditory_eye_ear_1_administration_of_eye_ear_drops.m3u8,,0,17677,1092,Pediatrics / Visual & Auditory (eye & ear) / Administration of eye & ear drops
Pediatrics,Pediatrics / Visual & Auditory (eye & ear),Acute Otitis Media & Externa,acute-otitis-media-externa-pediatrics,7m 41s,1,Acute Otitis Media & Externa,acute-otitis-media-externa,7:41,461,https://members.simplenursing.com/wp-content/themes/simplenursing-app/images/videos/thumbnails/1.-Acute-Otitis-Media-Externa-copy.webp,https://d1pumg6d5kr18o.cloudfront.net/new/pediatrics/pediatric_videos_19_visual_auditory_eye_ear_2_acute_otitis_media_externa/pediatric_videos_19_visual_auditory_eye_ear_2_acute_otitis_media_externa.m3u8,,0,17678,1093,Pediatrics / Visual & Auditory (eye & ear) / Acute Otitis Media & Externa
Pediatrics,Pediatrics / Visual & Auditory (eye & ear),Hearing Deficit,hearing-deficit-pediatrics,2m 6s,1,Hearing Deficit,hearing-deficit,2:06,126,https://members.simplenursing.com/wp-content/themes/simplenursing-app/images/videos/thumbnails/1.-Hearing-Deficit-copy.webp,https://d1pumg6d5kr18o.cloudfront.net/new/pediatrics/pediatric_videos_19_visual_auditory_eye_ear_2_hearing_deficit/pediatric_videos_19_visual_auditory_eye_ear_2_hearing_deficit.m3u8,,0,17679,1094,Pediatrics / Visual & Auditory (eye & ear) / Hearing Deficit
Pediatrics,Pediatrics / Visual & Auditory (eye & ear),Eye & Vision Problems (Top 5 Tested),eye-vision-problems-top-5-tested-pediatrics,11m 21s,1,Eye & Vision Problems Full Video,eye-vision-problems-full-video,5:51,351,https://members.simplenursing.com/wp-content/themes/simplenursing-app/images/videos/thumbnails/1.-Eye-Vision-Problems-Full-Video-copy.webp,https://d1pumg6d5kr18o.cloudfront.net/new/pediatrics/pediatric_videos_19_visual_auditory_eye_ear_3_eye_vision_problems_top_5_tested_1_eye_vision_problems_full_video/ptop_5_tested_1_eye_vision_problems.m3u8,,0,17680,1095,Pediatrics / Visual & Auditory (eye & ear) / Eye & Vision Problems (Top 5 Tested)
Pediatrics,Pediatrics / Visual & Auditory (eye & ear),Eye & Vision Problems (Top 5 Tested),eye-vision-problems-top-5-tested-pediatrics,11m 21s,2,Myopia,myopia,1:41,101,https://members.simplenursing.com/wp-content/themes/simplenursing-app/images/videos/thumbnails/2.-Myopia-copy.webp,https://d1pumg6d5kr18o.cloudfront.net/new/pediatrics/pediatric_videos_19_visual_auditory_eye_ear_3_eye_vision_problems_top_5_tested_2_myopia/pediatric_videos_19_visual_auditory_eye_ear_3_eye_vision_problems_top_5_tested_2_myopia.m3u8,,0,17681,1096,Pediatrics / Visual & Auditory (eye & ear) / Eye & Vision Problems (Top 5 Tested)
Pediatrics,Pediatrics / Visual & Auditory (eye & ear),Eye & Vision Problems (Top 5 Tested),eye-vision-problems-top-5-tested-pediatrics,11m 21s,3,Strabismus,strabismus,1:19,79,https://members.simplenursing.com/wp-content/themes/simplenursing-app/images/videos/thumbnails/3.-Strabismus-copy.webp,https://d1pumg6d5kr18o.cloudfront.net/new/pediatrics/pediatric_videos_19_visual_auditory_eye_ear_3_eye_vision_problems_top_5_tested_3_strabismus/pediatric_videos_19_visual_auditory_eye_ear_3_eye_vision_problems_top_5_tested_3_strabismus.m3u8,,0,17682,1097,Pediatrics / Visual & Auditory (eye & ear) / Eye & Vision Problems (Top 5 Tested)
Pediatrics,Pediatrics / Visual & Auditory (eye & ear),Eye & Vision Problems (Top 5 Tested),eye-vision-problems-top-5-tested-pediatrics,11m 21s,4,Amblyopia,amblyopia,0:57,57,https://members.simplenursing.com/wp-content/themes/simplenursing-app/images/videos/thumbnails/4.-Amblyopia-copy.webp,https://d1pumg6d5kr18o.cloudfront.net/new/pediatrics/pediatric_videos_19_visual_auditory_eye_ear_3_eye_vision_problems_top_5_tested_4_amblyopia/pediatric_videos_19_visual_auditory_eye_ear_3_eye_vision_problems_top_5_tested_4_amblyopia.m3u8,,0,17683,1098,Pediatrics / Visual & Auditory (eye & ear) / Eye & Vision Problems (Top 5 Tested)
Pediatrics,Pediatrics / Visual & Auditory (eye & ear),Eye & Vision Problems (Top 5 Tested),eye-vision-problems-top-5-tested-pediatrics,11m 21s,5,Astigmatism,astigmatism,0:28,28,https://members.simplenursing.com/wp-content/themes/simplenursing-app/images/videos/thumbnails/5.-Astigmatism-copy.webp,https://d1pumg6d5kr18o.cloudfront.net/new/pediatrics/pediatric_videos_19_visual_auditory_eye_ear_3_eye_vision_problems_top_5_tested_5_astigmatism/top_5_tested_5_astigmatism.m3u8,,0,17684,1099,Pediatrics / Visual & Auditory (eye & ear) / Eye & Vision Problems (Top 5 Tested)
Pediatrics,Pediatrics / Visual & Auditory (eye & ear),Eye & Vision Problems (Top 5 Tested),eye-vision-problems-top-5-tested-pediatrics,11m 21s,6,Hyperopia,hyperopia,1:05,65,https://members.simplenursing.com/wp-content/themes/simplenursing-app/images/videos/thumbnails/6.-Hyperopia-copy.webp,https://d1pumg6d5kr18o.cloudfront.net/new/pediatrics/pediatric_videos_19_visual_auditory_eye_ear_3_eye_vision_problems_top_5_tested_6_hyperopi/pediatric_videos_19_visual_auditory_eye_ear_3_eye_vision_problems_top_5_tested_6_hyperopi.m3u8,,0,17685,1100,Pediatrics / Visual & Auditory (eye & ear) / Eye & Vision Problems (Top 5 Tested)
Pediatrics,Pediatrics / Visual & Auditory (eye & ear),Retinoblastoma,retinoblastoma-pediatrics,1m 38s,1,Retinoblastoma,retinoblastoma,1:38,98,https://members.simplenursing.com/wp-content/themes/simplenursing-app/images/videos/thumbnails/1.-Retinoblastoma-copy-1.webp,https://d1pumg6d5kr18o.cloudfront.net/new/oncology_1_cancer_types_2_eye_cancer/oncology_1_cancer_types_2_eye_cancer.m3u8,,0,17731,1073,Pediatrics / Visual & Auditory (eye & ear) / Retinoblastoma
Pediatrics,Pediatrics / Visual & Auditory (eye & ear),Visual screening,visual-screening-pediatrics,2m 3s,1,Visual screening,visual-screening,2:03,123,https://members.simplenursing.com/wp-content/themes/simplenursing-app/images/videos/thumbnails/1.-Visual-screening-copy.webp,https://d1pumg6d5kr18o.cloudfront.net/new/pediatrics/pediatric_videos_19_visual_auditory_eye_ear_4_visual_screening/pediatric_videos_19_visual_auditory_eye_ear_4_visual_screening.m3u8,,0,17686,1102,Pediatrics / Visual & Auditory (eye & ear) / Visual screening
Pharmacology,Pharmacology / Pharm Fundamentals,Pharmacokinetics,pharmacokinetics-pharm-fund,24m 50s,1,Pharmacokinetics (1),pharmacokinetics-part-1-of-2,14:49,889,https://members.simplenursing.com/wp-content/themes/simplenursing-app/images/videos/thumbnails/1.-Pharmacokinetics-1-copy.webp,https://d1pumg6d5kr18o.cloudfront.net/new/4_pharmacokinetics_part_1_updated/4_pharmacokinetics_updated.m3u8,,0,11904,1103,Pharmacology / Pharm Fundamentals / Pharmacokinetics
Pharmacology,Pharmacology / Pharm Fundamentals,Pharmacokinetics,pharmacokinetics-pharm-fund,24m 50s,2,Pharmacokinetics (2),pharmacokinetics-part-2-of-2,10:01,601,https://members.simplenursing.com/wp-content/themes/simplenursing-app/images/videos/thumbnails/2.-Pharmacokinetics-2-copy.webp,https://d1pumg6d5kr18o.cloudfront.net/new/pharmacokinetics_part_2_of_2/pharmacokinetics_part_2_of_2.m3u8,,0,11905,1104,Pharmacology / Pharm Fundamentals / Pharmacokinetics
Pharmacology,Pharmacology / Pharm Fundamentals,Routes of Admin,routes-of-admin-pharm-fund,57m 46s,1,Oral Route,oral-route,16:35,995,https://members.simplenursing.com/wp-content/themes/simplenursing-app/images/videos/thumbnails/1.-Routes-of-Admin-copy.webp,https://d1pumg6d5kr18o.cloudfront.net/new/oral_route_2/oral_route.m3u8,,0,11906,1105,Pharmacology / Pharm Fundamentals / Routes of Admin
Pharmacology,Pharmacology / Pharm Fundamentals,Routes of Admin,routes-of-admin-pharm-fund,57m 46s,2,"Skin, Ear & Eye",skin-ear-eye-drops-route,7:49,469,https://members.simplenursing.com/wp-content/themes/simplenursing-app/images/videos/thumbnails/2.-Skin-Ear-Eye-copy.webp,https://d1pumg6d5kr18o.cloudfront.net/new/skin_ear_038_eye_drops_route_2/skin_ear_038_eye_drops_route.m3u8,,0,11907,1106,Pharmacology / Pharm Fundamentals / Routes of Admin
Pharmacology,Pharmacology / Pharm Fundamentals,Routes of Admin,routes-of-admin-pharm-fund,57m 46s,3,Lungs,lungs-route,10:47,647,https://members.simplenursing.com/wp-content/themes/simplenursing-app/images/videos/thumbnails/3.-Lungs-copy.webp,https://d1pumg6d5kr18o.cloudfront.net/new/lungs_route_2/lungs_route.m3u8,,0,11908,1107,Pharmacology / Pharm Fundamentals / Routes of Admin
Pharmacology,Pharmacology / Pharm Fundamentals,Routes of Admin,routes-of-admin-pharm-fund,57m 46s,4,"SQ, IM & IV",sq-im-iv,9:36,576,https://members.simplenursing.com/wp-content/themes/simplenursing-app/images/videos/thumbnails/4.-SQ-IM-IV-copy.webp,https://d1pumg6d5kr18o.cloudfront.net/new/sq_im_038_iv_2/sq_im_038_iv.m3u8,,0,11909,1108,Pharmacology / Pharm Fundamentals / Routes of Admin
Pharmacology,Pharmacology / Pharm Fundamentals,Routes of Admin,routes-of-admin-pharm-fund,57m 46s,5,NGT Suppository,ngt-suppository,12:59,779,https://members.simplenursing.com/wp-content/themes/simplenursing-app/images/videos/thumbnails/5.-NGT-Suppository-copy.webp,https://d1pumg6d5kr18o.cloudfront.net/new/ngt_suppository_2/ngt_suppository.m3u8,,0,11910,1109,Pharmacology / Pharm Fundamentals / Routes of Admin
Pharmacology,Pharmacology / Pharm Fundamentals,IV Therapy,iv-therapy-pharm-fund,46m 16s,1,IV Therapy Intro,iv-therapy-part-1-intro,13:09,789,https://members.simplenursing.com/wp-content/themes/simplenursing-app/images/videos/thumbnails/1.-IV-Therapy-Intro-copy.webp,https://d1pumg6d5kr18o.cloudfront.net/new/iv_therapy_part_1_8211_intro_2/iv_therapy_part_1_8211_intro.m3u8,,0,11911,1110,Pharmacology / Pharm Fundamentals / IV Therapy
Pharmacology,Pharmacology / Pharm Fundamentals,IV Therapy,iv-therapy-pharm-fund,46m 16s,2,"Hypo, Hyper, & Iso Fluids",iv-therapy-part-2-hypotonic-hypertonic-isotonic-fluids,13:25,805,https://members.simplenursing.com/wp-content/themes/simplenursing-app/images/videos/thumbnails/2.-Hypo-Hyper-Iso-Fluids-copy-1.webp,https://d1pumg6d5kr18o.cloudfront.net/new/iv_therapy_part_2_8211_hypotonic_hypertonic_isotonic_fluids_2/iv_therapy_part_2_8211_hypotonic_hypertonic_isotonic_fluids.m3u8,,0,11912,1111,Pharmacology / Pharm Fundamentals / IV Therapy
Pharmacology,Pharmacology / Pharm Fundamentals,IV Therapy,iv-therapy-pharm-fund,46m 16s,3,IV Caution,iv-therapy-part-3-iv-caution,19:42,1182,https://members.simplenursing.com/wp-content/themes/simplenursing-app/images/videos/thumbnails/3.-IV-Caution-copy-1.webp,https://d1pumg6d5kr18o.cloudfront.net/new/iv_therapy_part_3_8211_iv_caution_2/iv_therapy_part_3_8211_iv_caution.m3u8,,0,11913,1112,Pharmacology / Pharm Fundamentals / IV Therapy
Pharmacology,Pharmacology / Pharm Fundamentals,Safety & Considerations,safety-considerations-pharm-fund,53m 46s,1,Safe Med Admin,safe-medication-admin,23:26,1406,https://members.simplenursing.com/wp-content/themes/simplenursing-app/images/videos/thumbnails/1.-Safe-Med-Admin-copy.webp,https://d1pumg6d5kr18o.cloudfront.net/new/safe_medication_admin_3/safe_medication_admin.m3u8,,0,11914,1113,Pharmacology / Pharm Fundamentals / Safety & Considerations
Pharmacology,Pharmacology / Pharm Fundamentals,Safety & Considerations,safety-considerations-pharm-fund,53m 46s,2,Pediatric Med Safety,pediatric-medication-safety,11:34,694,https://members.simplenursing.com/wp-content/themes/simplenursing-app/images/videos/thumbnails/2.-Pediatric-Med-Safety-copy.webp,https://d1pumg6d5kr18o.cloudfront.net/new/pediatric_medication_safety_2/pediatric_medication_safety.m3u8,,0,11924,1114,Pharmacology / Pharm Fundamentals / Safety & Considerations
Pharmacology,Pharmacology / Pharm Fundamentals,Safety & Considerations,safety-considerations-pharm-fund,53m 46s,3,Geriatric Organ Function,geriatric-organ-function,8:24,504,https://members.simplenursing.com/wp-content/themes/simplenursing-app/images/videos/thumbnails/3.-Geriatric-Organ-Function-copy.webp,https://d1pumg6d5kr18o.cloudfront.net/new/geriatric_organ_function_2/geriatric_organ_function.m3u8,,0,11923,1115,Pharmacology / Pharm Fundamentals / Safety & Considerations
Pharmacology,Pharmacology / Pharm Fundamentals,Safety & Considerations,safety-considerations-pharm-fund,53m 46s,4,Rights of Med Admin,6-rights-of-medication-administration,10:22,622,https://members.simplenursing.com/wp-content/themes/simplenursing-app/images/videos/thumbnails/4.-Rights-of-Med-Admin-copy.webp,https://d1pumg6d5kr18o.cloudfront.net/new/6_rights_of_medication_administration_2/6_rights_of_medication_administration.m3u8,,0,11915,1116,Pharmacology / Pharm Fundamentals / Safety & Considerations
Pharmacology,Pharmacology,Analgesic / Pain Meds,analgesic-pain-meds,44m 45s,1,Analgesic,analgesic,21:35,1295,https://members.simplenursing.com/wp-content/themes/simplenursing-app/images/videos/thumbnails/Analgesics.webp,https://d1pumg6d5kr18o.cloudfront.net/new/analgesics/analgesics.m3u8,"An analgesic or painkiller is any member of the group of drugs used to achieve analgesia, relief from pain. Analgesic drugs act in various ways on the peripheral and central nervous systems. They are distinct from anesthetics, which temporarily affect, and in some instances completely eliminate, sensation.",0,14079,1117,Pharmacology / Analgesic / Pain Meds
Pharmacology,Pharmacology,Analgesic / Pain Meds,analgesic-pain-meds,44m 45s,2,NSAIDS,nsaids,7:41,461,https://members.simplenursing.com/wp-content/themes/simplenursing-app/images/videos/thumbnails/Pharmacology-NSAIDS.webp,https://d1pumg6d5kr18o.cloudfront.net/new/nsaids/nsaids.m3u8,,0,14080,1118,Pharmacology / Analgesic / Pain Meds
Pharmacology,Pharmacology,Analgesic / Pain Meds,analgesic-pain-meds,44m 45s,3,Acetaminophen,acetaminophen,1:33,93,https://members.simplenursing.com/wp-content/themes/simplenursing-app/images/videos/thumbnails/Pharmacology-Acetominophen.webp,https://d1pumg6d5kr18o.cloudfront.net/new/acetaminophen/acetaminophen.m3u8,,0,14081,1119,Pharmacology / Analgesic / Pain Meds
Pharmacology,Pharmacology,Analgesic / Pain Meds,analgesic-pain-meds,44m 45s,4,Opioids,opioids,10:09,609,https://members.simplenursing.com/wp-content/themes/simplenursing-app/images/videos/thumbnails/Pharmacology-Opioids.webp,https://d1pumg6d5kr18o.cloudfront.net/new/opioids/opioids.m3u8,,0,14082,1120,Pharmacology / Analgesic / Pain Meds
Pharmacology,Pharmacology,Analgesic / Pain Meds,analgesic-pain-meds,44m 45s,5,PCA Pump,pca-pump,1:13,73,https://members.simplenursing.com/wp-content/themes/simplenursing-app/images/videos/thumbnails/Pharmacology-PCA-Pump.webp,https://d1pumg6d5kr18o.cloudfront.net/new/pca_pump/pca_pump.m3u8,,0,14083,1121,Pharmacology / Analgesic / Pain Meds
Pharmacology,Pharmacology,Analgesic / Pain Meds,analgesic-pain-meds,44m 45s,6,Fentanyl,fentanyl,1:24,84,https://members.simplenursing.com/wp-content/themes/simplenursing-app/images/videos/thumbnails/Pharmacology-Fentanyl.webp,https://d1pumg6d5kr18o.cloudfront.net/new/fentanyl/fentanyl.m3u8,,0,14084,1122,Pharmacology / Analgesic / Pain Meds
Pharmacology,Pharmacology,Analgesic / Pain Meds,analgesic-pain-meds,44m 45s,7,Capsaicin,capsaicin,1:10,70,https://members.simplenursing.com/wp-content/themes/simplenursing-app/images/videos/thumbnails/Pharmacology-Capsaicin.webp,https://d1pumg6d5kr18o.cloudfront.net/new/capsaicin/capsaicin.m3u8,,0,14085,1123,Pharmacology / Analgesic / Pain Meds
Pharmacology,Pharmacology / Anti – Infectives,Antibiotics,antibiotics,50m 55s,1,Antibiotics,antibiotics,24:47,1487,https://members.simplenursing.com/wp-content/themes/simplenursing-app/images/videos/thumbnails/Pharmacology-Antibiotics.webp,https://d1pumg6d5kr18o.cloudfront.net/new/3.anti-infectives/a.%20antibiotics/0.antibiotics2/part.m3u8,,0,14094,1124,Pharmacology / Anti – Infectives / Antibiotics
Pharmacology,Pharmacology / Anti – Infectives,Antibiotics,antibiotics,50m 55s,2,Top Test Tips,top-test-tips,3:46,226,https://members.simplenursing.com/wp-content/themes/simplenursing-app/images/videos/thumbnails/2.-Top-Test-Tips-copy.webp,https://d1pumg6d5kr18o.cloudfront.net/new/3.anti-infectives/a. antibiotics/1.top-test-tips/1.top-test-tips.m3u8,,0,14095,1125,Pharmacology / Anti – Infectives / Antibiotics
Pharmacology,Pharmacology / Anti – Infectives,Antibiotics,antibiotics,50m 55s,3,Penicillin & Cephalosporins,penicillin-cephalosporins,3:10,190,https://members.simplenursing.com/wp-content/themes/simplenursing-app/images/videos/thumbnails/3.-Penicillin-Cephalosporins-copy.webp,https://d1pumg6d5kr18o.cloudfront.net/new/3.anti-infectives/a. antibiotics/2.penicillin-&-cephalosporinsm/2.penicillin-&-cephalosporinsm.m3u8,,0,14097,1126,Pharmacology / Anti – Infectives / Antibiotics
Pharmacology,Pharmacology / Anti – Infectives,Antibiotics,antibiotics,50m 55s,4,Vancomycin vs. Gentamicin,vancomycin-vs-gentamicin,5:51,351,https://members.simplenursing.com/wp-content/themes/simplenursing-app/images/videos/thumbnails/4.-Vancomycin-vs.-Gentamicin-copy.webp,https://d1pumg6d5kr18o.cloudfront.net/new/3.anti-infectives/a. antibiotics/3-vancomycin_vs_gentamicin2/3-vancomycin_vs_gentamicin.m3u8,,0,14096,1127,Pharmacology / Anti – Infectives / Antibiotics
Pharmacology,Pharmacology / Anti – Infectives,Antibiotics,antibiotics,50m 55s,5,Azithromycin,azithromycin,1:25,85,https://members.simplenursing.com/wp-content/themes/simplenursing-app/images/videos/thumbnails/5.-Azithromycin-copy.webp,https://d1pumg6d5kr18o.cloudfront.net/new/3.anti-infectives/a. antibiotics/4-azithromycin2/4-azithromycin.m3u8,,0,14099,1128,Pharmacology / Anti – Infectives / Antibiotics
Pharmacology,Pharmacology / Anti – Infectives,Antibiotics,antibiotics,50m 55s,6,Tetracyclines,tetracyclines,1:35,95,https://members.simplenursing.com/wp-content/themes/simplenursing-app/images/videos/thumbnails/6.-Tetracyclines-copy.webp,https://d1pumg6d5kr18o.cloudfront.net/new/3.anti-infectives/a. antibiotics/5-tetracyclines2/5-tetracyclines.m3u8,,0,14098,1129,Pharmacology / Anti – Infectives / Antibiotics
Pharmacology,Pharmacology / Anti – Infectives,Antibiotics,antibiotics,50m 55s,7,Metronidazole,metronidazole,2:04,124,https://members.simplenursing.com/wp-content/themes/simplenursing-app/images/videos/thumbnails/7.-Metronidazole-copy.webp,https://d1pumg6d5kr18o.cloudfront.net/new/3.anti-infectives/a. antibiotics/6-metronidazole2/6-metronidazole.m3u8,,0,14100,1130,Pharmacology / Anti – Infectives / Antibiotics
Pharmacology,Pharmacology / Anti – Infectives,Antibiotics,antibiotics,50m 55s,8,Sulfonamides & Levofloxacin,sulfonamides-levofloxacin,3:42,222,https://members.simplenursing.com/wp-content/themes/simplenursing-app/images/videos/thumbnails/8.-Sulfonamides-Levofloxacin-copy.webp,https://d1pumg6d5kr18o.cloudfront.net/new/3.anti-infectives/a. antibiotics/7-sulfonamides_levofloxacin2/7-sulfonamides_levofloxacin.m3u8,,0,14102,1131,Pharmacology / Anti – Infectives / Antibiotics
Pharmacology,Pharmacology / Anti – Infectives,Antibiotics,antibiotics,50m 55s,9,Phenazopyridine,phenazopyridine,1:17,77,https://members.simplenursing.com/wp-content/themes/simplenursing-app/images/videos/thumbnails/9.-Phenazopyridine-copy.webp,https://d1pumg6d5kr18o.cloudfront.net/new/3.anti-infectives/a. antibiotics/8-phenazopyridine2/8-phenazopyridine.m3u8,,0,14101,1132,Pharmacology / Anti – Infectives / Antibiotics
Pharmacology,Pharmacology / Anti – Infectives,Antibiotics,antibiotics,50m 55s,10,NCLEX Questions,nclex-questions-antibiotics,3:18,198,https://members.simplenursing.com/wp-content/themes/simplenursing-app/images/videos/thumbnails/10.-NCLEX-Questions-copy.webp,https://d1pumg6d5kr18o.cloudfront.net/new/3.anti-infectives/a. antibiotics/9-nclex_questions2/9-nclex_questions.m3u8,,0,14103,1133,Pharmacology / Anti – Infectives / Antibiotics
Pharmacology,Pharmacology / Anti – Infectives,Antifungal,antifungal,10m 48s,1,Antifungals,antifungals,4:26,266,https://members.simplenursing.com/wp-content/themes/simplenursing-app/images/videos/thumbnails/1.-Antifungals-copy.webp,https://d1pumg6d5kr18o.cloudfront.net/new/3.anti-infectives/b. antifungal/1-antifungals2/1-antifungals_.m3u8,,0,14105,1134,Pharmacology / Anti – Infectives / Antifungal
Pharmacology,Pharmacology / Anti – Infectives,Antifungal,antifungal,10m 48s,2,Fluconazole,fluconazole,0:53,53,https://members.simplenursing.com/wp-content/themes/simplenursing-app/images/videos/thumbnails/2.-Fluconazole-copy.webp,https://d1pumg6d5kr18o.cloudfront.net/new/3.anti-infectives/b. antifungal/2-fluconazole2/2-fluconazole.m3u8,,0,14106,1135,Pharmacology / Anti – Infectives / Antifungal
Pharmacology,Pharmacology / Anti – Infectives,Antifungal,antifungal,10m 48s,3,Amphotericin B,amphotericin-b,0:30,30,https://members.simplenursing.com/wp-content/themes/simplenursing-app/images/videos/thumbnails/3.-Amphotericin-B-copy.webp,https://d1pumg6d5kr18o.cloudfront.net/new/3.anti-infectives/b. antifungal/3-amphotericin_b2/3-amphotericin_b.m3u8,,0,14107,1136,Pharmacology / Anti – Infectives / Antifungal
Pharmacology,Pharmacology / Anti – Infectives,Antifungal,antifungal,10m 48s,4,Nystatin,nystatin,3:03,183,https://members.simplenursing.com/wp-content/themes/simplenursing-app/images/videos/thumbnails/4.-Nystatin-copy.webp,https://d1pumg6d5kr18o.cloudfront.net/new/3.anti-infectives/b. antifungal/4-nystatin2/4-nystatin.m3u8,,0,14108,1137,Pharmacology / Anti – Infectives / Antifungal
Pharmacology,Pharmacology / Anti – Infectives,Antifungal,antifungal,10m 48s,5,NCLEX Questions,nclex-questions-antifungal,1:56,116,https://members.simplenursing.com/wp-content/themes/simplenursing-app/images/videos/thumbnails/5.-NCLEX-Questions-copy.webp,https://d1pumg6d5kr18o.cloudfront.net/new/3.anti-infectives/b. antifungal/5-nclex_questions2/5-nclex_questions_.m3u8,,0,14109,1138,Pharmacology / Anti – Infectives / Antifungal
Pharmacology,Pharmacology / Anti – Infectives,Antivirals,antivirals,48s,1,Antivirals,antivirals,0:48,48,https://members.simplenursing.com/wp-content/themes/simplenursing-app/images/videos/thumbnails/1.-Antivirals-copy.webp,https://d1pumg6d5kr18o.cloudfront.net/new/3.anti-infectives/antivirals2/antivirals2.m3u8,,0,14110,1139,Pharmacology / Anti – Infectives / Antivirals
Pharmacology,Pharmacology / Anti – Infectives,TB Drugs,tb-drugs,7m 30s,1,TB Drugs,tb-drugs,7:30,450,https://members.simplenursing.com/wp-content/themes/simplenursing-app/images/videos/thumbnails/1.-TB-Drugs-copy.webp,https://d1pumg6d5kr18o.cloudfront.net/new/3.anti-infectives/tbdrugs2/tbdrugs.m3u8,,0,14111,1140,Pharmacology / Anti – Infectives / TB Drugs
Pharmacology,Pharmacology / Cardiovascular,Antihypertensives,antihypertensives,47m 5s,1,Antihypertensives Full Video,antihypertensives-full-video,24:13,1453,https://members.simplenursing.com/wp-content/themes/simplenursing-app/images/videos/thumbnails/Antihypertensives-Full-Video-copy.webp,https://d1pumg6d5kr18o.cloudfront.net/new/4.cardiovascular/2_pharmacology_1_antihypertensive_full_video/2_pharmacology_1_antihypertensive_full_video.m3u8,,0,14123,1141,Pharmacology / Cardiovascular / Antihypertensives
Pharmacology,Pharmacology / Cardiovascular,Antihypertensives,antihypertensives,47m 5s,2,ACE Inhibitors vs ARBs,ace-inhibitors-vs-arbs,3:28,208,https://members.simplenursing.com/wp-content/themes/simplenursing-app/images/videos/thumbnails/2.-ACE-Inhibitors-vs-ARBs-copy.webp,https://d1pumg6d5kr18o.cloudfront.net/new/4.cardiovascular/2.ace-inhibitors-vs-arbs/2.ace-inhibitors-vs-arbs.m3u8,,0,14124,1142,Pharmacology / Cardiovascular / Antihypertensives
Pharmacology,Pharmacology / Cardiovascular,Antihypertensives,antihypertensives,47m 5s,3,Beta Blockers,beta-blockers,2:56,176,https://members.simplenursing.com/wp-content/themes/simplenursing-app/images/videos/thumbnails/3.-Beta-Blockers-copy.webp,https://d1pumg6d5kr18o.cloudfront.net/new/4.cardiovascular/3.beta-blockers/3.beta-blockers.m3u8,,0,14125,1143,Pharmacology / Cardiovascular / Antihypertensives
Pharmacology,Pharmacology / Cardiovascular,Antihypertensives,antihypertensives,47m 5s,4,Calcium Channel Blockers,calcium-channel-blockers,3:12,192,https://members.simplenursing.com/wp-content/themes/simplenursing-app/images/videos/thumbnails/4.-Calcium-Channel-Blockers-copy.webp,https://d1pumg6d5kr18o.cloudfront.net/new/4.cardiovascular/4.calcium-channel-blockers/4.calcium-channel-blockers.m3u8,,0,14126,1144,Pharmacology / Cardiovascular / Antihypertensives
Pharmacology,Pharmacology / Cardiovascular,Antihypertensives,antihypertensives,47m 5s,5,Cardiac Glycoside,cardiac-glycoside,3:37,217,https://members.simplenursing.com/wp-content/themes/simplenursing-app/images/videos/thumbnails/5.-Cardiac-Glycoside-copy.webp,https://d1pumg6d5kr18o.cloudfront.net/new/4.cardiovascular/5.cardiac-glycoside/5.cardiac-glycoside.m3u8,,0,14127,1145,Pharmacology / Cardiovascular / Antihypertensives
Pharmacology,Pharmacology / Cardiovascular,Antihypertensives,antihypertensives,47m 5s,6,Vasodilators,vasodilators,3:19,199,https://members.simplenursing.com/wp-content/themes/simplenursing-app/images/videos/thumbnails/6.-Vasodilators-copy.webp,https://d1pumg6d5kr18o.cloudfront.net/new/4.cardiovascular/6.vasodilators/6.vasodilators.m3u8,,0,14128,1146,Pharmacology / Cardiovascular / Antihypertensives
Pharmacology,Pharmacology / Cardiovascular,Antihypertensives,antihypertensives,47m 5s,7,Diuretics,diuretics,6:20,380,https://members.simplenursing.com/wp-content/themes/simplenursing-app/images/videos/thumbnails/7.-Diuretics-copy.webp,https://d1pumg6d5kr18o.cloudfront.net/new/4.cardiovascular/2_pharmacology_2_diuretics/2_pharmacology_2_diuretics.m3u8,,0,14129,1147,Pharmacology / Cardiovascular / Antihypertensives
Pharmacology,Pharmacology / Cardiovascular,Antidysrhythmics,antidysrhythmics,38m 40s,1,Antidysrhythmics Full video,antidysrhythmics-full-video,18:25,1105,https://members.simplenursing.com/wp-content/themes/simplenursing-app/images/videos/thumbnails/1.-Antidysrhythmics-Full-video-copy.webp,https://d1pumg6d5kr18o.cloudfront.net/new/pharmacology_cardiovascular_antidysrhythmics_1_antidysrhythmics_full_video/pharmacology_cardiovascular_antidysrhythmics_1_antidysrhythmics_full_video.m3u8,,0,17045,1148,Pharmacology / Cardiovascular / Antidysrhythmics
Pharmacology,Pharmacology / Cardiovascular,Antidysrhythmics,antidysrhythmics,38m 40s,2,Classes of drugs & Memory Trick,classes-of-drugs-memory-trick,4:54,294,https://members.simplenursing.com/wp-content/themes/simplenursing-app/images/videos/thumbnails/2.-Classes-of-drugs-Memory-Trick-copy.webp,https://d1pumg6d5kr18o.cloudfront.net/new/pharmacology_cardiovascular_antidysrhythmics_2_classes_of_drugs_memory_trick/pharmacology_cardiovascular_antidysrhythmics_2_classes_of_drugs_memory_trick.m3u8,,0,17046,1149,Pharmacology / Cardiovascular / Antidysrhythmics
Pharmacology,Pharmacology / Cardiovascular,Antidysrhythmics,antidysrhythmics,38m 40s,3,Atropine,atropine-2,1:08,68,https://members.simplenursing.com/wp-content/themes/simplenursing-app/images/videos/thumbnails/3.-Atropine-copy.webp,https://d1pumg6d5kr18o.cloudfront.net/new/pharmacology_cardiovascular_antidysrhythmics_3_atropine/pharmacology_cardiovascular_antidysrhythmics_3_atropine.m3u8,,0,17047,1150,Pharmacology / Cardiovascular / Antidysrhythmics
Pharmacology,Pharmacology / Cardiovascular,Antidysrhythmics,antidysrhythmics,38m 40s,4,Adenosine,adenosine,1:05,65,https://members.simplenursing.com/wp-content/themes/simplenursing-app/images/videos/thumbnails/4.-Adenosine-copy.webp,https://d1pumg6d5kr18o.cloudfront.net/new/pharmacology_cardiovascular_antidysrhythmics_4_adenosine/pharmacology_cardiovascular_antidysrhythmics_4_adenosine.m3u8,,0,17048,1151,Pharmacology / Cardiovascular / Antidysrhythmics
Pharmacology,Pharmacology / Cardiovascular,Antidysrhythmics,antidysrhythmics,38m 40s,5,Beta blockers,beta-blockers-2,1:14,74,https://members.simplenursing.com/wp-content/themes/simplenursing-app/images/videos/thumbnails/5.-Beta-blockers-copy.webp,https://d1pumg6d5kr18o.cloudfront.net/new/pharmacology_cardiovascular_antidysrhythmics_5_beta_blockers/pharmacology_cardiovascular_antidysrhythmics_5_beta_blockers.m3u8,,0,17049,1152,Pharmacology / Cardiovascular / Antidysrhythmics
Pharmacology,Pharmacology / Cardiovascular,Antidysrhythmics,antidysrhythmics,38m 40s,6,Calcium channel blockers,calcium-channel-blockers-2,2:24,144,https://members.simplenursing.com/wp-content/themes/simplenursing-app/images/videos/thumbnails/6.-Calcium-channel-blockers-copy.webp,https://d1pumg6d5kr18o.cloudfront.net/new/pharmacology_cardiovascular_antidysrhythmics_6_calcium_channel_blockers/pharmacology_cardiovascular_antidysrhythmics_6_calcium_channel_blockers.m3u8,,0,17050,1153,Pharmacology / Cardiovascular / Antidysrhythmics
Pharmacology,Pharmacology / Cardiovascular,Antidysrhythmics,antidysrhythmics,38m 40s,7,Digoxin,digoxin-2,3:59,239,https://members.simplenursing.com/wp-content/themes/simplenursing-app/images/videos/thumbnails/7.-Digoxin-copy.webp,https://d1pumg6d5kr18o.cloudfront.net/new/medical_surgical_labs_top_5_toxic_drug_levels_3_digoxin/medical_surgical_labs_top_5_toxic_drug_levels_3_digoxin.m3u8,,0,17059,1154,Pharmacology / Cardiovascular / Antidysrhythmics
Pharmacology,Pharmacology / Cardiovascular,Antidysrhythmics,antidysrhythmics,38m 40s,8,Lidocaine & Amiodarone,lidocaine-amiodarone,3:05,185,https://members.simplenursing.com/wp-content/themes/simplenursing-app/images/videos/thumbnails/8.-Lidocaine-Amiodarone-copy.webp,https://d1pumg6d5kr18o.cloudfront.net/new/pharmacology_cardiovascular_antidysrhythmics_8_lidocaine_amiodarone/pharmacology_cardiovascular_antidysrhythmics_8_lidocaine_amiodarone.m3u8,,0,17052,1155,Pharmacology / Cardiovascular / Antidysrhythmics
Pharmacology,Pharmacology / Cardiovascular,Antidysrhythmics,antidysrhythmics,38m 40s,9,Memory trick - A drugs,memory-trick-a-drugs,1:03,63,https://members.simplenursing.com/wp-content/themes/simplenursing-app/images/videos/thumbnails/9.-Memory-trick-A-drugs-copy.webp,https://d1pumg6d5kr18o.cloudfront.net/new/pharmacology_cardiovascular_antidysrhythmics_9_memory_trick_a_drugs/pharmacology_cardiovascular_antidysrhythmics_9_memory_trick_a_drugs.m3u8,,0,17053,1156,Pharmacology / Cardiovascular / Antidysrhythmics
Pharmacology,Pharmacology / Cardiovascular,Antidysrhythmics,antidysrhythmics,38m 40s,10,NCLEX Question - Antidysrhythmics,nclex-question-antidysrhythmics,1:23,83,https://members.simplenursing.com/wp-content/themes/simplenursing-app/images/videos/thumbnails/10.-NCLEX-Question-Antidysrhythmics-copy.webp,https://d1pumg6d5kr18o.cloudfront.net/new/pharmacology_cardiovascular_antidysrhythmics_10_nclex_question_antidysrhythmics/pharmacology_cardiovascular_antidysrhythmics_10_nclex_question_antidysrhythmics.m3u8,,0,17054,1157,Pharmacology / Cardiovascular / Antidysrhythmics
Pharmacology,Pharmacology / Cardiovascular,Clonidine,clonidine,4m 7s,1,Clonidine,clonidine,4:07,247,https://members.simplenursing.com/wp-content/themes/simplenursing-app/images/videos/thumbnails/1.-Clonidine-copy.webp,https://d1pumg6d5kr18o.cloudfront.net/new/pharmacology_cardiovascular_clodinine_clodinine/pharmacology_cardiovascular_clodinine_clodinine.m3u8,,0,17055,1158,Pharmacology / Cardiovascular / Clonidine
Pharmacology,Pharmacology / Cardiovascular,"Inotropic, Chronotropic, Dromotropic",inotropic-chronotropic-dromotropic,2m 50s,1,"Inotropic, Chronotropic, Dromotropic",inotropic-chronotropic-dromotropic,2:50,170,https://members.simplenursing.com/wp-content/themes/simplenursing-app/images/videos/thumbnails/1.-Inotropic-Chronotropic-Dromotropic-copy.webp,https://d1pumg6d5kr18o.cloudfront.net/new/pharmacology_cardiovascular_inotropic_chronotropic_dromotropic/pharmacology_cardiovascular_inotropic_chronotropic_dromotropic.m3u8,,0,17056,1159,"Pharmacology / Cardiovascular / Inotropic, Chronotropic, Dromotropic"
Pharmacology,Pharmacology / Cardiovascular,Vasopressors,vasopressors-cardio,24m 15s,1,Vasopressor Full Video,vasopressor-full-video,12:58,778,https://members.simplenursing.com/wp-content/themes/simplenursing-app/images/videos/thumbnails/1.-Vasopressor-Full-Video-copy.webp,https://d1pumg6d5kr18o.cloudfront.net/new/vasopressors_1_vasopressors_full_video/vasopressors_1_vasopressors_full_video.m3u8,,0,16790,1160,Pharmacology / Cardiovascular / Vasopressors
Pharmacology,Pharmacology / Cardiovascular,Vasopressors,vasopressors-cardio,24m 15s,2,Alpha & Beta physiology,alpha-beta-physiology,4:02,242,https://members.simplenursing.com/wp-content/themes/simplenursing-app/images/videos/thumbnails/2.-Alpha-Beta-physiology-copy.webp,https://d1pumg6d5kr18o.cloudfront.net/new/vasopressors_2_alpha_beta_physiology/vasopressors_2_alpha_beta_physiology.m3u8,,0,16791,1161,Pharmacology / Cardiovascular / Vasopressors
Pharmacology,Pharmacology / Cardiovascular,Vasopressors,vasopressors-cardio,24m 15s,3,Epinephrine & Norepinephrine,epinephrine-norepinephrine,2:24,144,https://members.simplenursing.com/wp-content/themes/simplenursing-app/images/videos/thumbnails/3.-Epinephrine-Norepinephrine-copy.webp,https://d1pumg6d5kr18o.cloudfront.net/new/vasopressors_3_epinephrine_norepinephrine/vasopressors_3_epinephrine_norepinephrine.m3u8,,0,16792,1162,Pharmacology / Cardiovascular / Vasopressors
Pharmacology,Pharmacology / Cardiovascular,Vasopressors,vasopressors-cardio,24m 15s,4,Vasopressin,vasopressin,2:02,122,https://members.simplenursing.com/wp-content/themes/simplenursing-app/images/videos/thumbnails/4.-Vasopressin-copy.webp,https://d1pumg6d5kr18o.cloudfront.net/new/vasopressors_4_vasopressin/vasopressors_4_vasopressin.m3u8,,0,16793,1163,Pharmacology / Cardiovascular / Vasopressors
Pharmacology,Pharmacology / Cardiovascular,Vasopressors,vasopressors-cardio,24m 15s,5,Dobutamine & Dopamine,dobutamine-dopamine,2:49,169,https://members.simplenursing.com/wp-content/themes/simplenursing-app/images/videos/thumbnails/5.-Dobutamine-Dopamine-copy.webp,https://d1pumg6d5kr18o.cloudfront.net/new/vasopressors_5_dobutamine_dopamine/vasopressors_5_dobutamine_dopamine.m3u8,,0,16794,1164,Pharmacology / Cardiovascular / Vasopressors
Pharmacology,Pharmacology / Cardiovascular,Cholesterol Lowering Agents,cholesterol-lowering-agents,3m 44s,1,Cholesterol Lowering Agents,cholesterol-lowering-agents,3:44,224,https://members.simplenursing.com/wp-content/themes/simplenursing-app/images/videos/thumbnails/1.-Cholesterol-Lowering-Agents-copy.webp,https://d1pumg6d5kr18o.cloudfront.net/new/4.cardiovascular/Cholesterol-lowering-agents/Cholesterol-lowering-agents.m3u8,,0,14130,1165,Pharmacology / Cardiovascular / Cholesterol Lowering Agents
Pharmacology,Pharmacology / Cardiovascular,Myocardial Infarction Meds,myocardial-infarction-meds,7m 53s,1,Myocardial Infarction Meds,myocardial-infarction-meds,7:53,473,https://members.simplenursing.com/wp-content/themes/simplenursing-app/images/videos/thumbnails/1.-Myocardial-Infarction-Meds-copy.webp,https://d1pumg6d5kr18o.cloudfront.net/new/4.cardiovascular/Myocardial-infarction-meds/Myocardial-infarction-meds.m3u8,,0,14131,1166,Pharmacology / Cardiovascular / Myocardial Infarction Meds
Pharmacology,Pharmacology / Cardiovascular,Nitro / Angina,nitro-angina,4m 18s,1,Nitro / Angina,nitro-angina,4:18,258,https://members.simplenursing.com/wp-content/themes/simplenursing-app/images/videos/thumbnails/1.-Nitro-Angina-copy.webp,https://d1pumg6d5kr18o.cloudfront.net/new/4.cardiovascular/nitro-angina/nitro-angina.m3u8,,0,14132,1167,Pharmacology / Cardiovascular / Nitro / Angina
Pharmacology,Pharmacology,Endocrine,endocrine-pharm,26m 27s,1,Diabetic Drugs,diabetic-drugs,14:21,861,https://members.simplenursing.com/wp-content/themes/simplenursing-app/images/videos/thumbnails/1.-Diabetic-Drugs-copy.webp,https://d1pumg6d5kr18o.cloudfront.net/new/2_diabetic_drugs_updated/2_diabetic_drugs_%28insulin_oral_agents%29_updated.m3u8,,0,14140,1168,Pharmacology / Endocrine
Pharmacology,Pharmacology,Endocrine,endocrine-pharm,26m 27s,2,Thyroid Meds,thyroid-meds,6:00,360,https://members.simplenursing.com/wp-content/themes/simplenursing-app/images/videos/thumbnails/2.-Thyroid-Meds-copy.webp,https://d1pumg6d5kr18o.cloudfront.net/new/thryoid-meds/thryoid-meds.m3u8,,0,17485,1169,Pharmacology / Endocrine
Pharmacology,Pharmacology,Endocrine,endocrine-pharm,26m 27s,3,Steroids,steroids,6:06,366,https://members.simplenursing.com/wp-content/themes/simplenursing-app/images/videos/thumbnails/3.-Steroids-copy.webp,https://d1pumg6d5kr18o.cloudfront.net/new/5-endocrine/steroids/steroids.m3u8,,0,14142,1170,Pharmacology / Endocrine
Pharmacology,Pharmacology / GI & Nutrition,GI & Nutrition,gi-nutrition-pharm-playlist,1h 6m,1,GI & Nutrition,gi-nutrition,36:12,2172,https://members.simplenursing.com/wp-content/themes/simplenursing-app/images/videos/thumbnails/1.-GI-Nutrition-copy.webp,https://d1pumg6d5kr18o.cloudfront.net/new/6-gi-&-nutrition/0-gi-&-nutrition/0-gi-&-nutrition.m3u8,,0,14150,1171,Pharmacology / GI & Nutrition / GI & Nutrition
Pharmacology,Pharmacology / GI & Nutrition,GI & Nutrition,gi-nutrition-pharm-playlist,1h 6m,2,Nausea,nausea,2:50,170,https://members.simplenursing.com/wp-content/themes/simplenursing-app/images/videos/thumbnails/2.-Nausea-copy.webp,https://d1pumg6d5kr18o.cloudfront.net/new/6-gi-&-nutrition/1-nausea/1-nausea.m3u8,,0,14151,1172,Pharmacology / GI & Nutrition / GI & Nutrition
Pharmacology,Pharmacology / GI & Nutrition,GI & Nutrition,gi-nutrition-pharm-playlist,1h 6m,3,Constipation,constipation,1:03,63,https://members.simplenursing.com/wp-content/themes/simplenursing-app/images/videos/thumbnails/3.-Constipation-copy.webp,https://d1pumg6d5kr18o.cloudfront.net/new/2-constipation/2-constipation.m3u8,,0,11680,1173,Pharmacology / GI & Nutrition / GI & Nutrition
Pharmacology,Pharmacology / GI & Nutrition,GI & Nutrition,gi-nutrition-pharm-playlist,1h 6m,4,Lactulose,lactulose,1:53,113,https://members.simplenursing.com/wp-content/themes/simplenursing-app/images/videos/thumbnails/4.-Lactulose-copy.webp,https://d1pumg6d5kr18o.cloudfront.net/new/6-gi-&-nutrition/3-lactulose/3-lactulose.m3u8,,0,14153,1174,Pharmacology / GI & Nutrition / GI & Nutrition
Pharmacology,Pharmacology / GI & Nutrition,GI & Nutrition,gi-nutrition-pharm-playlist,1h 6m,5,Polystyrene Sulfonate,polystyrene-sulfonate,2:35,155,https://members.simplenursing.com/wp-content/themes/simplenursing-app/images/videos/thumbnails/5.-Polystyrene-Sulfonate-copy.webp,https://d1pumg6d5kr18o.cloudfront.net/new/6-gi-&-nutrition/4-polystyrene-sulfonate/4-polystyrene-sulfonate.m3u8,,0,14154,1175,Pharmacology / GI & Nutrition / GI & Nutrition
Pharmacology,Pharmacology / GI & Nutrition,GI & Nutrition,gi-nutrition-pharm-playlist,1h 6m,6,Antidiarrheal,antidiarrheal,1:02,62,https://members.simplenursing.com/wp-content/themes/simplenursing-app/images/videos/thumbnails/6.-Antidiarrheal-copy.webp,https://d1pumg6d5kr18o.cloudfront.net/new/6-gi-&-nutrition/5-antidiarrheal-/5-antidiarrheal-.m3u8,,0,14155,1176,Pharmacology / GI & Nutrition / GI & Nutrition
Pharmacology,Pharmacology / GI & Nutrition,GI & Nutrition,gi-nutrition-pharm-playlist,1h 6m,7,Dicyclomine,dicyclomine,2:30,150,https://members.simplenursing.com/wp-content/themes/simplenursing-app/images/videos/thumbnails/7.-Dicyclomine-copy.webp,https://d1pumg6d5kr18o.cloudfront.net/new/6-gi-&-nutrition/6-dicyclomine-/6-dicyclomine-.m3u8,,0,14156,1177,Pharmacology / GI & Nutrition / GI & Nutrition
Pharmacology,Pharmacology / GI & Nutrition,GI & Nutrition,gi-nutrition-pharm-playlist,1h 6m,8,Sulfasalazine,sulfasalazine,2:14,134,https://members.simplenursing.com/wp-content/themes/simplenursing-app/images/videos/thumbnails/8.-Sulfasalazine-copy.webp,https://d1pumg6d5kr18o.cloudfront.net/new/6-gi-&-nutrition/7-sulfasalazine-/7-sulfasalazine-.m3u8,,0,14157,1178,Pharmacology / GI & Nutrition / GI & Nutrition
Pharmacology,Pharmacology / GI & Nutrition,GI & Nutrition,gi-nutrition-pharm-playlist,1h 6m,9,Mucosal Protectant,mucosal-protectant,1:08,68,https://members.simplenursing.com/wp-content/themes/simplenursing-app/images/videos/thumbnails/9.-Mucosal-Protectant-copy.webp,https://d1pumg6d5kr18o.cloudfront.net/new/6-gi-&-nutrition/9-mucosal-protectant/9-mucosal-protectant.m3u8,,0,14161,1179,Pharmacology / GI & Nutrition / GI & Nutrition
Pharmacology,Pharmacology / GI & Nutrition,GI & Nutrition,gi-nutrition-pharm-playlist,1h 6m,10,Misoprostol,misoprostol,1:30,90,https://members.simplenursing.com/wp-content/themes/simplenursing-app/images/videos/thumbnails/10.-Misoprostol-copy.webp,https://d1pumg6d5kr18o.cloudfront.net/new/6-gi-&-nutrition/10-misoprostol/10-misoprostol.m3u8,,0,14162,1180,Pharmacology / GI & Nutrition / GI & Nutrition
Pharmacology,Pharmacology / GI & Nutrition,GI & Nutrition,gi-nutrition-pharm-playlist,1h 6m,11,Activated Charcoal,activated-charcoal,0:44,44,https://members.simplenursing.com/wp-content/themes/simplenursing-app/images/videos/thumbnails/11.-Activated-Charcoal-copy.webp,https://d1pumg6d5kr18o.cloudfront.net/new/6-gi-&-nutrition/11-activated-charcoal/11-activated-charcoal.m3u8,,0,14163,1181,Pharmacology / GI & Nutrition / GI & Nutrition
Pharmacology,Pharmacology / GI & Nutrition,GI & Nutrition,gi-nutrition-pharm-playlist,1h 6m,12,Pancrelipase,pancrelipase,1:13,73,https://members.simplenursing.com/wp-content/themes/simplenursing-app/images/videos/thumbnails/12.-Pancrelipase-copy.webp,https://d1pumg6d5kr18o.cloudfront.net/new/6-gi-&-nutrition/12-pancrelipase-/12-pancrelipase-.m3u8,,0,14164,1182,Pharmacology / GI & Nutrition / GI & Nutrition
Pharmacology,Pharmacology / GI & Nutrition,GI & Nutrition,gi-nutrition-pharm-playlist,1h 6m,13,Vitamins / Herbs,vitamins-herbs,11:53,713,https://members.simplenursing.com/wp-content/themes/simplenursing-app/images/videos/thumbnails/13.-Vitamins-Herbs-copy.webp,https://d1pumg6d5kr18o.cloudfront.net/new/6-gi-&-nutrition/13-vitamins-_-herbs/13-vitamins-_-herbs.m3u8,,0,14165,1183,Pharmacology / GI & Nutrition / GI & Nutrition
Pharmacology,Pharmacology / GI & Nutrition,Acid Reducing Meds,acid-reducing-meds,10m 42s,1,Acid Reducing Meds,acid-reducing-meds,5:34,334,https://members.simplenursing.com/wp-content/themes/simplenursing-app/images/videos/thumbnails/1.-Acid-Reducing-Meds-copy.webp,https://d1pumg6d5kr18o.cloudfront.net/new/6-gi-&-nutrition/8-acid-reducing-meds/1-acid-reducing-meds/1-acid-reducing-meds.m3u8,,0,14158,1184,Pharmacology / GI & Nutrition / Acid Reducing Meds
Pharmacology,Pharmacology / GI & Nutrition,Acid Reducing Meds,acid-reducing-meds,10m 42s,2,Antacids,antacids,2:20,140,https://members.simplenursing.com/wp-content/themes/simplenursing-app/images/videos/thumbnails/2.-Antacids-copy.webp,https://d1pumg6d5kr18o.cloudfront.net/new/6-gi-&-nutrition/8-acid-reducing-meds/2-antacids-/2-antacids-.m3u8,,0,14159,1185,Pharmacology / GI & Nutrition / Acid Reducing Meds
Pharmacology,Pharmacology / GI & Nutrition,Acid Reducing Meds,acid-reducing-meds,10m 42s,3,H2 Blockers vs. PPI,h2-blockers-vs-ppi,2:48,168,https://members.simplenursing.com/wp-content/themes/simplenursing-app/images/videos/thumbnails/3.-H2-Blockers-vs.-PPI-copy.webp,https://d1pumg6d5kr18o.cloudfront.net/new/6-gi-&-nutrition/8-acid-reducing-meds/3-h2-blockers-vs-ppi/3-h2-blockers-vs-ppi.m3u8,,0,14160,1186,Pharmacology / GI & Nutrition / Acid Reducing Meds
Pharmacology,Pharmacology / Blood Thinners,Blood Thinners,blood-thinners-playlist,43m 8s,1,Blood Thinners Full Video,blood-thinners-full-video,29:20,1760,https://members.simplenursing.com/wp-content/themes/simplenursing-app/images/videos/thumbnails/1.-Blood-Thinners-Full-Video-copy.webp,https://d1pumg6d5kr18o.cloudfront.net/new/7-blood-thinners/1-blood-thinners-/1-blood-thinners-.m3u8,,0,14169,1187,Pharmacology / Blood Thinners / Blood Thinners
Pharmacology,Pharmacology / Blood Thinners,Blood Thinners,blood-thinners-playlist,43m 8s,2,Antiplatelet,antiplatelet,5:41,341,https://members.simplenursing.com/wp-content/themes/simplenursing-app/images/videos/thumbnails/2.-Antiplatelet-copy.webp,https://d1pumg6d5kr18o.cloudfront.net/new/7-blood-thinners/2-antiplatelet/2-antiplatelet.m3u8,,0,14170,1188,Pharmacology / Blood Thinners / Blood Thinners
Pharmacology,Pharmacology / Blood Thinners,Blood Thinners,blood-thinners-playlist,43m 8s,3,Thrombolytics,thrombolytics,2:06,126,https://members.simplenursing.com/wp-content/themes/simplenursing-app/images/videos/thumbnails/3.-Thrombolytics-copy.webp,https://d1pumg6d5kr18o.cloudfront.net/new/7-blood-thinners/4-thrombolytics/4-thrombolytics.m3u8,,0,14174,1189,Pharmacology / Blood Thinners / Blood Thinners
Pharmacology,Pharmacology / Blood Thinners,Blood Thinners,blood-thinners-playlist,43m 8s,4,Top Test Tips,top-test-tips-blood-thinners,6:01,361,https://members.simplenursing.com/wp-content/themes/simplenursing-app/images/videos/thumbnails/4.-Top-Test-Tips-copy.webp,https://d1pumg6d5kr18o.cloudfront.net/new/7-blood-thinners/5-top-test-tips/5-top-test-tips.m3u8,,0,14175,1190,Pharmacology / Blood Thinners / Blood Thinners
Pharmacology,Pharmacology / Blood Thinners,Anticoagulants,anticoagulants,14m 56s,1,Heparin / Warfarin,heparin-warfarin,12:26,746,https://members.simplenursing.com/wp-content/themes/simplenursing-app/images/videos/thumbnails/1.-Heparin-Warfarin-copy.webp,https://d1pumg6d5kr18o.cloudfront.net/new/7-blood-thinners/3-anticoagulants/1-heparin-_-warfarin/1-heparin-_-warfarin.m3u8,,0,14171,1191,Pharmacology / Blood Thinners / Anticoagulants
Pharmacology,Pharmacology / Blood Thinners,Anticoagulants,anticoagulants,14m 56s,2,Rivaroxaban,rivaroxaban,1:25,85,https://members.simplenursing.com/wp-content/themes/simplenursing-app/images/videos/thumbnails/2.-Rivaroxaban-copy.webp,https://d1pumg6d5kr18o.cloudfront.net/new/7-blood-thinners/3-anticoagulants/2-rivaroxaban/2-rivaroxaban.m3u8,,0,14172,1192,Pharmacology / Blood Thinners / Anticoagulants
Pharmacology,Pharmacology / Blood Thinners,Anticoagulants,anticoagulants,14m 56s,3,Dabigatran,dabigatran,1:05,65,https://members.simplenursing.com/wp-content/themes/simplenursing-app/images/videos/thumbnails/3.-Dabigatran-copy.webp,https://d1pumg6d5kr18o.cloudfront.net/new/7-blood-thinners/3-anticoagulants/3-dabigatran/3-dabigatran.m3u8,,0,14173,1193,Pharmacology / Blood Thinners / Anticoagulants
Pharmacology,Pharmacology,Oncology / Cancer,oncology-cancer,51m 23s,1,Cancer Full video,cancer-full-video,23:23,1403,https://members.simplenursing.com/wp-content/themes/simplenursing-app/images/videos/thumbnails/1.-Cancer-Full-video-copy.webp,https://d1pumg6d5kr18o.cloudfront.net/new/pharm2/1_oncology(cancer)/0_full_video/0_full_video.m3u8,,0,15969,1194,Pharmacology / Oncology / Cancer
Pharmacology,Pharmacology,Oncology / Cancer,oncology-cancer,51m 23s,2,Chemotherapy,chemotherapy,10:37,637,https://members.simplenursing.com/wp-content/themes/simplenursing-app/images/videos/thumbnails/2.-Chemotherapy-copy.webp,https://d1pumg6d5kr18o.cloudfront.net/new/pharm2/1_oncology(cancer)/1_chemotherapy/1_chemotherapy.m3u8,,0,15970,1195,Pharmacology / Oncology / Cancer
Pharmacology,Pharmacology,Oncology / Cancer,oncology-cancer,51m 23s,3,Breast Cancer,breast-cancer,1:59,119,https://members.simplenursing.com/wp-content/themes/simplenursing-app/images/videos/thumbnails/3.-Breast-Cancer-copy.webp,https://d1pumg6d5kr18o.cloudfront.net/new/pharm2/1_oncology(cancer)/2_breast_cancer/2_breast_cancer.m3u8,,0,15971,1196,Pharmacology / Oncology / Cancer
Pharmacology,Pharmacology,Oncology / Cancer,oncology-cancer,51m 23s,4,New cell stimulators,new-cell-stimulators,1:21,81,https://members.simplenursing.com/wp-content/themes/simplenursing-app/images/videos/thumbnails/4.-New-cell-stimulators-copy.webp,https://d1pumg6d5kr18o.cloudfront.net/new/pharm2/1_oncology(cancer)/3_new_cell_stimulators/3_new_cell_stimulators.m3u8,,0,15972,1197,Pharmacology / Oncology / Cancer
Pharmacology,Pharmacology,Oncology / Cancer,oncology-cancer,51m 23s,5,Interferon,interferon,1:01,61,https://members.simplenursing.com/wp-content/themes/simplenursing-app/images/videos/thumbnails/5.-Interferon-copy.webp,https://d1pumg6d5kr18o.cloudfront.net/new/pharm2/1_oncology(cancer)/4_interferon/4_interferon.m3u8,,0,15973,1198,Pharmacology / Oncology / Cancer
Pharmacology,Pharmacology,Oncology / Cancer,oncology-cancer,51m 23s,6,Radiation Brachytherapy,radiation-brachytherapy,8:20,500,https://members.simplenursing.com/wp-content/themes/simplenursing-app/images/videos/thumbnails/6.-Radiation-Brachytherapy-copy.webp,https://d1pumg6d5kr18o.cloudfront.net/new/pharm2/1_oncology(cancer)/5_radiation_brachytherapy/5_radiation_brachytherapy.m3u8,,0,15974,1199,Pharmacology / Oncology / Cancer
Pharmacology,Pharmacology,Oncology / Cancer,oncology-cancer,51m 23s,7,NCLEX Questions,nclex-questions,4:42,282,https://members.simplenursing.com/wp-content/themes/simplenursing-app/images/videos/thumbnails/7.-NCLEX-Questions-copy.webp,https://d1pumg6d5kr18o.cloudfront.net/new/pharm2/1_oncology(cancer)/6_nclex_questions/6_nclex_questions.m3u8,,0,15975,1200,Pharmacology / Oncology / Cancer
Pharmacology,Pharmacology,Immune,immune,54m 32s,1,Immune Full video,immune-full-video,27:18,1638,https://members.simplenursing.com/wp-content/themes/simplenursing-app/images/videos/thumbnails/1.-Immune-Full-video-copy.webp,https://d1pumg6d5kr18o.cloudfront.net/new/pharm2/2_immune/1_full_video/1_full_video.m3u8,,0,15976,1201,Pharmacology / Immune
Pharmacology,Pharmacology,Immune,immune,54m 32s,2,Immunosuppressants,immunosuppressants,13:13,793,https://members.simplenursing.com/wp-content/themes/simplenursing-app/images/videos/thumbnails/2.-Immunosuppressants-copy.webp,https://d1pumg6d5kr18o.cloudfront.net/new/pharm2/2_immune/2_immunosuppressants/2_immunosuppressants.m3u8,,0,15977,1202,Pharmacology / Immune
Pharmacology,Pharmacology,Immune,immune,54m 32s,3,Epi-Pen,epi-pen,6:10,370,https://members.simplenursing.com/wp-content/themes/simplenursing-app/images/videos/thumbnails/3.-Epi-Pen-copy.webp,https://d1pumg6d5kr18o.cloudfront.net/new/pharm2/2_immune/3_epi-pen/3_epi-pen.m3u8,,0,15978,1203,Pharmacology / Immune
Pharmacology,Pharmacology,Immune,immune,54m 32s,4,NCLEX Questions,nclex-questions-immune,7:51,471,https://members.simplenursing.com/wp-content/themes/simplenursing-app/images/videos/thumbnails/4.-NCLEX-Questions-copy.webp,https://d1pumg6d5kr18o.cloudfront.net/new/pharm2/2_immune/4_nclex_questions/4_nclex_questions.m3u8,,0,15979,1204,Pharmacology / Immune
Pharmacology,Pharmacology,Integumentary,integumentary,2m 46s,1,Skin Full Video,skin-full-video,2:46,166,https://members.simplenursing.com/wp-content/themes/simplenursing-app/images/videos/thumbnails/1.-Skin-Full-Video-copy.webp,https://d1pumg6d5kr18o.cloudfront.net/new/pharm2/3._integumentary_skin/3._integumentary_skin.m3u8,,0,15980,1205,Pharmacology / Integumentary
Pharmacology,Pharmacology,Musculoskeletal,musculoskeletal-pharm,34m 59s,1,Musculoskeletal Full Video,musculoskeletal-full-video,17:33,1053,https://members.simplenursing.com/wp-content/themes/simplenursing-app/images/videos/thumbnails/1.-Musculoskeletal-Full-Video-copy.webp,https://d1pumg6d5kr18o.cloudfront.net/new/pharm2/4_musculoskeletal/1_full_video/1_full_video.m3u8,,0,15981,1206,Pharmacology / Musculoskeletal
Pharmacology,Pharmacology,Musculoskeletal,musculoskeletal-pharm,34m 59s,2,Gout Meds,gout-meds,3:10,190,https://members.simplenursing.com/wp-content/themes/simplenursing-app/images/videos/thumbnails/2.-Gout-Meds-copy.webp,https://d1pumg6d5kr18o.cloudfront.net/new/pharm2/4_musculoskeletal/2_gout_drugs/2_gout_drugs.m3u8,,0,15982,1207,Pharmacology / Musculoskeletal
Pharmacology,Pharmacology,Musculoskeletal,musculoskeletal-pharm,34m 59s,3,Calcium Carbonate,calcium-carbonate,1:20,80,https://members.simplenursing.com/wp-content/themes/simplenursing-app/images/videos/thumbnails/3.-Calcium-Carbonate-copy.webp,https://d1pumg6d5kr18o.cloudfront.net/new/pharm2/4_musculoskeletal/3_calcium_carbonate/3_calcium_carbonate.m3u8,,0,15983,1208,Pharmacology / Musculoskeletal
Pharmacology,Pharmacology,Musculoskeletal,musculoskeletal-pharm,34m 59s,4,Risedronate,risedronate,1:05,65,https://members.simplenursing.com/wp-content/themes/simplenursing-app/images/videos/thumbnails/4.-Risedronate-copy.webp,https://d1pumg6d5kr18o.cloudfront.net/new/pharm2/4_musculoskeletal/4_risdronate/4_risdronate.m3u8,,0,15984,1209,Pharmacology / Musculoskeletal
Pharmacology,Pharmacology,Musculoskeletal,musculoskeletal-pharm,34m 59s,5,Muscle Relaxers,muscle-relaxers,5:57,357,https://members.simplenursing.com/wp-content/themes/simplenursing-app/images/videos/thumbnails/5.-Muscle-Relaxers-copy.webp,https://d1pumg6d5kr18o.cloudfront.net/new/pharm2/4_musculoskeletal/5_muscle_relaxers/5_muscle_relaxers.m3u8,,0,15985,1210,Pharmacology / Musculoskeletal
Pharmacology,Pharmacology,Musculoskeletal,musculoskeletal-pharm,34m 59s,6,NCLEX Questions,nclex-questions-musculoskeletal,5:54,354,https://members.simplenursing.com/wp-content/themes/simplenursing-app/images/videos/thumbnails/6.-NCLEX-Questions-copy.webp,https://d1pumg6d5kr18o.cloudfront.net/new/pharm2/4_musculoskeletal/6_nclex_questions/6_nclex_questions.m3u8,,0,15986,1211,Pharmacology / Musculoskeletal
Pharmacology,Pharmacology,Neurological,neurological,1h 19m,1,Neurological Full Video,neurological-full-video,41:01,2461,https://members.simplenursing.com/wp-content/themes/simplenursing-app/images/videos/thumbnails/1.-Neurological-Full-Video-copy.webp,https://d1pumg6d5kr18o.cloudfront.net/new/pharm2/5_neurological/1_full_video/1_full_video.m3u8,,0,15987,1212,Pharmacology / Neurological
Pharmacology,Pharmacology,Neurological,neurological,1h 19m,2,Anticonvulsants,anticonvulsants,7:44,464,https://members.simplenursing.com/wp-content/themes/simplenursing-app/images/videos/thumbnails/2.-Anticonvulsants-copy.webp,https://d1pumg6d5kr18o.cloudfront.net/new/pharm2/5_neurological/2_anticonvulsants/2_anticonvulsants.m3u8,,0,15988,1213,Pharmacology / Neurological
Pharmacology,Pharmacology,Neurological,neurological,1h 19m,3,Cholinergics,cholinergics,4:40,280,https://members.simplenursing.com/wp-content/themes/simplenursing-app/images/videos/thumbnails/3.-Cholinergics-copy.webp,https://d1pumg6d5kr18o.cloudfront.net/new/pharm2/5_neurological/3_cholinergics/3_cholinergics.m3u8,,0,15989,1214,Pharmacology / Neurological
Pharmacology,Pharmacology,Neurological,neurological,1h 19m,4,Migraine Meds,migraine-meds,2:18,138,https://members.simplenursing.com/wp-content/themes/simplenursing-app/images/videos/thumbnails/4.-Migraine-Meds-copy.webp,https://d1pumg6d5kr18o.cloudfront.net/new/pharm2/5_neurological/4_migraine_meds/4_migraine_meds.m3u8,,0,15990,1215,Pharmacology / Neurological
Pharmacology,Pharmacology,Neurological,neurological,1h 19m,5,Parkinson’s Meds,parkinsons-meds,6:21,381,https://members.simplenursing.com/wp-content/themes/simplenursing-app/images/videos/thumbnails/5.-Parkinsons-Meds-copy.webp,https://d1pumg6d5kr18o.cloudfront.net/new/pharm2/5_neurological/5_parkinsons_meds/5_parkinsons_meds.m3u8,,0,15991,1216,Pharmacology / Neurological
Pharmacology,Pharmacology,Neurological,neurological,1h 19m,6,Anticholinergics,anticholinergics,2:02,122,https://members.simplenursing.com/wp-content/themes/simplenursing-app/images/videos/thumbnails/6.-Anticholinergics-copy.webp,https://d1pumg6d5kr18o.cloudfront.net/new/11-respiratory/1-asthma-&-copd/3-anticholinergics/3-anticholinergics.m3u8,,0,14199,1217,Pharmacology / Neurological
Pharmacology,Pharmacology,Neurological,neurological,1h 19m,7,Osmotic Diuretic,osmotic-diuretic,2:16,136,https://members.simplenursing.com/wp-content/themes/simplenursing-app/images/videos/thumbnails/7.-Osmotic-Diuretic-copy.webp,https://d1pumg6d5kr18o.cloudfront.net/new/pharm2/5_neurological/7_osmotic_diuretic/7_osmotic_diuretic.m3u8,,0,15993,1218,Pharmacology / Neurological
Pharmacology,Pharmacology,Neurological,neurological,1h 19m,8,Succinylcholine,succinylcholine,4:18,258,https://members.simplenursing.com/wp-content/themes/simplenursing-app/images/videos/thumbnails/8.-Succinylcholine-copy.webp,https://d1pumg6d5kr18o.cloudfront.net/new/pharm2/5_neurological/8_succinylcholine/8_succinylcholine.m3u8,,0,15994,1219,Pharmacology / Neurological
Pharmacology,Pharmacology,Neurological,neurological,1h 19m,9,NCLEX Questions,nclex-questions-neurological,8:48,528,https://members.simplenursing.com/wp-content/themes/simplenursing-app/images/videos/thumbnails/9.-NCLEX-Questions-copy.webp,https://d1pumg6d5kr18o.cloudfront.net/new/pharm2/5_neurological/9_nclex_questions/9_nclex_questions.m3u8,,0,15995,1220,Pharmacology / Neurological
Pharmacology,Pharmacology / Mental Health,Psych Meds Patho,psych-meds-patho,34m 16s,1,Intro to Psych Pharm,intro-to-psych-pharm,10:04,604,https://members.simplenursing.com/wp-content/themes/simplenursing-app/images/videos/thumbnails/1.-Intro-to-Psych-Pharm-copy.webp,https://d1pumg6d5kr18o.cloudfront.net/new/intro_to_psych_pharm/intro_to_psych_pharm.m3u8,,0,11790,1221,Pharmacology / Mental Health / Psych Meds Patho
Pharmacology,Pharmacology / Mental Health,Psych Meds Patho,psych-meds-patho,34m 16s,2,Serotonin,serotonin-patho,8:32,512,https://members.simplenursing.com/wp-content/themes/simplenursing-app/images/videos/thumbnails/2.-Serotonin-copy.webp,https://d1pumg6d5kr18o.cloudfront.net/new/serotonin_patho/serotonin_patho.m3u8,,0,11791,1222,Pharmacology / Mental Health / Psych Meds Patho
Pharmacology,Pharmacology / Mental Health,Psych Meds Patho,psych-meds-patho,34m 16s,3,Norepinephrine,norepinephrine-patho,5:54,354,https://members.simplenursing.com/wp-content/themes/simplenursing-app/images/videos/thumbnails/3.-Norepinephrine-copy.webp,https://d1pumg6d5kr18o.cloudfront.net/new/norepinephrine_patho/norepinephrine_patho.m3u8,,0,11792,1223,Pharmacology / Mental Health / Psych Meds Patho
Pharmacology,Pharmacology / Mental Health,Psych Meds Patho,psych-meds-patho,34m 16s,4,Dopamine Patho,dopamine-patho,9:46,586,https://members.simplenursing.com/wp-content/themes/simplenursing-app/images/videos/thumbnails/4.-Dopamine-Patho-copy.webp,https://d1pumg6d5kr18o.cloudfront.net/new/dopamine_patho/dopamine_patho.m3u8,,0,11617,1224,Pharmacology / Mental Health / Psych Meds Patho
Pharmacology,Pharmacology / Mental Health,Antidepressants,antidepressants-mental-pharmacology,33m 28s,1,Antidepressants,antidepressants,18:00,1080,https://members.simplenursing.com/wp-content/themes/simplenursing-app/images/videos/thumbnails/1.-Antidepressants-copy.webp,https://d1pumg6d5kr18o.cloudfront.net/new/8-mental-health/2-antidepressants/1-antidepressants/1-antidepressants.m3u8,,0,14180,1225,Pharmacology / Mental Health / Antidepressants
Pharmacology,Pharmacology / Mental Health,Antidepressants,antidepressants-mental-pharmacology,33m 28s,2,Exams Tips,exams-tips,2:28,148,https://members.simplenursing.com/wp-content/themes/simplenursing-app/images/videos/thumbnails/2.-Exams-Tips-copy.webp,https://d1pumg6d5kr18o.cloudfront.net/new/8-mental-health/2-antidepressants/2-exams-tips/2-exams-tips.m3u8,,0,14181,1226,Pharmacology / Mental Health / Antidepressants
Pharmacology,Pharmacology / Mental Health,Antidepressants,antidepressants-mental-pharmacology,33m 28s,3,SSRI,ssri,2:49,169,https://members.simplenursing.com/wp-content/themes/simplenursing-app/images/videos/thumbnails/3.-SSRI-copy.webp,https://d1pumg6d5kr18o.cloudfront.net/new/8-mental-health/2-antidepressants/3-ssri/3-ssri.m3u8,,0,14182,1227,Pharmacology / Mental Health / Antidepressants
Pharmacology,Pharmacology / Mental Health,Antidepressants,antidepressants-mental-pharmacology,33m 28s,4,SNRI,snri,0:56,56,https://members.simplenursing.com/wp-content/themes/simplenursing-app/images/videos/thumbnails/4.-SNRI-copy.webp,https://d1pumg6d5kr18o.cloudfront.net/new/8-mental-health/2-antidepressants/4-snri/4-snri.m3u8,,0,14183,1228,Pharmacology / Mental Health / Antidepressants
Pharmacology,Pharmacology / Mental Health,Antidepressants,antidepressants-mental-pharmacology,33m 28s,5,TCA,tca,2:16,136,https://members.simplenursing.com/wp-content/themes/simplenursing-app/images/videos/thumbnails/5.-TCA-copy.webp,https://d1pumg6d5kr18o.cloudfront.net/new/8-mental-health/2-antidepressants/5-tca/5-tca.m3u8,,0,14184,1229,Pharmacology / Mental Health / Antidepressants
Pharmacology,Pharmacology / Mental Health,Antidepressants,antidepressants-mental-pharmacology,33m 28s,6,MAOI,maoi,3:30,210,https://members.simplenursing.com/wp-content/themes/simplenursing-app/images/videos/thumbnails/6.-MAOI-copy.webp,https://d1pumg6d5kr18o.cloudfront.net/new/8-mental-health/2-antidepressants/6-maoi/6-maoi.m3u8,,0,14185,1230,Pharmacology / Mental Health / Antidepressants
Pharmacology,Pharmacology / Mental Health,Antidepressants,antidepressants-mental-pharmacology,33m 28s,7,NCLEX Questions,nclex-questions-antidepressants,3:29,209,https://members.simplenursing.com/wp-content/themes/simplenursing-app/images/videos/thumbnails/7.-NCLEX-Questions-copy.webp,https://d1pumg6d5kr18o.cloudfront.net/new/8-mental-health/2-antidepressants/7-nclex-questions/7-nclex-questions.m3u8,,0,14186,1231,Pharmacology / Mental Health / Antidepressants
Pharmacology,Pharmacology / Mental Health,Psych Meds,psych-meds-playlist,23m 46s,1,Anxiolytics,anxiolytics,6:59,419,https://members.simplenursing.com/wp-content/themes/simplenursing-app/images/videos/thumbnails/1.-Anxiolytics-copy.webp,https://d1pumg6d5kr18o.cloudfront.net/new/8-mental-health/1-anxiolytics/1-anxiolytics.m3u8,,0,14179,1232,Pharmacology / Mental Health / Psych Meds
Pharmacology,Pharmacology / Mental Health,Psych Meds,psych-meds-playlist,23m 46s,2,Atypical Antidepressants,atypical-antidepressants,1:46,106,https://members.simplenursing.com/wp-content/themes/simplenursing-app/images/videos/thumbnails/2.-Atypical-Antidepressants-copy.webp,https://d1pumg6d5kr18o.cloudfront.net/new/8-mental-health/3-atypical-antidepressants/3-atypical-antidepressants.m3u8,,0,14187,1233,Pharmacology / Mental Health / Psych Meds
Pharmacology,Pharmacology / Mental Health,Psych Meds,psych-meds-playlist,23m 46s,3,Bipolar,bipolar,6:12,372,https://members.simplenursing.com/wp-content/themes/simplenursing-app/images/videos/thumbnails/3.-Bipolar-copy.webp,https://d1pumg6d5kr18o.cloudfront.net/new/8-mental-health/4-bipolar-meds/4-bipolar-meds.m3u8,,0,14188,1234,Pharmacology / Mental Health / Psych Meds
Pharmacology,Pharmacology / Mental Health,Psych Meds,psych-meds-playlist,23m 46s,4,Antipsychotics,antipsychotics,4:03,243,https://members.simplenursing.com/wp-content/themes/simplenursing-app/images/videos/thumbnails/4.-Antipsychotics-copy.webp,https://d1pumg6d5kr18o.cloudfront.net/new/8-mental-health/5-antipsychotics/5-antipsychotics.m3u8,,0,14189,1235,Pharmacology / Mental Health / Psych Meds
Pharmacology,Pharmacology / Mental Health,Psych Meds,psych-meds-playlist,23m 46s,5,ADHD,adhd,1:47,107,https://members.simplenursing.com/wp-content/themes/simplenursing-app/images/videos/thumbnails/5.-ADHD-copy.webp,https://d1pumg6d5kr18o.cloudfront.net/new/8-mental-health/7-adhd/7-adhd.m3u8,,0,14190,1236,Pharmacology / Mental Health / Psych Meds
Pharmacology,Pharmacology / Mental Health,Psych Meds,psych-meds-playlist,23m 46s,6,Withdrawal,withdrawal,2:59,179,https://members.simplenursing.com/wp-content/themes/simplenursing-app/images/videos/thumbnails/6.-Withdrawal-copy.webp,https://d1pumg6d5kr18o.cloudfront.net/new/8-mental-health/8-withdrawal/8-withdrawal.m3u8,,0,14191,1237,Pharmacology / Mental Health / Psych Meds
Pharmacology,Pharmacology,Reproductive,reproductive-pharm,19m 43s,1,Reproductive Full video,reproductive-full-video,9:54,594,https://members.simplenursing.com/wp-content/themes/simplenursing-app/images/videos/thumbnails/1.-Reproductive-Full-video-copy.webp,https://d1pumg6d5kr18o.cloudfront.net/new/pharm2/6_reproductive/1_full_video/1_full_video.m3u8,,0,15996,1238,Pharmacology / Reproductive
Pharmacology,Pharmacology,Reproductive,reproductive-pharm,19m 43s,2,Oral Birth Control,oral-birth-control,2:25,145,https://members.simplenursing.com/wp-content/themes/simplenursing-app/images/videos/thumbnails/2.-Oral-Birth-Control-copy.webp,https://d1pumg6d5kr18o.cloudfront.net/new/pharm2/6_reproductive/2_oral_birth_control/2_oral_birth_control.m3u8,,0,15997,1239,Pharmacology / Reproductive
Pharmacology,Pharmacology,Reproductive,reproductive-pharm,19m 43s,3,IUD,iud,2:02,122,https://members.simplenursing.com/wp-content/themes/simplenursing-app/images/videos/thumbnails/3.-IUD-copy.webp,https://d1pumg6d5kr18o.cloudfront.net/new/pharm2/6_reproductive/3_iud/3_iud.m3u8,,0,15998,1240,Pharmacology / Reproductive
Pharmacology,Pharmacology,Reproductive,reproductive-pharm,19m 43s,4,Terbutaline,terbutaline,1:07,67,https://members.simplenursing.com/wp-content/themes/simplenursing-app/images/videos/thumbnails/4.-Terbutaline-copy.webp,https://d1pumg6d5kr18o.cloudfront.net/new/pharm2/6_reproductive/4_terbutaline/4_terbutaline.m3u8,,0,15999,1241,Pharmacology / Reproductive
Pharmacology,Pharmacology,Reproductive,reproductive-pharm,19m 43s,5,Oxytocin,oxytocin,3:05,185,https://members.simplenursing.com/wp-content/themes/simplenursing-app/images/videos/thumbnails/5.-Oxytocin-copy.webp,https://d1pumg6d5kr18o.cloudfront.net/new/pharm2/6_reproductive/5_oxytocin/5_oxytocin.m3u8,,0,16000,1242,Pharmacology / Reproductive
Pharmacology,Pharmacology,Reproductive,reproductive-pharm,19m 43s,6,Prenatal,prenatal,1:10,70,https://members.simplenursing.com/wp-content/themes/simplenursing-app/images/videos/thumbnails/6.-Prenatal-copy.webp,https://d1pumg6d5kr18o.cloudfront.net/new/pharm2/6_reproductive/6_prenatal_meds/6_prenatal_meds.m3u8,,0,16001,1243,Pharmacology / Reproductive
Pharmacology,Pharmacology / Respiratory,Bronchodilators,bronchodilators-respiratory-pharm,23m 42s,1,Bronchodilators Full Video,bronchodilators-full-video,12:02,722,https://members.simplenursing.com/wp-content/themes/simplenursing-app/images/videos/thumbnails/1.-Bronchodilators-Full-Video-copy.webp,https://d1pumg6d5kr18o.cloudfront.net/new/11-respiratory/1-asthma-&-copd/1-bronchodilators-full-video/1-bronchodilators-full-video.m3u8,,0,14197,1244,Pharmacology / Respiratory / Bronchodilators
Pharmacology,Pharmacology / Respiratory,Bronchodilators,bronchodilators-respiratory-pharm,23m 42s,2,Beta 2 Agonists - Albuterol,beta-2-agonists,5:21,321,https://members.simplenursing.com/wp-content/themes/simplenursing-app/images/videos/thumbnails/2.-Beta-2-Agonists-Albuterol-copy.webp,https://d1pumg6d5kr18o.cloudfront.net/new/11-respiratory/1-asthma-&-copd/2-beta-2-agonists/2-beta-2-agonists.m3u8,,0,14198,1245,Pharmacology / Respiratory / Bronchodilators
Pharmacology,Pharmacology / Respiratory,Bronchodilators,bronchodilators-respiratory-pharm,23m 42s,3,Anticholinergic - Ipratropium,anticholinergic-ipratropium,2:02,122,https://members.simplenursing.com/wp-content/themes/simplenursing-app/images/videos/thumbnails/3.-Anticholinergic-Ipratropium-copy.webp,https://d1pumg6d5kr18o.cloudfront.net/new/11-respiratory/anticholinergic_Ipratropium/part.m3u8,,0,19238,1246,Pharmacology / Respiratory / Bronchodilators
Pharmacology,Pharmacology / Respiratory,Bronchodilators,bronchodilators-respiratory-pharm,23m 42s,4,Methylxanthines - Theophylline,methylxanthines,4:17,257,https://members.simplenursing.com/wp-content/themes/simplenursing-app/images/videos/thumbnails/4.-Methylxanthines-Theophylline-copy.webp,https://d1pumg6d5kr18o.cloudfront.net/new/11-respiratory/1-asthma-&-copd/4-methylxanthines/4-methylxanthines.m3u8,,0,14200,1247,Pharmacology / Respiratory / Bronchodilators
Pharmacology,Pharmacology / Respiratory,Anti-Inflammatory Agents,anti-inflammatory-agents-respiratory-pharm,12m 53s,1,Anti-inflammatory Full Video,anti-inflammatory-full-video,6:27,387,https://members.simplenursing.com/wp-content/themes/simplenursing-app/images/videos/thumbnails/1.-Anti-inflammatory-Full-Video-copy.webp,https://d1pumg6d5kr18o.cloudfront.net/new/11-respiratory/1-asthma-&-copd/5-anti-inflammatory-full-video/5-anti-inflammatory-full-video.m3u8,,0,14201,1248,Pharmacology / Respiratory / Anti-Inflammatory Agents
Pharmacology,Pharmacology / Respiratory,Anti-Inflammatory Agents,anti-inflammatory-agents-respiratory-pharm,12m 53s,2,Steroids,steroids-respiratory,3:03,183,https://members.simplenursing.com/wp-content/themes/simplenursing-app/images/videos/thumbnails/2.-Steroids-copy.webp,https://d1pumg6d5kr18o.cloudfront.net/new/11-respiratory/1-asthma-&-copd/6-steroids/6-steroids.m3u8,,0,14202,1249,Pharmacology / Respiratory / Anti-Inflammatory Agents
Pharmacology,Pharmacology / Respiratory,Anti-Inflammatory Agents,anti-inflammatory-agents-respiratory-pharm,12m 53s,3,Leukotriene Inhibitors,leukotriene-inhibitors,1:12,72,https://members.simplenursing.com/wp-content/themes/simplenursing-app/images/videos/thumbnails/3.-Leukotriene-Inhibitors-copy.webp,https://d1pumg6d5kr18o.cloudfront.net/new/11-respiratory/1-asthma-&-copd/7-leukotriene-inhibitors/7-leukotriene-inhibitors.m3u8,,0,14203,1250,Pharmacology / Respiratory / Anti-Inflammatory Agents
Pharmacology,Pharmacology / Respiratory,Anti-Inflammatory Agents,anti-inflammatory-agents-respiratory-pharm,12m 53s,4,Mast Cell Stabilizers,mast-cell-stabilizers,2:11,131,https://members.simplenursing.com/wp-content/themes/simplenursing-app/images/videos/thumbnails/4.-Mast-Cell-Stabilizers-copy.webp,https://d1pumg6d5kr18o.cloudfront.net/new/11-respiratory/1-asthma-&-copd/8-mast-cell-stabilizers/8-mast-cell-stabilizers.m3u8,,0,14204,1251,Pharmacology / Respiratory / Anti-Inflammatory Agents
Pharmacology,Pharmacology / Respiratory,Cough & Allergy,cough-allergy-respiratory-pharm,4m 48s,1,Cough Expectorants,cough-expectorants,1:45,105,https://members.simplenursing.com/wp-content/themes/simplenursing-app/images/videos/thumbnails/1.-Cough-Expectorants-copy.webp,https://d1pumg6d5kr18o.cloudfront.net/new/11-respiratory/2-cough-expectorants/2-cough-expectorants.m3u8,,0,14207,1252,Pharmacology / Respiratory / Cough & Allergy
Pharmacology,Pharmacology / Respiratory,Cough & Allergy,cough-allergy-respiratory-pharm,4m 48s,2,Cough Suppressants,cough-suppressants,1:30,90,https://members.simplenursing.com/wp-content/themes/simplenursing-app/images/videos/thumbnails/2.-Cough-Suppressants-copy.webp,https://d1pumg6d5kr18o.cloudfront.net/new/11-respiratory/3-cough-suppressant/3-cough-suppressant.m3u8,,0,14208,1253,Pharmacology / Respiratory / Cough & Allergy
Pharmacology,Pharmacology / Respiratory,Cough & Allergy,cough-allergy-respiratory-pharm,4m 48s,3,Antihistamines,antihistamines,1:33,93,https://members.simplenursing.com/wp-content/themes/simplenursing-app/images/videos/thumbnails/3.-Antihistamines-copy.webp,https://d1pumg6d5kr18o.cloudfront.net/new/11-respiratory/4-antihistamine/4-antihistamine.m3u8,,0,14209,1254,Pharmacology / Respiratory / Cough & Allergy
Pharmacology,Pharmacology,Urinary & Renal,urinary-renal,28m 9s,1,Urinary Meds - Full Video,urinary-meds-full-video,14:10,850,https://members.simplenursing.com/wp-content/themes/simplenursing-app/images/videos/thumbnails/1.-Urinary-Meds-Full-Video-copy.webp,https://d1pumg6d5kr18o.cloudfront.net/new/pharm2/7_urinary2/1_urinary_meds_full_video/part.m3u8,,0,19240,1255,Pharmacology / Urinary & Renal
Pharmacology,Pharmacology,Urinary & Renal,urinary-renal,28m 9s,2,Bethanechol,bethanechol,1:23,83,https://members.simplenursing.com/wp-content/themes/simplenursing-app/images/videos/thumbnails/2.-Bethanechol-copy.webp,https://d1pumg6d5kr18o.cloudfront.net/new/pharm2/7_urinary2/2_bethanechol/part.m3u8,,0,19241,1256,Pharmacology / Urinary & Renal
Pharmacology,Pharmacology,Urinary & Renal,urinary-renal,28m 9s,3,Finasteride,finasteride,0:31,31,https://members.simplenursing.com/wp-content/themes/simplenursing-app/images/videos/thumbnails/3.-Finasteride-copy.webp,https://d1pumg6d5kr18o.cloudfront.net/new/pharm2/7_urinary2/3_finasteride/part.m3u8,,0,19242,1257,Pharmacology / Urinary & Renal
Pharmacology,Pharmacology,Urinary & Renal,urinary-renal,28m 9s,4,Terazosin & Tamsulosin,terazosin-tamsulosin,2:11,131,https://members.simplenursing.com/wp-content/themes/simplenursing-app/images/videos/thumbnails/4.-Terazosin-Tamsulosin-copy.webp,https://d1pumg6d5kr18o.cloudfront.net/new/pharm2/7_urinary2/4_terazosin_tamsulosin/part.m3u8,,0,19243,1258,Pharmacology / Urinary & Renal
Pharmacology,Pharmacology,Urinary & Renal,urinary-renal,28m 9s,5,Oxybutynin & Tolterodine,oxybutynin-tolterodine,3:17,197,https://members.simplenursing.com/wp-content/themes/simplenursing-app/images/videos/thumbnails/5.-Oxybutynin-Tolterodine-copy.webp,https://d1pumg6d5kr18o.cloudfront.net/new/pharm2/7_urinary2/5_oxybutynin_tolterodine/part.m3u8,,0,19244,1259,Pharmacology / Urinary & Renal
Pharmacology,Pharmacology,Urinary & Renal,urinary-renal,28m 9s,6,NCLEX Question Breakdown,nclex-question-breakdown,6:37,397,https://members.simplenursing.com/wp-content/themes/simplenursing-app/images/videos/thumbnails/6.-NCLEX-Question-Breakdown-copy.webp,https://d1pumg6d5kr18o.cloudfront.net/new/pharm2/7_urinary2/6_nclex_question_breakdown/part.m3u8,,0,19245,1260,Pharmacology / Urinary & Renal
Pharmacology,Pharmacology,Visual & Auditory,visual-auditory,4m 30s,1,Eye & Ear,eye-ear,4:30,270,https://members.simplenursing.com/wp-content/themes/simplenursing-app/images/videos/thumbnails/1.-Eye-Ear-copy.webp,https://d1pumg6d5kr18o.cloudfront.net/new/pharm2/8_visual-auditory/visual-auditory-eye-ear/visual-auditory-eye-ear.m3u8,,0,16017,1261,Pharmacology / Visual & Auditory
Pharmacology,Pharmacology / Dosage Calc,Intro to Dosage Calculation,intro-to-dosage-calculation,9m 3s,1,Intro to Dosage Calc,intro-to-dosage-calc,9:03,543,https://members.simplenursing.com/wp-content/themes/simplenursing-app/images/videos/thumbnails/1.-Intro-to-Dosage-Calc-copy.webp,https://d1pumg6d5kr18o.cloudfront.net/new/math/math_0_dosage_calculation/math_0_dosage_calculation.m3u8,,0,18820,24,Pharmacology / Dosage Calc / Intro to Dosage Calculation
Pharmacology,Pharmacology / Dosage Calc,Formula Method,formula-method-med-math,33m 31s,1,Intro to Formula Method,intro-to-formula-method,4:43,283,https://members.simplenursing.com/wp-content/themes/simplenursing-app/images/videos/thumbnails/1.-Intro-to-Formula-Method-copy.webp,https://d1pumg6d5kr18o.cloudfront.net/new/math/math_1_formula_method_formula_method_introduction/math_1_formula_method_formula_method_introduction.m3u8,,0,18821,25,Pharmacology / Dosage Calc / Formula Method
Pharmacology,Pharmacology / Dosage Calc,Formula Method,formula-method-med-math,33m 31s,2,Q1,q1-formula-method,1:32,92,https://members.simplenursing.com/wp-content/themes/simplenursing-app/images/videos/thumbnails/2.-Q1-copy.webp,https://d1pumg6d5kr18o.cloudfront.net/new/math/math_1_formula_method_q1_v3/math_1_formula_method_q1_v3.m3u8,,0,18823,26,Pharmacology / Dosage Calc / Formula Method
Pharmacology,Pharmacology / Dosage Calc,Formula Method,formula-method-med-math,33m 31s,3,Q2,q2-formula-method,1:17,77,https://members.simplenursing.com/wp-content/themes/simplenursing-app/images/videos/thumbnails/3.-Q2-copy.webp,https://d1pumg6d5kr18o.cloudfront.net/new/math/math_1_formula_method_q2_v2/math_1_formula_method_q2_v2.m3u8,,0,18824,27,Pharmacology / Dosage Calc / Formula Method
Pharmacology,Pharmacology / Dosage Calc,Formula Method,formula-method-med-math,33m 31s,4,Q3,q3-formula-method,1:25,85,https://members.simplenursing.com/wp-content/themes/simplenursing-app/images/videos/thumbnails/4.-Q3-copy.webp,https://d1pumg6d5kr18o.cloudfront.net/new/math/math_1_formula_method_q3_v2/math_1_formula_method_q3_v2.m3u8,,0,18825,28,Pharmacology / Dosage Calc / Formula Method
Pharmacology,Pharmacology / Dosage Calc,Formula Method,formula-method-med-math,33m 31s,5,Q4,q4-formula-method,0:56,56,https://members.simplenursing.com/wp-content/themes/simplenursing-app/images/videos/thumbnails/5.-Q4-copy.webp,https://d1pumg6d5kr18o.cloudfront.net/new/math/math_1_formula_method_q4_v2/math_1_formula_method_q4_v2.m3u8,,0,18826,29,Pharmacology / Dosage Calc / Formula Method
Pharmacology,Pharmacology / Dosage Calc,Formula Method,formula-method-med-math,33m 31s,6,Q5,q5-formula-method,1:10,70,https://members.simplenursing.com/wp-content/themes/simplenursing-app/images/videos/thumbnails/6.-Q5-copy.webp,https://d1pumg6d5kr18o.cloudfront.net/new/math/math_1_formula_method_q5/math_1_formula_method_q5.m3u8,,0,18827,30,Pharmacology / Dosage Calc / Formula Method
Pharmacology,Pharmacology / Dosage Calc,Formula Method,formula-method-med-math,33m 31s,7,Q6,q6-formula-method,1:35,95,https://members.simplenursing.com/wp-content/themes/simplenursing-app/images/videos/thumbnails/8.-Q7-copy.webp,https://d1pumg6d5kr18o.cloudfront.net/new/math/math_1_formula_method_q6_v2/math_1_formula_method_q6_v2.m3u8,,0,18828,31,Pharmacology / Dosage Calc / Formula Method
Pharmacology,Pharmacology / Dosage Calc,Formula Method,formula-method-med-math,33m 31s,8,Q7,q7-formula-method,1:25,85,https://members.simplenursing.com/wp-content/themes/simplenursing-app/images/videos/thumbnails/8.-Q7-copy.webp,https://d1pumg6d5kr18o.cloudfront.net/new/math/math_1_formula_method_q7_v2/math_1_formula_method_q7_v2.m3u8,,0,18829,32,Pharmacology / Dosage Calc / Formula Method
Pharmacology,Pharmacology / Dosage Calc,Formula Method,formula-method-med-math,33m 31s,9,Q8,q8-formula-method,1:42,102,https://members.simplenursing.com/wp-content/themes/simplenursing-app/images/videos/thumbnails/9.-Q8-copy.webp,https://d1pumg6d5kr18o.cloudfront.net/new/math/math_1_formula_method_q8_v2/math_1_formula_method_q8_v2.m3u8,,0,18830,33,Pharmacology / Dosage Calc / Formula Method
Pharmacology,Pharmacology / Dosage Calc,Formula Method,formula-method-med-math,33m 31s,10,Q9,q9-formula-method,1:09,69,https://members.simplenursing.com/wp-content/themes/simplenursing-app/images/videos/thumbnails/10.-Q9-copy.webp,https://d1pumg6d5kr18o.cloudfront.net/new/math/math_1_formula_method_q9_v2/math_1_formula_method_q9_v2.m3u8,,0,18831,34,Pharmacology / Dosage Calc / Formula Method
Pharmacology,Pharmacology / Dosage Calc,Formula Method,formula-method-med-math,33m 31s,11,Q10,q10-formula-method,1:18,78,https://members.simplenursing.com/wp-content/themes/simplenursing-app/images/videos/thumbnails/11.-Q10-copy.webp,https://d1pumg6d5kr18o.cloudfront.net/new/math/math_1_formula_method_q10_v2/math_1_formula_method_q10_v2.m3u8,,0,18832,35,Pharmacology / Dosage Calc / Formula Method
Pharmacology,Pharmacology / Dosage Calc,Formula Method,formula-method-med-math,33m 31s,12,Q11,q11-formula-method,1:00,60,https://members.simplenursing.com/wp-content/themes/simplenursing-app/images/videos/thumbnails/12.-Q11-copy.webp,https://d1pumg6d5kr18o.cloudfront.net/new/math/math_1_formula_method_q11_v2/math_1_formula_method_q11_v2.m3u8,,0,18833,36,Pharmacology / Dosage Calc / Formula Method
Pharmacology,Pharmacology / Dosage Calc,Formula Method,formula-method-med-math,33m 31s,13,Q12,q12-formula-method,1:22,82,https://members.simplenursing.com/wp-content/themes/simplenursing-app/images/videos/thumbnails/13.-Q12-copy.webp,https://d1pumg6d5kr18o.cloudfront.net/new/math/math_1_formula_method_q12/math_1_formula_method_q12.m3u8,,0,18834,37,Pharmacology / Dosage Calc / Formula Method
Pharmacology,Pharmacology / Dosage Calc,Formula Method,formula-method-med-math,33m 31s,14,Q13,q13-formula-method,2:07,127,https://members.simplenursing.com/wp-content/themes/simplenursing-app/images/videos/thumbnails/14.-Q13-copy.webp,https://d1pumg6d5kr18o.cloudfront.net/new/math/math_1_formula_method_q13_v2/math_1_formula_method_q13_v2.m3u8,,0,18835,38,Pharmacology / Dosage Calc / Formula Method
Pharmacology,Pharmacology / Dosage Calc,Formula Method,formula-method-med-math,33m 31s,15,Q14,q14-formula-method,2:23,143,https://members.simplenursing.com/wp-content/themes/simplenursing-app/images/videos/thumbnails/15.-Q14-copy.webp,https://d1pumg6d5kr18o.cloudfront.net/new/math/math_1_formula_method_q14_v2/math_1_formula_method_q14_v2.m3u8,,0,18836,39,Pharmacology / Dosage Calc / Formula Method
Pharmacology,Pharmacology / Dosage Calc,Formula Method,formula-method-med-math,33m 31s,16,Q15,q15-formula-method,1:17,77,https://members.simplenursing.com/wp-content/themes/simplenursing-app/images/videos/thumbnails/16.-Q15-copy.webp,https://d1pumg6d5kr18o.cloudfront.net/new/math/math_1_formula_method_q15/math_1_formula_method_q15.m3u8,,0,18837,40,Pharmacology / Dosage Calc / Formula Method
Pharmacology,Pharmacology / Dosage Calc,Formula Method,formula-method-med-math,33m 31s,17,Q16,q16-formula-method,1:49,109,https://members.simplenursing.com/wp-content/themes/simplenursing-app/images/videos/thumbnails/17.-Q16-copy.webp,https://d1pumg6d5kr18o.cloudfront.net/new/math/math_1_formula_method_q16/math_1_formula_method_q16.m3u8,,0,18838,41,Pharmacology / Dosage Calc / Formula Method
Pharmacology,Pharmacology / Dosage Calc,Formula Method,formula-method-med-math,33m 31s,18,Q17,q17-formula-method,1:43,103,https://members.simplenursing.com/wp-content/themes/simplenursing-app/images/videos/thumbnails/18.-Q17-copy.webp,https://d1pumg6d5kr18o.cloudfront.net/new/math/math_1_formula_method_q17/math_1_formula_method_q17.m3u8,,0,18839,42,Pharmacology / Dosage Calc / Formula Method
Pharmacology,Pharmacology / Dosage Calc,Formula Method,formula-method-med-math,33m 31s,19,Q18,q18-formula-method,1:17,77,https://members.simplenursing.com/wp-content/themes/simplenursing-app/images/videos/thumbnails/19.-Q18-copy.webp,https://d1pumg6d5kr18o.cloudfront.net/new/math/math_1_formula_method_q18/math_1_formula_method_q18.m3u8,,0,18840,43,Pharmacology / Dosage Calc / Formula Method
Pharmacology,Pharmacology / Dosage Calc,Formula Method,formula-method-med-math,33m 31s,20,Q19,q19-formula-method,1:09,69,https://members.simplenursing.com/wp-content/themes/simplenursing-app/images/videos/thumbnails/20.-Q19-copy.webp,https://d1pumg6d5kr18o.cloudfront.net/new/math/math_1_formula_method_q19/math_1_formula_method_q19.m3u8,,0,18841,44,Pharmacology / Dosage Calc / Formula Method
Pharmacology,Pharmacology / Dosage Calc,Formula Method,formula-method-med-math,33m 31s,21,Q20,q20-formula-method,1:12,72,https://members.simplenursing.com/wp-content/themes/simplenursing-app/images/videos/thumbnails/21.-Q20-copy.webp,https://d1pumg6d5kr18o.cloudfront.net/new/math/math_1_formula_method_q20_v2/math_1_formula_method_q20_v2.m3u8,,0,18842,45,Pharmacology / Dosage Calc / Formula Method
Pharmacology,Pharmacology / Dosage Calc / IV Drip Factors & Flow Rates,IV Drip Factors,iv-drip-factors-med-math,11m 3s,1,Q1,q1-drip-factors,1:32,92,https://members.simplenursing.com/wp-content/themes/simplenursing-app/images/videos/thumbnails/1.-IV-Drip-Factors-Q1-copy.webp,https://d1pumg6d5kr18o.cloudfront.net/new/math/math_2_iv_df_q1/math_2_iv_df_2_1_iv_drip_factors_q1_v2.m3u8,,0,18904,46,Pharmacology / Dosage Calc / IV Drip Factors & Flow Rates / IV Drip Factors
Pharmacology,Pharmacology / Dosage Calc / IV Drip Factors & Flow Rates,IV Drip Factors,iv-drip-factors-med-math,11m 3s,2,Q2,q2-drip-factors,1:02,62,https://members.simplenursing.com/wp-content/themes/simplenursing-app/images/videos/thumbnails/2.-IV-Drip-Factors-Q2-copy.webp,https://d1pumg6d5kr18o.cloudfront.net/new/math/math_2_iv_df_q2/math_2_iv_df_2_1_iv_drip_factors_q2_v2.m3u8,,0,18905,47,Pharmacology / Dosage Calc / IV Drip Factors & Flow Rates / IV Drip Factors
Pharmacology,Pharmacology / Dosage Calc / IV Drip Factors & Flow Rates,IV Drip Factors,iv-drip-factors-med-math,11m 3s,3,Q3,q3-drip-factors,0:58,58,https://members.simplenursing.com/wp-content/themes/simplenursing-app/images/videos/thumbnails/3.-IV-Drip-Factors-Q3-copy.webp,https://d1pumg6d5kr18o.cloudfront.net/new/math/math_2_iv_df_q3/math_2_iv_df_2_1_iv_drip_factors_q3_v2.m3u8,,0,18906,48,Pharmacology / Dosage Calc / IV Drip Factors & Flow Rates / IV Drip Factors
Pharmacology,Pharmacology / Dosage Calc / IV Drip Factors & Flow Rates,IV Drip Factors,iv-drip-factors-med-math,11m 3s,4,Q4,q4-drip-factors,0:55,55,https://members.simplenursing.com/wp-content/themes/simplenursing-app/images/videos/thumbnails/4.-IV-Drip-Factors-Q4-copy.webp,https://d1pumg6d5kr18o.cloudfront.net/new/math/math_2_iv_df_q4/math_2_iv_df_2_1_iv_drip_factors_q4_v2.m3u8,,0,18907,49,Pharmacology / Dosage Calc / IV Drip Factors & Flow Rates / IV Drip Factors
Pharmacology,Pharmacology / Dosage Calc / IV Drip Factors & Flow Rates,IV Drip Factors,iv-drip-factors-med-math,11m 3s,5,Q5,q5-drip-factors,1:03,63,https://members.simplenursing.com/wp-content/themes/simplenursing-app/images/videos/thumbnails/5.-IV-Drip-Factors-Q5-copy.webp,https://d1pumg6d5kr18o.cloudfront.net/new/math/math_2_iv_df_q5/math_2_iv_df_2_1_iv_drip_factors_q5_v2.m3u8,,0,18908,50,Pharmacology / Dosage Calc / IV Drip Factors & Flow Rates / IV Drip Factors
Pharmacology,Pharmacology / Dosage Calc / IV Drip Factors & Flow Rates,IV Drip Factors,iv-drip-factors-med-math,11m 3s,6,Q6,q6-drip-factors,1:01,61,https://members.simplenursing.com/wp-content/themes/simplenursing-app/images/videos/thumbnails/6.-IV-Drip-Factors-Q6-copy.webp,https://d1pumg6d5kr18o.cloudfront.net/new/math/math_2_iv_df_q6/math_2_iv_df_2_1_iv_drip_factors_q6_v2.m3u8,,0,18909,51,Pharmacology / Dosage Calc / IV Drip Factors & Flow Rates / IV Drip Factors
Pharmacology,Pharmacology / Dosage Calc / IV Drip Factors & Flow Rates,IV Drip Factors,iv-drip-factors-med-math,11m 3s,7,Q7,q7-drip-factors,1:13,73,https://members.simplenursing.com/wp-content/themes/simplenursing-app/images/videos/thumbnails/7.-IV-Drip-Factors-Q7-copy.webp,https://d1pumg6d5kr18o.cloudfront.net/new/math/math_2_iv_df_q7/math_2_iv_df_2_1_iv_drip_factors_q7_v2.m3u8,,0,18910,52,Pharmacology / Dosage Calc / IV Drip Factors & Flow Rates / IV Drip Factors
Pharmacology,Pharmacology / Dosage Calc / IV Drip Factors & Flow Rates,IV Drip Factors,iv-drip-factors-med-math,11m 3s,8,Q8,q8-drip-factors,0:54,54,https://members.simplenursing.com/wp-content/themes/simplenursing-app/images/videos/thumbnails/8.-IV-Drip-Factors-Q8-copy.webp,https://d1pumg6d5kr18o.cloudfront.net/new/math/math_2_iv_df_q8/math_2_iv_df_2_1_iv_drip_factors_q8_v2.m3u8,,0,18911,53,Pharmacology / Dosage Calc / IV Drip Factors & Flow Rates / IV Drip Factors
Pharmacology,Pharmacology / Dosage Calc / IV Drip Factors & Flow Rates,IV Drip Factors,iv-drip-factors-med-math,11m 3s,9,Q9,q9-drip-factors,0:59,59,https://members.simplenursing.com/wp-content/themes/simplenursing-app/images/videos/thumbnails/9.-IV-Drip-Factors-Q9-copy.webp,https://d1pumg6d5kr18o.cloudfront.net/new/math/math_2_iv_df_q9/math_2_iv_df_2_1_iv_drip_factors_q9_v2.m3u8,,0,18912,54,Pharmacology / Dosage Calc / IV Drip Factors & Flow Rates / IV Drip Factors
Pharmacology,Pharmacology / Dosage Calc / IV Drip Factors & Flow Rates,IV Drip Factors,iv-drip-factors-med-math,11m 3s,10,Q10,q10-drip-factors,1:26,86,https://members.simplenursing.com/wp-content/themes/simplenursing-app/images/videos/thumbnails/10.-IV-Drip-Factors-Q10-copy.webp,https://d1pumg6d5kr18o.cloudfront.net/new/math/math_2_iv_df_q10/math_2_iv_df_2_1_iv_drip_factors_q10_v2.m3u8,,0,18913,55,Pharmacology / Dosage Calc / IV Drip Factors & Flow Rates / IV Drip Factors
Pharmacology,Pharmacology / Dosage Calc / IV Drip Factors & Flow Rates,IV Infusion Flow Rates,iv-infusion-flow-rates,11m 38s,1,Q11,q11-flow-rates,1:00,60,https://members.simplenursing.com/wp-content/themes/simplenursing-app/images/videos/thumbnails/11.-IV-Drip-Factors-Q11-copy.webp,https://d1pumg6d5kr18o.cloudfront.net/new/math/math_2_iv_fr_q11/math_2_iv_df_2_2_iv_infustion_flow_rates_q11_v3.m3u8,,0,18914,56,Pharmacology / Dosage Calc / IV Drip Factors & Flow Rates / IV Infusion Flow Rates
Pharmacology,Pharmacology / Dosage Calc / IV Drip Factors & Flow Rates,IV Infusion Flow Rates,iv-infusion-flow-rates,11m 38s,2,Q12,q12-flow-rates,0:59,59,https://members.simplenursing.com/wp-content/themes/simplenursing-app/images/videos/thumbnails/12.-IV-Drip-Factors-Q12-copy.webp,https://d1pumg6d5kr18o.cloudfront.net/new/math/math_2_iv_fr_q12/math_2_iv_df_2_2_iv_infustion_flow_rates_q12_v3.m3u8,,0,18915,57,Pharmacology / Dosage Calc / IV Drip Factors & Flow Rates / IV Infusion Flow Rates
Pharmacology,Pharmacology / Dosage Calc / IV Drip Factors & Flow Rates,IV Infusion Flow Rates,iv-infusion-flow-rates,11m 38s,3,Q13,q13-flow-rates,0:48,48,https://members.simplenursing.com/wp-content/themes/simplenursing-app/images/videos/thumbnails/13.-IV-Drip-Factors-Q13-copy.webp,https://d1pumg6d5kr18o.cloudfront.net/new/math/math_2_iv_fr_q13/math_2_iv_df_2_2_iv_infustion_flow_rates_q13_v3.m3u8,,0,18916,58,Pharmacology / Dosage Calc / IV Drip Factors & Flow Rates / IV Infusion Flow Rates
Pharmacology,Pharmacology / Dosage Calc / IV Drip Factors & Flow Rates,IV Infusion Flow Rates,iv-infusion-flow-rates,11m 38s,4,Q14,q14-flow-rates,0:56,56,https://members.simplenursing.com/wp-content/themes/simplenursing-app/images/videos/thumbnails/14.-IV-Drip-Factors-Q14-copy.webp,https://d1pumg6d5kr18o.cloudfront.net/new/math/math_2_iv_fr_q14/math_2_iv_df_2_2_iv_infustion_flow_rates_q14_v3.m3u8,,0,18917,59,Pharmacology / Dosage Calc / IV Drip Factors & Flow Rates / IV Infusion Flow Rates
Pharmacology,Pharmacology / Dosage Calc / IV Drip Factors & Flow Rates,IV Infusion Flow Rates,iv-infusion-flow-rates,11m 38s,5,Q15,q15-flow-rates,0:45,45,https://members.simplenursing.com/wp-content/themes/simplenursing-app/images/videos/thumbnails/15.-IV-Drip-Factors-Q15-copy.webp,https://d1pumg6d5kr18o.cloudfront.net/new/math/math_2_iv_fr_q15/math_2_iv_df_2_2_iv_infustion_flow_rates_q15_v2.m3u8,,0,18918,60,Pharmacology / Dosage Calc / IV Drip Factors & Flow Rates / IV Infusion Flow Rates
Pharmacology,Pharmacology / Dosage Calc / IV Drip Factors & Flow Rates,IV Infusion Flow Rates,iv-infusion-flow-rates,11m 38s,6,Q16,q16-flow-rates,0:51,51,https://members.simplenursing.com/wp-content/themes/simplenursing-app/images/videos/thumbnails/16.-IV-Drip-Factors-Q16-copy.webp,https://d1pumg6d5kr18o.cloudfront.net/new/math/math_2_iv_fr_q16/math_2_iv_df_2_2_iv_infustion_flow_rates_q16_v2.m3u8,,0,18919,61,Pharmacology / Dosage Calc / IV Drip Factors & Flow Rates / IV Infusion Flow Rates
Pharmacology,Pharmacology / Dosage Calc / IV Drip Factors & Flow Rates,IV Infusion Flow Rates,iv-infusion-flow-rates,11m 38s,7,Q17,q17-flow-rates,0:46,46,https://members.simplenursing.com/wp-content/themes/simplenursing-app/images/videos/thumbnails/17.-IV-Drip-Factors-Q17-copy.webp,https://d1pumg6d5kr18o.cloudfront.net/new/math/math_2_iv_fr_q17/math_2_iv_df_2_2_iv_infustion_flow_rates_q17_v2.m3u8,,0,18920,62,Pharmacology / Dosage Calc / IV Drip Factors & Flow Rates / IV Infusion Flow Rates
Pharmacology,Pharmacology / Dosage Calc / IV Drip Factors & Flow Rates,IV Infusion Flow Rates,iv-infusion-flow-rates,11m 38s,8,Q18,q18-flow-rates,0:55,55,https://members.simplenursing.com/wp-content/themes/simplenursing-app/images/videos/thumbnails/18.-IV-Drip-Factors-Q18-copy.webp,https://d1pumg6d5kr18o.cloudfront.net/new/math/math_2_iv_fr_q18/math_2_iv_df_2_2_iv_infustion_flow_rates_q18_v2.m3u8,,0,18921,63,Pharmacology / Dosage Calc / IV Drip Factors & Flow Rates / IV Infusion Flow Rates
Pharmacology,Pharmacology / Dosage Calc / IV Drip Factors & Flow Rates,IV Infusion Flow Rates,iv-infusion-flow-rates,11m 38s,9,Q19,q19-flow-rates,2:38,158,https://members.simplenursing.com/wp-content/themes/simplenursing-app/images/videos/thumbnails/19.-IV-Drip-Factors-Q19-copy.webp,https://d1pumg6d5kr18o.cloudfront.net/new/math/math_2_iv_fr_q19/math_2_iv_df_2_2_iv_infustion_flow_rates_q19_v2.m3u8,,0,18922,64,Pharmacology / Dosage Calc / IV Drip Factors & Flow Rates / IV Infusion Flow Rates
Pharmacology,Pharmacology / Dosage Calc / IV Drip Factors & Flow Rates,IV Infusion Flow Rates,iv-infusion-flow-rates,11m 38s,10,Q20,q20-flow-rates,2:00,120,https://members.simplenursing.com/wp-content/themes/simplenursing-app/images/videos/thumbnails/20.-IV-Drip-Factors-Q20-copy.webp,https://d1pumg6d5kr18o.cloudfront.net/new/math/math_2_iv_fr_q20/math_2_iv_df_2_2_iv_infustion_flow_rates_q20_v2.m3u8,,0,18923,65,Pharmacology / Dosage Calc / IV Drip Factors & Flow Rates / IV Infusion Flow Rates
Pharmacology,Pharmacology / Dosage Calc,Metric Conversion,metric-conversion-med-math,28m 43s,1,Intro to Metric Conversion,intro-to-metric-conversion,2:25,145,https://members.simplenursing.com/wp-content/themes/simplenursing-app/images/videos/thumbnails/1.-Intro-to-Metric-Conversion-copy-1.webp,https://d1pumg6d5kr18o.cloudfront.net/new/math/math_3_metric_conversion_intro_v2/math_3_metric_conversion_intro_v2.m3u8,,0,18862,66,Pharmacology / Dosage Calc / Metric Conversion
Pharmacology,Pharmacology / Dosage Calc,Metric Conversion,metric-conversion-med-math,28m 43s,2,Q1,q1-metric-conversion,1:47,107,https://members.simplenursing.com/wp-content/themes/simplenursing-app/images/videos/thumbnails/2.-Q1-copy-1.webp,https://d1pumg6d5kr18o.cloudfront.net/new/math/math_3_metric_conversion_q1_v2/math_3_metric_conversion_q1_v2.m3u8,,0,18863,67,Pharmacology / Dosage Calc / Metric Conversion
Pharmacology,Pharmacology / Dosage Calc,Metric Conversion,metric-conversion-med-math,28m 43s,3,Q2,q2-metric-conversion,0:52,52,https://members.simplenursing.com/wp-content/themes/simplenursing-app/images/videos/thumbnails/3.-Q2-copy-1.webp,https://d1pumg6d5kr18o.cloudfront.net/new/math/math_3_metric_conversion_q2_v3/math_3_metric_conversion_q2_v3.m3u8,,0,18864,68,Pharmacology / Dosage Calc / Metric Conversion
Pharmacology,Pharmacology / Dosage Calc,Metric Conversion,metric-conversion-med-math,28m 43s,4,Q3,q3-metric-conversion,1:45,105,https://members.simplenursing.com/wp-content/themes/simplenursing-app/images/videos/thumbnails/4.-Q3-copy-1.webp,https://d1pumg6d5kr18o.cloudfront.net/new/math/math_3_metric_conversion_q3_v2/math_3_metric_conversion_q3_v2.m3u8,,0,18865,69,Pharmacology / Dosage Calc / Metric Conversion
Pharmacology,Pharmacology / Dosage Calc,Metric Conversion,metric-conversion-med-math,28m 43s,5,Q4,q4-metric-conversion,0:55,55,https://members.simplenursing.com/wp-content/themes/simplenursing-app/images/videos/thumbnails/5.-Q4-copy-1.webp,https://d1pumg6d5kr18o.cloudfront.net/new/math/math_3_metric_conversion_q4_v4/math_3_metric_conversion_q4_v4.m3u8,,0,18866,70,Pharmacology / Dosage Calc / Metric Conversion
Pharmacology,Pharmacology / Dosage Calc,Metric Conversion,metric-conversion-med-math,28m 43s,6,Q5,q5-metric-conversion,1:30,90,https://members.simplenursing.com/wp-content/themes/simplenursing-app/images/videos/thumbnails/6.-Q5-copy-1.webp,https://d1pumg6d5kr18o.cloudfront.net/new/math/math_3_metric_conversion_q5_v2/math_3_metric_conversion_q5_v2.m3u8,,0,18867,71,Pharmacology / Dosage Calc / Metric Conversion
Pharmacology,Pharmacology / Dosage Calc,Metric Conversion,metric-conversion-med-math,28m 43s,7,Q6,q6-metric-conversion,1:07,67,https://members.simplenursing.com/wp-content/themes/simplenursing-app/images/videos/thumbnails/7.-Q6-copy-1.webp,https://d1pumg6d5kr18o.cloudfront.net/new/math/math_3_metric_conversion_q6_v3/math_3_metric_conversion_q6_v3.m3u8,,0,18868,72,Pharmacology / Dosage Calc / Metric Conversion
Pharmacology,Pharmacology / Dosage Calc,Metric Conversion,metric-conversion-med-math,28m 43s,8,Q7,q7-metric-conversion,1:04,64,https://members.simplenursing.com/wp-content/themes/simplenursing-app/images/videos/thumbnails/8.-Q7-copy-1.webp,https://d1pumg6d5kr18o.cloudfront.net/new/math/math_3_metric_conversion_q7_v3/math_3_metric_conversion_q7_v3.m3u8,,0,18869,73,Pharmacology / Dosage Calc / Metric Conversion
Pharmacology,Pharmacology / Dosage Calc,Metric Conversion,metric-conversion-med-math,28m 43s,9,Q8,q8-metric-conversion,1:46,106,https://members.simplenursing.com/wp-content/themes/simplenursing-app/images/videos/thumbnails/9.-Q8-copy-1.webp,https://d1pumg6d5kr18o.cloudfront.net/new/math/math_3_metric_conversion_q8_v3/math_3_metric_conversion_q8_v3.m3u8,,0,18870,74,Pharmacology / Dosage Calc / Metric Conversion
Pharmacology,Pharmacology / Dosage Calc,Metric Conversion,metric-conversion-med-math,28m 43s,10,Q9,q9-metric-conversion,1:11,71,https://members.simplenursing.com/wp-content/themes/simplenursing-app/images/videos/thumbnails/10.-Q9-copy-1.webp,https://d1pumg6d5kr18o.cloudfront.net/new/math/math_3_metric_conversion_q9_v3/math_3_metric_conversion_q9_v3.m3u8,,0,18871,75,Pharmacology / Dosage Calc / Metric Conversion
Pharmacology,Pharmacology / Dosage Calc,Metric Conversion,metric-conversion-med-math,28m 43s,11,Q10,q10-metric-conversion,1:37,97,https://members.simplenursing.com/wp-content/themes/simplenursing-app/images/videos/thumbnails/11.-Q10-copy-1.webp,https://d1pumg6d5kr18o.cloudfront.net/new/math/math_3_metric_conversion_q10_v2/math_3_metric_conversion_q10_v2.m3u8,,0,18872,76,Pharmacology / Dosage Calc / Metric Conversion
Pharmacology,Pharmacology / Dosage Calc,Metric Conversion,metric-conversion-med-math,28m 43s,12,Q11,q11-metric-conversion,1:01,61,https://members.simplenursing.com/wp-content/themes/simplenursing-app/images/videos/thumbnails/12.-Q11-copy-1.webp,https://d1pumg6d5kr18o.cloudfront.net/new/math/math_3_metric_conversion_q11_v2/math_3_metric_conversion_q11_v2.m3u8,,0,18873,77,Pharmacology / Dosage Calc / Metric Conversion
Pharmacology,Pharmacology / Dosage Calc,Metric Conversion,metric-conversion-med-math,28m 43s,13,Q12,q12-metric-conversion,1:07,67,https://members.simplenursing.com/wp-content/themes/simplenursing-app/images/videos/thumbnails/13.-Q12-copy-1.webp,https://d1pumg6d5kr18o.cloudfront.net/new/math/math_3_metric_conversion_q12_v2/math_3_metric_conversion_q12_v2.m3u8,,0,18874,78,Pharmacology / Dosage Calc / Metric Conversion
Pharmacology,Pharmacology / Dosage Calc,Metric Conversion,metric-conversion-med-math,28m 43s,14,Q13,q13-metric-conversion,1:06,66,https://members.simplenursing.com/wp-content/themes/simplenursing-app/images/videos/thumbnails/14.-Q13-copy-1.webp,https://d1pumg6d5kr18o.cloudfront.net/new/math/math_3_metric_conversion_q13_v3/math_3_metric_conversion_q13_v3.m3u8,,0,18875,79,Pharmacology / Dosage Calc / Metric Conversion
Pharmacology,Pharmacology / Dosage Calc,Metric Conversion,metric-conversion-med-math,28m 43s,15,Q14,q14-metric-conversion,1:14,74,https://members.simplenursing.com/wp-content/themes/simplenursing-app/images/videos/thumbnails/15.-Q14-copy-1.webp,https://d1pumg6d5kr18o.cloudfront.net/new/math/math_3_metric_conversion_q14_v3/math_3_metric_conversion_q14_v3.m3u8,,0,18876,80,Pharmacology / Dosage Calc / Metric Conversion
Pharmacology,Pharmacology / Dosage Calc,Metric Conversion,metric-conversion-med-math,28m 43s,16,Q15,q15-metric-conversion,1:14,74,https://members.simplenursing.com/wp-content/themes/simplenursing-app/images/videos/thumbnails/16.-Q15-copy-1.webp,https://d1pumg6d5kr18o.cloudfront.net/new/math/math_3_metric_conversion_q15_v2/math_3_metric_conversion_q15_v2.m3u8,,0,18877,81,Pharmacology / Dosage Calc / Metric Conversion
Pharmacology,Pharmacology / Dosage Calc,Metric Conversion,metric-conversion-med-math,28m 43s,17,Q16,q16-metric-conversion,1:26,86,https://members.simplenursing.com/wp-content/themes/simplenursing-app/images/videos/thumbnails/17.-Q16-copy-1.webp,https://d1pumg6d5kr18o.cloudfront.net/new/math/math_3_metric_conversion_q16_v2/math_3_metric_conversion_q16_v2.m3u8,,0,18878,82,Pharmacology / Dosage Calc / Metric Conversion
Pharmacology,Pharmacology / Dosage Calc,Metric Conversion,metric-conversion-med-math,28m 43s,18,Q17,q17-metric-conversion,1:31,91,https://members.simplenursing.com/wp-content/themes/simplenursing-app/images/videos/thumbnails/18.-Q17-copy-1.webp,https://d1pumg6d5kr18o.cloudfront.net/new/math/math_3_metric_conversion_q17_v3/math_3_metric_conversion_q17_v3.m3u8,,0,18879,83,Pharmacology / Dosage Calc / Metric Conversion
Pharmacology,Pharmacology / Dosage Calc,Metric Conversion,metric-conversion-med-math,28m 43s,19,Q18,q18-metric-conversion,1:21,81,https://members.simplenursing.com/wp-content/themes/simplenursing-app/images/videos/thumbnails/19.-Q18-copy-1.webp,https://d1pumg6d5kr18o.cloudfront.net/new/math/math_3_metric_conversion_q18_v3/math_3_metric_conversion_q18_v3.m3u8,,0,18880,84,Pharmacology / Dosage Calc / Metric Conversion
Pharmacology,Pharmacology / Dosage Calc,Metric Conversion,metric-conversion-med-math,28m 43s,20,Q19,q19-metric-conversion,1:16,76,https://members.simplenursing.com/wp-content/themes/simplenursing-app/images/videos/thumbnails/20.-Q19-copy-1.webp,https://d1pumg6d5kr18o.cloudfront.net/new/math/math_3_metric_conversion_q19_v3/math_3_metric_conversion_q19_v3.m3u8,,0,18881,85,Pharmacology / Dosage Calc / Metric Conversion
Pharmacology,Pharmacology / Dosage Calc,Metric Conversion,metric-conversion-med-math,28m 43s,21,Q20,q20-metric-conversion,1:28,88,https://members.simplenursing.com/wp-content/themes/simplenursing-app/images/videos/thumbnails/21.-Q20-copy-1.webp,https://d1pumg6d5kr18o.cloudfront.net/new/math/math_3_metric_conversion_q20_v2/math_3_metric_conversion_q20_v2.m3u8,,0,18882,86,Pharmacology / Dosage Calc / Metric Conversion
Pharmacology,Pharmacology / Dosage Calc,Pediatric Dosage Calc,pediatric-dosage-calc,32m 5s,1,Q1,q1-pediatric-dosage,1:50,110,https://members.simplenursing.com/wp-content/themes/simplenursing-app/images/videos/thumbnails/1.-Pediatric-Dosage-Calc-Q1-copy.webp,https://d1pumg6d5kr18o.cloudfront.net/new/math/med_math_4_pediatric_dosage_calc_q1_v2/med_math_4_pediatric_dosage_calc_q1_v2.m3u8,,0,18884,87,Pharmacology / Dosage Calc / Pediatric Dosage Calc
Pharmacology,Pharmacology / Dosage Calc,Pediatric Dosage Calc,pediatric-dosage-calc,32m 5s,2,Q2,q2-pediatric-dosage,1:42,102,https://members.simplenursing.com/wp-content/themes/simplenursing-app/images/videos/thumbnails/2.-Pediatric-Dosage-Calc-Q2-copy.webp,https://d1pumg6d5kr18o.cloudfront.net/new/math/med_math_4_pediatric_dosage_calc_q2_v2/med_math_4_pediatric_dosage_calc_q2_v2.m3u8,,0,18885,88,Pharmacology / Dosage Calc / Pediatric Dosage Calc
Pharmacology,Pharmacology / Dosage Calc,Pediatric Dosage Calc,pediatric-dosage-calc,32m 5s,3,Q3,q3-pediatric-dosage,2:00,120,https://members.simplenursing.com/wp-content/themes/simplenursing-app/images/videos/thumbnails/3.-Pediatric-Dosage-Calc-Q3-copy.webp,https://d1pumg6d5kr18o.cloudfront.net/new/math/med_math_4_pediatric_dosage_calc_q3_v2/med_math_4_pediatric_dosage_calc_q3_v2.m3u8,,0,18886,89,Pharmacology / Dosage Calc / Pediatric Dosage Calc
Pharmacology,Pharmacology / Dosage Calc,Pediatric Dosage Calc,pediatric-dosage-calc,32m 5s,4,Q4,q4-pediatric-dosage,2:26,146,https://members.simplenursing.com/wp-content/themes/simplenursing-app/images/videos/thumbnails/4.-Pediatric-Dosage-Calc-Q4-copy.webp,https://d1pumg6d5kr18o.cloudfront.net/new/math/med_math_4_pediatric_dosage_calc_q4_v2/med_math_4_pediatric_dosage_calc_q4_v2.m3u8,,0,18887,90,Pharmacology / Dosage Calc / Pediatric Dosage Calc
Pharmacology,Pharmacology / Dosage Calc,Pediatric Dosage Calc,pediatric-dosage-calc,32m 5s,5,Q5,q5-pediatric-dosage,1:16,76,https://members.simplenursing.com/wp-content/themes/simplenursing-app/images/videos/thumbnails/5.-Pediatric-Dosage-Calc-Q5-copy.webp,https://d1pumg6d5kr18o.cloudfront.net/new/math/med_math_4_pediatric_dosage_calc_q5_v2/med_math_4_pediatric_dosage_calc_q5_v2.m3u8,,0,18888,91,Pharmacology / Dosage Calc / Pediatric Dosage Calc
Pharmacology,Pharmacology / Dosage Calc,Pediatric Dosage Calc,pediatric-dosage-calc,32m 5s,6,Q6,q6-pediatric-dosage,2:12,132,https://members.simplenursing.com/wp-content/themes/simplenursing-app/images/videos/thumbnails/6.-Pediatric-Dosage-Calc-Q6-copy.webp,https://d1pumg6d5kr18o.cloudfront.net/new/math/med_math_4_pediatric_dosage_calc_q6_v3/med_math_4_pediatric_dosage_calc_q6_v3.m3u8,,0,18889,92,Pharmacology / Dosage Calc / Pediatric Dosage Calc
Pharmacology,Pharmacology / Dosage Calc,Pediatric Dosage Calc,pediatric-dosage-calc,32m 5s,7,Q7,q7-pediatric-dosage,0:58,58,https://members.simplenursing.com/wp-content/themes/simplenursing-app/images/videos/thumbnails/7.-Pediatric-Dosage-Calc-Q7-copy.webp,https://d1pumg6d5kr18o.cloudfront.net/new/math/med_math_4_pediatric_dosage_calc_q7_v2/med_math_4_pediatric_dosage_calc_q7_v2.m3u8,,0,18890,93,Pharmacology / Dosage Calc / Pediatric Dosage Calc
Pharmacology,Pharmacology / Dosage Calc,Pediatric Dosage Calc,pediatric-dosage-calc,32m 5s,8,Q8,q8-pediatric-dosage,2:12,132,https://members.simplenursing.com/wp-content/themes/simplenursing-app/images/videos/thumbnails/8.-Pediatric-Dosage-Calc-Q8-copy.webp,https://d1pumg6d5kr18o.cloudfront.net/new/math/med_math_4_pediatric_dosage_calc_q8_v2/med_math_4_pediatric_dosage_calc_q8_v2.m3u8,,0,18891,94,Pharmacology / Dosage Calc / Pediatric Dosage Calc
Pharmacology,Pharmacology / Dosage Calc,Pediatric Dosage Calc,pediatric-dosage-calc,32m 5s,9,Q9,q9-pediatric-dosage,1:10,70,https://members.simplenursing.com/wp-content/themes/simplenursing-app/images/videos/thumbnails/9.-Pediatric-Dosage-Calc-Q9-copy.webp,https://d1pumg6d5kr18o.cloudfront.net/new/math/med_math_4_pediatric_dosage_calc_q9_v2/med_math_4_pediatric_dosage_calc_q9_v2.m3u8,,0,18892,95,Pharmacology / Dosage Calc / Pediatric Dosage Calc
Pharmacology,Pharmacology / Dosage Calc,Pediatric Dosage Calc,pediatric-dosage-calc,32m 5s,10,Q10,q10-pediatric-dosage,2:13,133,https://members.simplenursing.com/wp-content/themes/simplenursing-app/images/videos/thumbnails/10.-Pediatric-Dosage-Calc-Q10-copy.webp,https://d1pumg6d5kr18o.cloudfront.net/new/math/med_math_4_pediatric_dosage_calc_q10_v2/med_math_4_pediatric_dosage_calc_q10_v2.m3u8,,0,18893,96,Pharmacology / Dosage Calc / Pediatric Dosage Calc
Pharmacology,Pharmacology / Dosage Calc,Pediatric Dosage Calc,pediatric-dosage-calc,32m 5s,11,Q11,q11-pediatric-dosage,1:12,72,https://members.simplenursing.com/wp-content/themes/simplenursing-app/images/videos/thumbnails/11.-Pediatric-Dosage-Calc-Q11-copy.webp,https://d1pumg6d5kr18o.cloudfront.net/new/math/med_math_4_pediatric_dosage_calc_q11_v2/med_math_4_pediatric_dosage_calc_q11_v2.m3u8,,0,18894,97,Pharmacology / Dosage Calc / Pediatric Dosage Calc
Pharmacology,Pharmacology / Dosage Calc,Pediatric Dosage Calc,pediatric-dosage-calc,32m 5s,12,Q12,q12-pediatric-dosage,1:08,68,https://members.simplenursing.com/wp-content/themes/simplenursing-app/images/videos/thumbnails/12.-Pediatric-Dosage-Calc-Q12-copy.webp,https://d1pumg6d5kr18o.cloudfront.net/new/math/med_math_4_pediatric_dosage_calc_q12_v2/med_math_4_pediatric_dosage_calc_q12_v2.m3u8,,0,18895,98,Pharmacology / Dosage Calc / Pediatric Dosage Calc
Pharmacology,Pharmacology / Dosage Calc,Pediatric Dosage Calc,pediatric-dosage-calc,32m 5s,13,Q13,q13-pediatric-dosage,1:02,62,https://members.simplenursing.com/wp-content/themes/simplenursing-app/images/videos/thumbnails/13.-Pediatric-Dosage-Calc-Q13-copy.webp,https://d1pumg6d5kr18o.cloudfront.net/new/math/med_math_4_pediatric_dosage_calc_q13_v2/med_math_4_pediatric_dosage_calc_q13_v2.m3u8,,0,18896,99,Pharmacology / Dosage Calc / Pediatric Dosage Calc
Pharmacology,Pharmacology / Dosage Calc,Pediatric Dosage Calc,pediatric-dosage-calc,32m 5s,14,Q14,q14-pediatric-dosage,1:53,113,https://members.simplenursing.com/wp-content/themes/simplenursing-app/images/videos/thumbnails/14.-Pediatric-Dosage-Calc-Q14-copy.webp,https://d1pumg6d5kr18o.cloudfront.net/new/math/med_math_4_pediatric_dosage_calc_q14_v2/med_math_4_pediatric_dosage_calc_q14_v2.m3u8,,0,18897,100,Pharmacology / Dosage Calc / Pediatric Dosage Calc
Pharmacology,Pharmacology / Dosage Calc,Pediatric Dosage Calc,pediatric-dosage-calc,32m 5s,15,Q15,q15-pediatric-dosage,1:17,77,https://members.simplenursing.com/wp-content/themes/simplenursing-app/images/videos/thumbnails/15.-Pediatric-Dosage-Calc-Q15-copy.webp,https://d1pumg6d5kr18o.cloudfront.net/new/math/med_math_4_pediatric_dosage_calc_q15_v2/med_math_4_pediatric_dosage_calc_q15_v2.m3u8,,0,18898,101,Pharmacology / Dosage Calc / Pediatric Dosage Calc
Pharmacology,Pharmacology / Dosage Calc,Pediatric Dosage Calc,pediatric-dosage-calc,32m 5s,16,Q16,q16-pediatric-dosage,1:08,68,https://members.simplenursing.com/wp-content/themes/simplenursing-app/images/videos/thumbnails/16.-Pediatric-Dosage-Calc-Q16-copy.webp,https://d1pumg6d5kr18o.cloudfront.net/new/math/med_math_4_pediatric_dosage_calc_q16_v2/med_math_4_pediatric_dosage_calc_q16_v2.m3u8,,0,18899,102,Pharmacology / Dosage Calc / Pediatric Dosage Calc
Pharmacology,Pharmacology / Dosage Calc,Pediatric Dosage Calc,pediatric-dosage-calc,32m 5s,17,Q17,q17-pediatric-dosage,2:05,125,https://members.simplenursing.com/wp-content/themes/simplenursing-app/images/videos/thumbnails/17.-Pediatric-Dosage-Calc-Q17-copy.webp,https://d1pumg6d5kr18o.cloudfront.net/new/math/med_math_4_pediatric_dosage_calc_q17_v2/med_math_4_pediatric_dosage_calc_q17_v2.m3u8,,0,18900,103,Pharmacology / Dosage Calc / Pediatric Dosage Calc
Pharmacology,Pharmacology / Dosage Calc,Pediatric Dosage Calc,pediatric-dosage-calc,32m 5s,18,Q18,q18-pediatric-dosage,1:00,60,https://members.simplenursing.com/wp-content/themes/simplenursing-app/images/videos/thumbnails/18.-Pediatric-Dosage-Calc-Q18-copy.webp,https://d1pumg6d5kr18o.cloudfront.net/new/math/med_math_4_pediatric_dosage_calc_q18_v2/med_math_4_pediatric_dosage_calc_q18_v2.m3u8,,0,18901,104,Pharmacology / Dosage Calc / Pediatric Dosage Calc
Pharmacology,Pharmacology / Dosage Calc,Pediatric Dosage Calc,pediatric-dosage-calc,32m 5s,19,Q19,q19-pediatric-dosage,1:05,65,https://members.simplenursing.com/wp-content/themes/simplenursing-app/images/videos/thumbnails/19.-Pediatric-Dosage-Calc-Q19-copy.webp,https://d1pumg6d5kr18o.cloudfront.net/new/math/med_math_4_pediatric_dosage_calc_q19_v2/med_math_4_pediatric_dosage_calc_q19_v2.m3u8,,0,18902,105,Pharmacology / Dosage Calc / Pediatric Dosage Calc
Pharmacology,Pharmacology / Dosage Calc,Pediatric Dosage Calc,pediatric-dosage-calc,32m 5s,20,Q20,q20-pediatric-dosage,2:16,136,https://members.simplenursing.com/wp-content/themes/simplenursing-app/images/videos/thumbnails/20.-Pediatric-Dosage-Calc-Q20-copy.webp,https://d1pumg6d5kr18o.cloudfront.net/new/math/med_math_4_pediatric_dosage_calc_q20_v2/med_math_4_pediatric_dosage_calc_q20_v2.m3u8,,0,18903,106,Pharmacology / Dosage Calc / Pediatric Dosage Calc
Critical Care,Critical Care,ABGs & Acid Base Imbalances,abgs-acid-base-imbalances-cc,1h 22m,1,ABGs & Acid Base Imbalances (full video),abgs-acid-base-imbalances-full-video,36:34,2194,https://members.simplenursing.com/wp-content/themes/simplenursing-app/images/videos/thumbnails//1.-ABGs-Acid-Base-Imbalances-copy.webp,https://d1pumg6d5kr18o.cloudfront.net/new/1_abgs__acid_base_imbalances/1_abgs__acid_base_imbalances.m3u8,,0,16565,1345,Critical Care / ABGs & Acid Base Imbalances
Critical Care,Critical Care,ABGs & Acid Base Imbalances,abgs-acid-base-imbalances-cc,1h 22m,2,Acid Base Imbalances,acid-base-imbalances-med-surg-respiratory,16:25,985,https://members.simplenursing.com/wp-content/themes/simplenursing-app/images/videos/thumbnails//2.-Acid-Base-Imbalances-copy-1.webp,https://d1pumg6d5kr18o.cloudfront.net/new/2_acid_base_imbalances/2_acid_base_imbalances.m3u8,,0,16566,1346,Critical Care / ABGs & Acid Base Imbalances
Critical Care,Critical Care,ABGs & Acid Base Imbalances,abgs-acid-base-imbalances-cc,1h 22m,3,Metabolic acidosis & alkalosis,metabolic-acidosis-alkalosis,3:31,211,https://members.simplenursing.com/wp-content/themes/simplenursing-app/images/videos/thumbnails//3.-Metabolic-acidosis-alkalosis-copy-1.webp,https://d1pumg6d5kr18o.cloudfront.net/new/3_metabolic_acidosis__alkalosis/3_metabolic_acidosis__alkalosis.m3u8,,0,16568,1347,Critical Care / ABGs & Acid Base Imbalances
Critical Care,Critical Care,ABGs & Acid Base Imbalances,abgs-acid-base-imbalances-cc,1h 22m,4,Respiratory acidosis & alkalosis,respiratory-acidosis-alkalosis,8:31,511,https://members.simplenursing.com/wp-content/themes/simplenursing-app/images/videos/thumbnails//4.-Respiratory-acidosis-alkalosis-copy-1.webp,https://d1pumg6d5kr18o.cloudfront.net/new/4_respiratory_acidosis__alkalosis/4_respiratory_acidosis__alkalosis.m3u8,,0,16569,1348,Critical Care / ABGs & Acid Base Imbalances
Critical Care,Critical Care,ABGs & Acid Base Imbalances,abgs-acid-base-imbalances-cc,1h 22m,5,ABG Interpretation,abg-interpretation,6:34,394,https://members.simplenursing.com/wp-content/themes/simplenursing-app/images/videos/thumbnails//5.-ABG-Interpretation-copy-1.webp,https://d1pumg6d5kr18o.cloudfront.net/new/5_abg_interpretation/5_abg_interpretation.m3u8,,0,16570,1349,Critical Care / ABGs & Acid Base Imbalances
Critical Care,Critical Care,ABGs & Acid Base Imbalances,abgs-acid-base-imbalances-cc,1h 22m,6,ABG Practice Questions,abg-practice-questions,4:05,245,https://members.simplenursing.com/wp-content/themes/simplenursing-app/images/videos/thumbnails//6.-ABG-Practice-Questions-copy-1.webp,https://d1pumg6d5kr18o.cloudfront.net/new/6_abg_practice_questions/6_abg_practice_questions.m3u8,,0,16571,1350,Critical Care / ABGs & Acid Base Imbalances
Critical Care,Critical Care,ABGs & Acid Base Imbalances,abgs-acid-base-imbalances-cc,1h 22m,7,ABG Partially Compensated,abg-partially-compensated,7:08,428,https://members.simplenursing.com/wp-content/themes/simplenursing-app/images/videos/thumbnails//7.-ABG-Partially-Compensated-copy-1.webp,https://d1pumg6d5kr18o.cloudfront.net/new/7_abg_partially_compensated/7_abg_partially_compensated.m3u8,,0,16572,1351,Critical Care / ABGs & Acid Base Imbalances
Critical Care,Critical Care,ARDS & Acute respiratory failure,ards-acute-respiratory-failure-cc,9m 37s,1,ARDS & Acute Respiratory Failure,ards-acute-respiratory-failure,9:37,577,https://members.simplenursing.com/wp-content/themes/simplenursing-app/images/videos/thumbnails//1.-ARDS-Acute-respiratory-failure-copy-2.webp,https://d1pumg6d5kr18o.cloudfront.net/new/3_ards__acute_respiratory_failure/3_ards__acute_respiratory_failure.m3u8,,0,16588,1352,Critical Care / ARDS & Acute respiratory failure
Critical Care,Critical Care,Blood Administration,blood-administration-cc,40m 17s,1,Blood Admin Full Video,blood-admin-full-video,20:10,1210,https://members.simplenursing.com/wp-content/themes/simplenursing-app/images/videos/thumbnails//1.-Blood-Admin-Full-Video-copy.webp,https://d1pumg6d5kr18o.cloudfront.net/new/1_blood_administration_1_blood_admin_full_video/1_blood_administration_1_blood_admin_full_video.m3u8,,0,16745,1353,Critical Care / Blood Administration
Critical Care,Critical Care,Blood Administration,blood-administration-cc,40m 17s,2,3 types of Blood products,3-types-of-blood-products,4:06,246,https://members.simplenursing.com/wp-content/themes/simplenursing-app/images/videos/thumbnails//2.-3-types-of-Blood-products-copy.webp,https://d1pumg6d5kr18o.cloudfront.net/new/1_blood_administration_2_3_types_of_blood_products/1_blood_administration_2_3_types_of_blood_products.m3u8,,0,16746,1354,Critical Care / Blood Administration
Critical Care,Critical Care,Blood Administration,blood-administration-cc,40m 17s,3,Transfusion reactions,transfusion-reactions,5:33,333,https://members.simplenursing.com/wp-content/themes/simplenursing-app/images/videos/thumbnails//3.-Transfusion-reactions-copy.webp,https://d1pumg6d5kr18o.cloudfront.net/new/1_blood_administration_3_transfusion_reactions/1_blood_administration_3_transfusion_reactions.m3u8,,0,16747,1355,Critical Care / Blood Administration
Critical Care,Critical Care,Blood Administration,blood-administration-cc,40m 17s,4,5 Steps of Blood Transfusion,5-steps-of-blood-transfusion,3:55,235,https://members.simplenursing.com/wp-content/themes/simplenursing-app/images/videos/thumbnails//4.-5-Steps-of-Blood-Transfusion-copy.webp,https://d1pumg6d5kr18o.cloudfront.net/new/1_blood_administration_4_5_steps_of_blood_transfusion/1_blood_administration_4_5_steps_of_blood_transfusion.m3u8,,0,16748,1356,Critical Care / Blood Administration
Critical Care,Critical Care,Blood Administration,blood-administration-cc,40m 17s,5,Blood types & Rh Factor,blood-types-rh-factor,3:09,189,https://members.simplenursing.com/wp-content/themes/simplenursing-app/images/videos/thumbnails//5.-Blood-types-Rh-Factor-copy.webp,https://d1pumg6d5kr18o.cloudfront.net/new/1_blood_administration_5_blood_types_rh_factor/1_blood_administration_5_blood_types_rh_factor.m3u8,,0,16749,1357,Critical Care / Blood Administration
Critical Care,Critical Care,Blood Administration,blood-administration-cc,40m 17s,6,Top missed NCLEX Questions,top-missed-nclex-questions-critical-care,3:24,204,https://members.simplenursing.com/wp-content/themes/simplenursing-app/images/videos/thumbnails//6.-Top-missed-NCLEX-Questions-copy.webp,https://d1pumg6d5kr18o.cloudfront.net/new/1_blood_administration_6_top_missed_nclex_questions/1_blood_administration_6_top_missed_nclex_questions.m3u8,,0,16750,1358,Critical Care / Blood Administration
Critical Care,Critical Care,BLS & CPR,bls-cpr-cc,21m 12s,1,BLS & CPR Full Video,bls-cpr-full-video,11:00,660,https://members.simplenursing.com/wp-content/themes/simplenursing-app/images/videos/thumbnails/1.-BLS-CPR-Full-Video-copy.webp,https://d1pumg6d5kr18o.cloudfront.net/new/2_bls_cpr_1_bls_cpr_full_video/2_bls_cpr_1_bls_cpr_full_video.m3u8,,0,16751,1359,Critical Care / BLS & CPR
Critical Care,Critical Care,BLS & CPR,bls-cpr-cc,21m 12s,2,Adult CPR,adult-cpr,3:14,194,https://members.simplenursing.com/wp-content/themes/simplenursing-app/images/videos/thumbnails/2.-Adult-CPR-copy.webp,https://d1pumg6d5kr18o.cloudfront.net/new/2_bls_cpr_2_adult_cpr/2_bls_cpr_2_adult_cpr.m3u8,,0,16752,1360,Critical Care / BLS & CPR
Critical Care,Critical Care,BLS & CPR,bls-cpr-cc,21m 12s,3,Child CPR,child-cpr,2:06,126,https://members.simplenursing.com/wp-content/themes/simplenursing-app/images/videos/thumbnails/3.-Child-CPR-copy.webp,https://d1pumg6d5kr18o.cloudfront.net/new/2_bls_cpr_3_child_cpr/2_bls_cpr_3_child_cpr.m3u8,,0,16753,1361,Critical Care / BLS & CPR
Critical Care,Critical Care,BLS & CPR,bls-cpr-cc,21m 12s,4,Pregnant CPR,pregnant-cpr,1:15,75,https://members.simplenursing.com/wp-content/themes/simplenursing-app/images/videos/thumbnails/4.-Pregnant-CPR-copy.webp,https://d1pumg6d5kr18o.cloudfront.net/new/2_bls_cpr_4_pregnant_cpr/2_bls_cpr_4_pregnant_cpr.m3u8,,0,16754,1362,Critical Care / BLS & CPR
Critical Care,Critical Care,BLS & CPR,bls-cpr-cc,21m 12s,5,Infant CPR,infant-cpr,3:37,217,https://members.simplenursing.com/wp-content/themes/simplenursing-app/images/videos/thumbnails/5.-Infant-CPR-copy.webp,https://d1pumg6d5kr18o.cloudfront.net/new/2_bls_cpr_5_infant_cpr/2_bls_cpr_5_infant_cpr.m3u8,,0,16755,1363,Critical Care / BLS & CPR
Critical Care,Critical Care,Burns,burns-cc,28m 45s,1,Burns Full Video,burns-full-video,17:58,1078,https://members.simplenursing.com/wp-content/themes/simplenursing-app/images/videos/thumbnails/1.-Burns-Full-Video-copy.webp,https://d1pumg6d5kr18o.cloudfront.net/new/3_burns_1_burns_full_video/3_burns_1_burns_full_video.m3u8,,0,16757,1364,Critical Care / Burns
Critical Care,Critical Care,Burns,burns-cc,28m 45s,2,Types of Burns,types-of-burns,2:03,123,https://members.simplenursing.com/wp-content/themes/simplenursing-app/images/videos/thumbnails/2.-Types-of-Burns-copy.webp,https://d1pumg6d5kr18o.cloudfront.net/new/3_burns_2_types_of_burns/3_burns_2_types_of_burns.m3u8,,0,16758,1365,Critical Care / Burns
Critical Care,Critical Care,Burns,burns-cc,28m 45s,3,Rule of 9's,rule-of-9s,4:37,277,https://members.simplenursing.com/wp-content/themes/simplenursing-app/images/videos/thumbnails/3.-Rule-of-9_s-copy.webp,https://d1pumg6d5kr18o.cloudfront.net/new/3_burns_3_rule_of_9s/3_burns_3_rule_of_9s.m3u8,,0,16759,1366,Critical Care / Burns
Critical Care,Critical Care,Burns,burns-cc,28m 45s,4,Fluid Resuscitation,fluid-resuscitation,4:07,247,https://members.simplenursing.com/wp-content/themes/simplenursing-app/images/videos/thumbnails/4.-Fluid-Resuscitation-copy.webp,https://d1pumg6d5kr18o.cloudfront.net/new/3_burns_4_fluid_resuscitation/3_burns_4_fluid_resuscitation.m3u8,,0,16760,1367,Critical Care / Burns
Critical Care,Critical Care / Cardiac Critical Care,EKG - Critical Care,ekg-critical-care-cc,13m 32s,1,5-step EKG Interpretation,5-step-ekg-interpretation,2:19,139,https://members.simplenursing.com/wp-content/themes/simplenursing-app/images/videos/thumbnails/1.-5-step-EKG-Interpretation-copy.webp,https://d1pumg6d5kr18o.cloudfront.net/new/4_cardiac_critical_care_1_ekg_-_critical_care_1_5_step_ekg_interpretation/4_cardiac_critical_care_1_ekg_-_critical_care_1_5_step_ekg_interpretation.m3u8,,0,16761,1368,Critical Care / Cardiac Critical Care / EKG - Critical Care
Critical Care,Critical Care / Cardiac Critical Care,EKG - Critical Care,ekg-critical-care-cc,13m 32s,2,9 ECG strips on NCLEX,9-ecg-strips-on-nclex,10:08,608,https://members.simplenursing.com/wp-content/themes/simplenursing-app/images/videos/thumbnails/2.-9-ECG-strips-on-NCLEX-copy.webp,https://d1pumg6d5kr18o.cloudfront.net/new/4_cardiac_critical_care_1_ekg_-_critical_care_2_9_ecg_strips_on_the_nclex/4_cardiac_critical_care_1_ekg_-_critical_care_2_9_ecg_strips_on_the_nclex.m3u8,,0,16762,1369,Critical Care / Cardiac Critical Care / EKG - Critical Care
Critical Care,Critical Care / Cardiac Critical Care,EKG - Critical Care,ekg-critical-care-cc,13m 32s,3,Cardioversion vs. Defibrillation,cardioversion-vs-defibrillation,1:05,65,https://members.simplenursing.com/wp-content/themes/simplenursing-app/images/videos/thumbnails/3.-Cardioversion-vs.-Defibrillation-copy.webp,https://d1pumg6d5kr18o.cloudfront.net/new/4_cardiac_critical_care_1_ekg_-_critical_care_3_cardioversion_vs_defibrillation/4_cardiac_critical_care_1_ekg_-_critical_care_3_cardioversion_vs_defibrillation.m3u8,,0,16763,1370,Critical Care / Cardiac Critical Care / EKG - Critical Care
Critical Care,Critical Care / Cardiac Critical Care,Critical Cardiac Drugs,critical-cardiac-drugs-cc,22m 11s,1,Atropine,atropine,4:34,274,https://members.simplenursing.com/wp-content/themes/simplenursing-app/images/videos/thumbnails/1.-Atropine-copy.webp,https://d1pumg6d5kr18o.cloudfront.net/new/4_cardiac_critical_care_2_critical_cardiac_drugs_1_atropine/4_cardiac_critical_care_2_critical_cardiac_drugs_1_atropine.m3u8,,0,16764,1371,Critical Care / Cardiac Critical Care / Critical Cardiac Drugs
Critical Care,Critical Care / Cardiac Critical Care,Critical Cardiac Drugs,critical-cardiac-drugs-cc,22m 11s,2,Adenosine & SVT,adenosine-svt,4:39,279,https://members.simplenursing.com/wp-content/themes/simplenursing-app/images/videos/thumbnails/2.-Adenosine-SVT-copy.webp,https://d1pumg6d5kr18o.cloudfront.net/new/4_cardiac_critical_care_2_critical_cardiac_drugs_2_adenosine_svt/4_cardiac_critical_care_2_critical_cardiac_drugs_2_adenosine_svt.m3u8,,0,16765,1372,Critical Care / Cardiac Critical Care / Critical Cardiac Drugs
Critical Care,Critical Care / Cardiac Critical Care,Critical Cardiac Drugs,critical-cardiac-drugs-cc,22m 11s,3,Vasopressors,vasopressors,12:58,778,https://members.simplenursing.com/wp-content/themes/simplenursing-app/images/videos/thumbnails/3.-Vasopressors-copy.webp,https://d1pumg6d5kr18o.cloudfront.net/new/4_cardiac_critical_care_2_critical_cardiac_drugs_3_vasopressors/4_cardiac_critical_care_2_critical_cardiac_drugs_3_vasopressors.m3u8,,0,16766,1373,Critical Care / Cardiac Critical Care / Critical Cardiac Drugs
Critical Care,Critical Care,Hypothermia & Frostbite,hypothermia-frostbite-cc,13m 8s,1,Hypothermia & Frostbite Full Video,hypothermia-frostbite-full-video,5:24,324,https://members.simplenursing.com/wp-content/themes/simplenursing-app/images/videos/thumbnails/1.-Hypothermia-Frostbite-copy.webp,https://d1pumg6d5kr18o.cloudfront.net/new/5_hypothermia_frostbite_1_hypothermia_frostbite_full_video/5_hypothermia_frostbite_1_hypothermia_frostbite_full_video.m3u8,,0,16767,1374,Critical Care / Hypothermia & Frostbite
Critical Care,Critical Care,Hypothermia & Frostbite,hypothermia-frostbite-cc,13m 8s,2,Hypothermia,hypothermia,2:49,169,https://members.simplenursing.com/wp-content/themes/simplenursing-app/images/videos/thumbnails/2.-Hypothermia-copy.webp,https://d1pumg6d5kr18o.cloudfront.net/new/5_hypothermia_frostbite_2_hypothermia/5_hypothermia_frostbite_2_hypothermia.m3u8,,0,16768,1375,Critical Care / Hypothermia & Frostbite
Critical Care,Critical Care,Hypothermia & Frostbite,hypothermia-frostbite-cc,13m 8s,3,Frostbite,frostbite,2:30,150,https://members.simplenursing.com/wp-content/themes/simplenursing-app/images/videos/thumbnails/3.-Frostbite-copy.webp,https://d1pumg6d5kr18o.cloudfront.net/new/5_hypothermia_frostbite_3_frostbite/5_hypothermia_frostbite_3_frostbite.m3u8,,0,16769,1376,Critical Care / Hypothermia & Frostbite
Critical Care,Critical Care,Hypothermia & Frostbite,hypothermia-frostbite-cc,13m 8s,4,Malignant Hyperthermia (MH),malignant-hyperthermia-mh,2:25,145,https://members.simplenursing.com/wp-content/themes/simplenursing-app/images/videos/thumbnails/4.-Malignant-Hyperthermia-MH-copy.webp,https://d1pumg6d5kr18o.cloudfront.net/new/7_malignant_hyperthermia_malignant_hyperthermia/7_malignant_hyperthermia_malignant_hyperthermia.m3u8,,0,16771,1377,Critical Care / Hypothermia & Frostbite
Critical Care,Critical Care,Lab Values (Critical),lab-values-critical-cc,5m 53s,1,Lab Values (Critical),lab-values-critical,5:53,353,https://members.simplenursing.com/wp-content/themes/simplenursing-app/images/videos/thumbnails/1.-Lab-Values-Critical-copy.webp,https://d1pumg6d5kr18o.cloudfront.net/new/7_critical_care_lab_values/7_critical_care_lab_values.m3u8,,0,16770,1378,Critical Care / Lab Values (Critical)
Critical Care,Critical Care,Shock,shock-cc,42m 22s,1,Shock Full Video,shock-full-video,22:49,1369,https://members.simplenursing.com/wp-content/themes/simplenursing-app/images/videos/thumbnails/1.-Shock-Full-Video-copy.webp,https://d1pumg6d5kr18o.cloudfront.net/new/8_shock_1_shock_full_video/8_shock_1_shock_full_video.m3u8,,0,16772,1379,Critical Care / Shock
Critical Care,Critical Care,Shock,shock-cc,42m 22s,2,Septic shock,septic-shock,2:16,136,https://members.simplenursing.com/wp-content/themes/simplenursing-app/images/videos/thumbnails/2.-Septic-shock-copy.webp,https://d1pumg6d5kr18o.cloudfront.net/new/8_shock_2_septic_shock/8_shock_2_septic_shock.m3u8,,0,16773,1380,Critical Care / Shock
Critical Care,Critical Care,Shock,shock-cc,42m 22s,3,Neurogenic shock,neurogenic-shock,3:30,210,https://members.simplenursing.com/wp-content/themes/simplenursing-app/images/videos/thumbnails/3.-Neurogenic-shock-copy.webp,https://d1pumg6d5kr18o.cloudfront.net/new/8_shock_3_neurogenic_shock/8_shock_3_neurogenic_shock.m3u8,,0,16774,1381,Critical Care / Shock
Critical Care,Critical Care,Shock,shock-cc,42m 22s,4,Hypovolemic shock,hypovolemic-shock-cc,5:43,343,https://members.simplenursing.com/wp-content/themes/simplenursing-app/images/videos/thumbnails/4.-Hypovolemic-shock-copy.webp,https://d1pumg6d5kr18o.cloudfront.net/new/8_shock_4_hypovolemic_shock/8_shock_4_hypovolemic_shock.m3u8,,0,16775,1382,Critical Care / Shock
Critical Care,Critical Care,Shock,shock-cc,42m 22s,5,Cardiogenic shock,cardiogenic-shock,2:46,166,https://members.simplenursing.com/wp-content/themes/simplenursing-app/images/videos/thumbnails/5.-Cardiogenic-shock-copy.webp,https://d1pumg6d5kr18o.cloudfront.net/new/8_shock_5_cardiogenic_shock/8_shock_5_cardiogenic_shock.m3u8,,0,16776,1383,Critical Care / Shock
Critical Care,Critical Care,Shock,shock-cc,42m 22s,6,Anaphylactic shock,anaphylactic-shock-cc,5:18,318,https://members.simplenursing.com/wp-content/themes/simplenursing-app/images/videos/thumbnails/6.-Anaphylactic-shock-copy.webp,https://d1pumg6d5kr18o.cloudfront.net/new/8_shock_6_anaphylactic_shock/8_shock_6_anaphylactic_shock.m3u8,,0,16777,1384,Critical Care / Shock
Critical Care,Critical Care,Spinal Cord Injury,spinal-cord-injury-cc,11m 34s,1,Spinal Cord Injury,spinal-cord-injury,3:44,224,https://members.simplenursing.com/wp-content/themes/simplenursing-app/images/videos/thumbnails/1.-Spinal-Cord-Injury-copy.webp,https://d1pumg6d5kr18o.cloudfront.net/new/7_spinal_cord_injury/7_spinal_cord_injury.m3u8,,0,16354,1385,Critical Care / Spinal Cord Injury
Critical Care,Critical Care,Spinal Cord Injury,spinal-cord-injury-cc,11m 34s,2,Autonomic Dysreflexia,autonomic-dysreflexia,7:50,470,https://members.simplenursing.com/wp-content/themes/simplenursing-app/images/videos/thumbnails/2.-Autonomic-Dysreflexia-copy.webp,https://d1pumg6d5kr18o.cloudfront.net/new/75_autonomic_dysreflexia_/75_autonomic_dysreflexia_.m3u8,,0,16355,1386,Critical Care / Spinal Cord Injury
Critical Care,Critical Care,Ventilator Settings & Mechanical Ventilation,ventilator-settings-mechanical-ventilation-cc,48m 27s,1,Ventilator Settings & Mechanical Ventilation,ventilator-settings-mechanical-ventilation,23:06,1386,https://members.simplenursing.com/wp-content/themes/simplenursing-app/images/videos/thumbnails//1.-Ventilator-Settings-Mechanical-Ventilation-copy.webp,https://d1pumg6d5kr18o.cloudfront.net/new/1_ventilator_settings__mechanical_ventilation/1_ventilator_settings__mechanical_ventilation.m3u8,"Mechanical ventilation supports patients with breathing difficulties. Key ventilator settings include tidal volume (air per breath), respiratory rate (breaths per minute), and FiO2 (inspired oxygen fraction). Adjusting these settings is critical for patient care and to prevent complications, guided by the patient's condition and blood gas analyses.",0,16592,1387,Critical Care / Ventilator Settings & Mechanical Ventilation
Critical Care,Critical Care,Ventilator Settings & Mechanical Ventilation,ventilator-settings-mechanical-ventilation-cc,48m 27s,2,Ventilator Care,ventilator-care,8:42,522,https://members.simplenursing.com/wp-content/themes/simplenursing-app/images/videos/thumbnails//2.-Ventilator-Care-copy.webp,https://d1pumg6d5kr18o.cloudfront.net/new/2_ventilator_care/2_ventilator_care.m3u8,,0,16627,1388,Critical Care / Ventilator Settings & Mechanical Ventilation
Critical Care,Critical Care,Ventilator Settings & Mechanical Ventilation,ventilator-settings-mechanical-ventilation-cc,48m 27s,3,Ventilator Complications & Extubation,ventilator-complications-extubation,4:16,256,https://members.simplenursing.com/wp-content/themes/simplenursing-app/images/videos/thumbnails//3.-Ventilator-Complications-Extubation-copy.webp,https://d1pumg6d5kr18o.cloudfront.net/new/3_ventilator_complications__extubation/3_ventilator_complications__extubation.m3u8,,0,16628,1389,Critical Care / Ventilator Settings & Mechanical Ventilation
Critical Care,Critical Care,Ventilator Settings & Mechanical Ventilation,ventilator-settings-mechanical-ventilation-cc,48m 27s,4,Tracheostomy Care,tracheostomy-care,4:30,270,https://members.simplenursing.com/wp-content/themes/simplenursing-app/images/videos/thumbnails//4.-Tracheostomy-Care-copy.webp,https://d1pumg6d5kr18o.cloudfront.net/new/4_tracheostomy_care/4_tracheostomy_care.m3u8,,0,16629,1390,Critical Care / Ventilator Settings & Mechanical Ventilation
Critical Care,Critical Care,Ventilator Settings & Mechanical Ventilation,ventilator-settings-mechanical-ventilation-cc,48m 27s,5,Ventilator Alarms,ventilator-alarms-medsurg-respiratory,2:26,146,https://members.simplenursing.com/wp-content/themes/simplenursing-app/images/videos/thumbnails//5.-Ventilator-Alarms-copy.webp,https://d1pumg6d5kr18o.cloudfront.net/new/5_ventilator_alarms/5_ventilator_alarms.m3u8,,0,16630,1391,Critical Care / Ventilator Settings & Mechanical Ventilation
Critical Care,Critical Care,Ventilator Settings & Mechanical Ventilation,ventilator-settings-mechanical-ventilation-cc,48m 27s,6,Ventilator Modes,ventilator-modes,1:00,60,https://members.simplenursing.com/wp-content/themes/simplenursing-app/images/videos/thumbnails//6.-Ventilator-Modes-copy.webp,https://d1pumg6d5kr18o.cloudfront.net/new/6_ventilator_modes/6_ventilator_modes.m3u8,,0,16631,1392,Critical Care / Ventilator Settings & Mechanical Ventilation
Critical Care,Critical Care,Ventilator Settings & Mechanical Ventilation,ventilator-settings-mechanical-ventilation-cc,48m 27s,7,Ventilator Settings,ventilator-settings,3:05,185,https://members.simplenursing.com/wp-content/themes/simplenursing-app/images/videos/thumbnails//7.-Ventilator-Settings-copy.webp,https://d1pumg6d5kr18o.cloudfront.net/new/7_ventilator_settings/7_ventilator_settings.m3u8,,0,16632,1393,Critical Care / Ventilator Settings & Mechanical Ventilation
Critical Care,Critical Care,Ventilator Settings & Mechanical Ventilation,ventilator-settings-mechanical-ventilation-cc,48m 27s,8,Ventilator Monitoring,ventilator-monitoring,1:22,82,https://members.simplenursing.com/wp-content/themes/simplenursing-app/images/videos/thumbnails//8.-Ventilator-Monitoring-copy.webp,https://d1pumg6d5kr18o.cloudfront.net/new/8_ventilator_monitoring/8_ventilator_monitoring.m3u8,,0,16633,1394,Critical Care / Ventilator Settings & Mechanical Ventilation
Mental Health,Mental Health / Antidepressant & Psychotic Meds,Psych Meds Patho,psych-meds-patho-mh-anti,34m 16s,1,Intro to Psych Pharm,intro-to-psych-pharm,10:04,604,https://members.simplenursing.com/wp-content/themes/simplenursing-app/images/videos/thumbnails/1.-Intro-to-Psych-Pharm-copy.webp,https://d1pumg6d5kr18o.cloudfront.net/new/intro_to_psych_pharm/intro_to_psych_pharm.m3u8,,0,11790,1395,Mental Health / Antidepressant & Psychotic Meds / Psych Meds Patho
Mental Health,Mental Health / Antidepressant & Psychotic Meds,Psych Meds Patho,psych-meds-patho-mh-anti,34m 16s,2,Serotonin,serotonin-patho,8:32,512,https://members.simplenursing.com/wp-content/themes/simplenursing-app/images/videos/thumbnails/2.-Serotonin-copy.webp,https://d1pumg6d5kr18o.cloudfront.net/new/serotonin_patho/serotonin_patho.m3u8,,0,11791,1396,Mental Health / Antidepressant & Psychotic Meds / Psych Meds Patho
Mental Health,Mental Health / Antidepressant & Psychotic Meds,Psych Meds Patho,psych-meds-patho-mh-anti,34m 16s,3,Norepinephrine,norepinephrine-patho,5:54,354,https://members.simplenursing.com/wp-content/themes/simplenursing-app/images/videos/thumbnails/3.-Norepinephrine-copy.webp,https://d1pumg6d5kr18o.cloudfront.net/new/norepinephrine_patho/norepinephrine_patho.m3u8,,0,11792,1397,Mental Health / Antidepressant & Psychotic Meds / Psych Meds Patho
Mental Health,Mental Health / Antidepressant & Psychotic Meds,Psych Meds Patho,psych-meds-patho-mh-anti,34m 16s,4,Dopamine Patho,dopamine-patho,9:46,586,https://members.simplenursing.com/wp-content/themes/simplenursing-app/images/videos/thumbnails/4.-Dopamine-Patho-copy.webp,https://d1pumg6d5kr18o.cloudfront.net/new/dopamine_patho/dopamine_patho.m3u8,,0,11617,1398,Mental Health / Antidepressant & Psychotic Meds / Psych Meds Patho
Mental Health,Mental Health / Antidepressant & Psychotic Meds,Antidepressants,antidepressants-mh-anti,1h 1m,1,TCAs - Tricyclic Antidepressants,tcas-tricyclic-antidepressants,11:25,685,https://members.simplenursing.com/wp-content/themes/simplenursing-app/images/videos/thumbnails/1.-TCAs-Tricyclic-Antidepressants-copy.webp,https://d1pumg6d5kr18o.cloudfront.net/new/tcas_8211_tricyclic_antidepressants/tcas_8211_tricyclic_antidepressants.m3u8,,0,11794,1399,Mental Health / Antidepressant & Psychotic Meds / Antidepressants
Mental Health,Mental Health / Antidepressant & Psychotic Meds,Antidepressants,antidepressants-mh-anti,1h 1m,2,SSRI - Selective Serotonin Reuptake Inhibitor,ssri-selective-serotonin-reuptake-inhibitor,11:49,709,https://members.simplenursing.com/wp-content/themes/simplenursing-app/images/videos/thumbnails/2.-SSRI-Selective-Serotonin-Reuptake-Inhibitor-copy.webp,https://d1pumg6d5kr18o.cloudfront.net/new/ssri_8211_selective_serotonin_reuptake_inhibitor/ssri_8211_selective_serotonin_reuptake_inhibitor.m3u8,,0,11795,1400,Mental Health / Antidepressant & Psychotic Meds / Antidepressants
Mental Health,Mental Health / Antidepressant & Psychotic Meds,Antidepressants,antidepressants-mh-anti,1h 1m,3,MAOI - Monoamine Oxidase Inhibitors - Nardil,maoi-monoamine-oxidase-inhibitors-nardil,10:15,615,https://members.simplenursing.com/wp-content/themes/simplenursing-app/images/videos/thumbnails/3.-MAOI-Monoamine-Oxidase-Inhibitors-Nardil-copy.webp,https://d1pumg6d5kr18o.cloudfront.net/new/maoi_8211_monoamine_oxidase_inhibitors_8211_nardil/maoi_8211_monoamine_oxidase_inhibitors_8211_nardil.m3u8,,0,11796,1401,Mental Health / Antidepressant & Psychotic Meds / Antidepressants
Mental Health,Mental Health / Antidepressant & Psychotic Meds,Antidepressants,antidepressants-mh-anti,1h 1m,4,"Atypical Antidepressants - Wellbutrin, Bupropion",atypical-antidepressants-wellbutrin-bupropion,4:16,256,https://members.simplenursing.com/wp-content/themes/simplenursing-app/images/videos/thumbnails/4.-Atypical-Antidepressants-Wellbutrin-Bupropion-copy.webp,https://d1pumg6d5kr18o.cloudfront.net/new/atypical_antidepressants_8211_wellbutrin_bupropion/atypical_antidepressants_8211_wellbutrin_bupropion.m3u8,,0,11797,1402,Mental Health / Antidepressant & Psychotic Meds / Antidepressants
Mental Health,Mental Health / Antidepressant & Psychotic Meds,Antidepressants,antidepressants-mh-anti,1h 1m,5,Other Atypical Antidepressants - Cymbalta,other-atypical-antidepressants-cymbalta,10:53,653,https://members.simplenursing.com/wp-content/themes/simplenursing-app/images/videos/thumbnails/5.-Other-Atypical-Antidepressants-Cymbalta-copy.webp,https://d1pumg6d5kr18o.cloudfront.net/new/other_atypical_antidepressants_8211_cymbalta/other_atypical_antidepressants_8211_cymbalta.m3u8,,0,11798,1403,Mental Health / Antidepressant & Psychotic Meds / Antidepressants
Mental Health,Mental Health / Antidepressant & Psychotic Meds,Antidepressants,antidepressants-mh-anti,1h 1m,6,Quiz on Antidepressants,quiz-on-antidepressants,12:48,768,https://members.simplenursing.com/wp-content/themes/simplenursing-app/images/videos/thumbnails/6.-Quiz-on-Antidepressants-copy.webp,https://d1pumg6d5kr18o.cloudfront.net/new/quiz_on_antidepressants/quiz_on_antidepressants.m3u8,,0,11613,1404,Mental Health / Antidepressant & Psychotic Meds / Antidepressants
Mental Health,Mental Health / Antidepressant & Psychotic Meds,Psych Meds,psych-meds-mh-anti,23m 46s,1,Anxiolytics,anxiolytics,6:59,419,https://members.simplenursing.com/wp-content/themes/simplenursing-app/images/videos/thumbnails/1.-Anxiolytics-copy.webp,https://d1pumg6d5kr18o.cloudfront.net/new/8-mental-health/1-anxiolytics/1-anxiolytics.m3u8,,0,14179,1405,Mental Health / Antidepressant & Psychotic Meds / Psych Meds
Mental Health,Mental Health / Antidepressant & Psychotic Meds,Psych Meds,psych-meds-mh-anti,23m 46s,2,Atypical Antidepressants,atypical-antidepressants,1:46,106,https://members.simplenursing.com/wp-content/themes/simplenursing-app/images/videos/thumbnails/2.-Atypical-Antidepressants-copy.webp,https://d1pumg6d5kr18o.cloudfront.net/new/8-mental-health/3-atypical-antidepressants/3-atypical-antidepressants.m3u8,,0,14187,1406,Mental Health / Antidepressant & Psychotic Meds / Psych Meds
Mental Health,Mental Health / Antidepressant & Psychotic Meds,Psych Meds,psych-meds-mh-anti,23m 46s,3,Bipolar,bipolar,6:12,372,https://members.simplenursing.com/wp-content/themes/simplenursing-app/images/videos/thumbnails/3.-Bipolar-copy.webp,https://d1pumg6d5kr18o.cloudfront.net/new/8-mental-health/4-bipolar-meds/4-bipolar-meds.m3u8,,0,14188,1407,Mental Health / Antidepressant & Psychotic Meds / Psych Meds
Mental Health,Mental Health / Antidepressant & Psychotic Meds,Psych Meds,psych-meds-mh-anti,23m 46s,4,Antipsychotics,antipsychotics,4:03,243,https://members.simplenursing.com/wp-content/themes/simplenursing-app/images/videos/thumbnails/4.-Antipsychotics-copy.webp,https://d1pumg6d5kr18o.cloudfront.net/new/8-mental-health/5-antipsychotics/5-antipsychotics.m3u8,,0,14189,1408,Mental Health / Antidepressant & Psychotic Meds / Psych Meds
Mental Health,Mental Health / Antidepressant & Psychotic Meds,Psych Meds,psych-meds-mh-anti,23m 46s,5,ADHD,adhd,1:47,107,https://members.simplenursing.com/wp-content/themes/simplenursing-app/images/videos/thumbnails/5.-ADHD-copy.webp,https://d1pumg6d5kr18o.cloudfront.net/new/8-mental-health/7-adhd/7-adhd.m3u8,,0,14190,1409,Mental Health / Antidepressant & Psychotic Meds / Psych Meds
Mental Health,Mental Health / Antidepressant & Psychotic Meds,Psych Meds,psych-meds-mh-anti,23m 46s,6,Withdrawal,withdrawal,2:59,179,https://members.simplenursing.com/wp-content/themes/simplenursing-app/images/videos/thumbnails/6.-Withdrawal-copy.webp,https://d1pumg6d5kr18o.cloudfront.net/new/8-mental-health/8-withdrawal/8-withdrawal.m3u8,,0,14191,1410,Mental Health / Antidepressant & Psychotic Meds / Psych Meds
Mental Health,Mental Health,Autism Spectrum Disorder,autism-spectrum-disorder,6m 24s,1,Autism Spectrum Disorder,autism-spectrum-disorder,6:24,384,https://members.simplenursing.com/wp-content/themes/simplenursing-app/images/videos/thumbnails//2.-Autism-Spectrum-Disorder-copy.webp,https://d1pumg6d5kr18o.cloudfront.net/new/mental_health/1_austism/1_austism.m3u8,,0,17364,1411,Mental Health / Autism Spectrum Disorder
Mental Health,Mental Health,ADHD / ADD,adhd-add,8m 45s,1,ADHD / ADD,adhd-add,8:45,525,https://members.simplenursing.com/wp-content/themes/simplenursing-app/images/videos/thumbnails//1.-ADHD-ADD-copy.webp,https://d1pumg6d5kr18o.cloudfront.net/new/mental_health/2_adhd_add/2_adhd_add.m3u8,,0,17365,1412,Mental Health / ADHD / ADD
Mental Health,Mental Health,Abuse & Neglect,abuse-neglect,12m 15s,1,Full video Abuse & Neglect,full-video-abuse-neglect,6:09,369,https://members.simplenursing.com/wp-content/themes/simplenursing-app/images/videos/abuse-neglect.png,https://d1pumg6d5kr18o.cloudfront.net/new/mental_health/3_abuse_neglect_1_full_video_abuse_neglect/3_abuse_neglect_1_full_video_abuse_neglect.m3u8,,0,17366,1413,Mental Health / Abuse & Neglect
Mental Health,Mental Health,Abuse & Neglect,abuse-neglect,12m 15s,2,Elder Abuse,elder-abuse,2:09,129,https://members.simplenursing.com/wp-content/themes/simplenursing-app/images/videos/thumbnails/Mental-Health-Elder-Abuse.webp,https://d1pumg6d5kr18o.cloudfront.net/new/mental_health/3_abuse_neglect_2_elder_abuse/3_abuse_neglect_2_elder_abuse.m3u8,,0,17367,1414,Mental Health / Abuse & Neglect
Mental Health,Mental Health,Abuse & Neglect,abuse-neglect,12m 15s,3,Intimate Partner Abuse,intimate-partner-abuse,3:57,237,https://members.simplenursing.com/wp-content/themes/simplenursing-app/images/videos/thumbnails/Mental-Health-Intimate-Partner-Abuse.webp,https://d1pumg6d5kr18o.cloudfront.net/new/mental_health/3_abuse_neglect_3_intimate_partner_violence/3_abuse_neglect_3_intimate_partner_violence.m3u8,,0,17368,1415,Mental Health / Abuse & Neglect
Mental Health,Mental Health,Alcohol & Drug Abuse,alcohol-drug-abuse,40m 46s,1,Full Video Alcohol & Drug Abuse,full-video-alcohol-drug-abuse,19:48,1188,https://members.simplenursing.com/wp-content/themes/simplenursing-app/images/videos/thumbnails/Mental-Health-Alcohol-and-Drug-Abuse.webp,https://d1pumg6d5kr18o.cloudfront.net/new/mental_health/4_alchol_drug_abuse_1_full_video_alcohol_drug_abuse/4_alchol_drug_abuse_1_full_video_alcohol_drug_abuse.m3u8,,0,17369,1416,Mental Health / Alcohol & Drug Abuse
Mental Health,Mental Health,Alcohol & Drug Abuse,alcohol-drug-abuse,40m 46s,2,6 Key Definitions,6-key-definitions,4:02,242,https://members.simplenursing.com/wp-content/themes/simplenursing-app/images/videos/thumbnails/Mental-Health-6-Key-Definitions.webp,https://d1pumg6d5kr18o.cloudfront.net/new/mental_health/4_alchol_drug_abuse_2_6_key_definitions/4_alchol_drug_abuse_2_6_key_definitions.m3u8,,0,17370,1417,Mental Health / Alcohol & Drug Abuse
Mental Health,Mental Health,Alcohol & Drug Abuse,alcohol-drug-abuse,40m 46s,3,Drug Abuse,drug-abuse,6:08,368,https://members.simplenursing.com/wp-content/themes/simplenursing-app/images/videos/thumbnails/Mental-Health-Drug-Abuse.webp,https://d1pumg6d5kr18o.cloudfront.net/new/mental_health/4_alchol_drug_abuse_3_drug_abuse/4_alchol_drug_abuse_3_drug_abuse.m3u8,,0,17371,1418,Mental Health / Alcohol & Drug Abuse
Mental Health,Mental Health,Alcohol & Drug Abuse,alcohol-drug-abuse,40m 46s,4,Opioid Withdrawal,opioid-withdrawal,2:14,134,https://members.simplenursing.com/wp-content/themes/simplenursing-app/images/videos/thumbnails/3.-Opioid-Withdrawal-copy.webp,https://d1pumg6d5kr18o.cloudfront.net/new/mental_health/4_alchol_drug_abuse_4_opoid_withdrawl/4_alchol_drug_abuse_4_opoid_withdrawl.m3u8,,0,17372,1419,Mental Health / Alcohol & Drug Abuse
Mental Health,Mental Health,Alcohol & Drug Abuse,alcohol-drug-abuse,40m 46s,5,Alcohol Abuse,alcohol-abuse,2:38,158,https://members.simplenursing.com/wp-content/themes/simplenursing-app/images/videos/thumbnails/4.-Alcohol-Abuse-copy.webp,https://d1pumg6d5kr18o.cloudfront.net/new/mental_health/4_alchol_drug_abuse_5_alcohol_abuse/4_alchol_drug_abuse_5_alcohol_abuse.m3u8,,0,17373,1420,Mental Health / Alcohol & Drug Abuse
Mental Health,Mental Health,Alcohol & Drug Abuse,alcohol-drug-abuse,40m 46s,6,Delirium Tremens,delirium-tremens,5:56,356,https://members.simplenursing.com/wp-content/themes/simplenursing-app/images/videos/thumbnails/5.-Delirium-Tremens-copy.webp,https://d1pumg6d5kr18o.cloudfront.net/new/mental_health/4_alchol_drug_abuse_6_delirium_tremens/4_alchol_drug_abuse_6_delirium_tremens.m3u8,,0,17374,1421,Mental Health / Alcohol & Drug Abuse
Mental Health,Mental Health,Anxiety Disorders,anxiety-disorders,43m 9s,1,Full video Anxiety Disorders,full-video-anxiety-disorders,21:42,1302,https://members.simplenursing.com/wp-content/themes/simplenursing-app/images/videos/thumbnails/1.-Full-video-Anxiety-Disorders-copy.webp,https://d1pumg6d5kr18o.cloudfront.net/new/mental_health/5_anxiety_disorders_1_full_video_anxiety_disorders/5_anxiety_disorders_1_full_video_anxiety_disorders.m3u8,,0,17375,1422,Mental Health / Anxiety Disorders
Mental Health,Mental Health,Anxiety Disorders,anxiety-disorders,43m 9s,2,Types of Anxiety Disorders,types-of-anxiety-disorders,2:46,166,https://members.simplenursing.com/wp-content/themes/simplenursing-app/images/videos/thumbnails/2.-Types-of-Anxiety-Disorders-copy.webp,https://d1pumg6d5kr18o.cloudfront.net/new/mental_health/5_anxiety_disorders_2_types_of_anxiety_disorders/5_anxiety_disorders_2_types_of_anxiety_disorders.m3u8,,0,17376,1423,Mental Health / Anxiety Disorders
Mental Health,Mental Health,Anxiety Disorders,anxiety-disorders,43m 9s,3,Classifications & Signs,classifications-signs,3:46,226,https://members.simplenursing.com/wp-content/themes/simplenursing-app/images/videos/thumbnails/3.-Classifications-Signs-copy.webp,https://d1pumg6d5kr18o.cloudfront.net/new/mental_health/5_anxiety_disorders_3_classifications_signs/5_anxiety_disorders_3_classifications_signs.m3u8,,0,17377,1424,Mental Health / Anxiety Disorders
Mental Health,Mental Health,Anxiety Disorders,anxiety-disorders,43m 9s,4,Panic Attack Treatments,panic-attack-treatments,2:58,178,https://members.simplenursing.com/wp-content/themes/simplenursing-app/images/videos/thumbnails/4.-Panic-Attack-Treatments-copy.webp,https://d1pumg6d5kr18o.cloudfront.net/new/mental_health/5_anxiety_disorders_4_panic_attack_treatments/5_anxiety_disorders_4_panic_attack_treatments.m3u8,,0,17378,1425,Mental Health / Anxiety Disorders
Mental Health,Mental Health,Anxiety Disorders,anxiety-disorders,43m 9s,5,Effective Coping,effective-coping,3:49,229,https://members.simplenursing.com/wp-content/themes/simplenursing-app/images/videos/thumbnails/5.-Effective-Coping-copy.webp,https://d1pumg6d5kr18o.cloudfront.net/new/mental_health/5_anxiety_disorders_5_effective_coping/5_anxiety_disorders_5_effective_coping.m3u8,,0,17379,1426,Mental Health / Anxiety Disorders
Mental Health,Mental Health,Anxiety Disorders,anxiety-disorders,43m 9s,6,Pharmacology for Anxiety,pharmacology-for-anxiety,8:08,488,https://members.simplenursing.com/wp-content/themes/simplenursing-app/images/videos/thumbnails/6.-Pharmacology-for-Anxiety-copy.webp,https://d1pumg6d5kr18o.cloudfront.net/new/mental_health/5_anxiety_disorders_6_pharmacology_for_anxiety/5_anxiety_disorders_6_pharmacology_for_anxiety.m3u8,,0,17380,1427,Mental Health / Anxiety Disorders
Mental Health,Mental Health,Bipolar Disorder,bipolar-disorder,36m 44s,1,Full video Bipolar,full-video-bipolar,19:32,1172,https://members.simplenursing.com/wp-content/themes/simplenursing-app/images/videos/thumbnails/1.-Full-video-Bipolar-copy.webp,https://d1pumg6d5kr18o.cloudfront.net/new/mental_health/6_bipolar_disorder_1_full_video_bipolar/6_bipolar_disorder_1_full_video_bipolar.m3u8,,0,17381,1428,Mental Health / Bipolar Disorder
Mental Health,Mental Health,Bipolar Disorder,bipolar-disorder,36m 44s,2,Mania Signs & Symptoms,mania-signs-symptoms,2:09,129,https://members.simplenursing.com/wp-content/themes/simplenursing-app/images/videos/thumbnails/2.-Mania-Signs-Symptoms-copy.webp,https://d1pumg6d5kr18o.cloudfront.net/new/mental_health/6_bipolar_disorder_2_mania_signs_symptoms_new/6_bipolar_disorder_2_mania_signs_symptoms.m3u8,,0,17382,1429,Mental Health / Bipolar Disorder
Mental Health,Mental Health,Bipolar Disorder,bipolar-disorder,36m 44s,3,Mania interventions,mania-interventions,4:56,296,https://members.simplenursing.com/wp-content/themes/simplenursing-app/images/videos/thumbnails/3.-Mania-interventions-copy.webp,https://d1pumg6d5kr18o.cloudfront.net/new/mental_health/6_bipolar_disorder_3_mania_interventions_new/6_bipolar_disorder_3_mania_interventions.m3u8,,0,17383,1430,Mental Health / Bipolar Disorder
Mental Health,Mental Health,Bipolar Disorder,bipolar-disorder,36m 44s,4,Bipolar pharmacology,bipolar-pharmacology,10:07,607,https://members.simplenursing.com/wp-content/themes/simplenursing-app/images/videos/thumbnails/4.-Bipolar-pharmacology-copy.webp,https://d1pumg6d5kr18o.cloudfront.net/new/mental_health/6_bipolar_disorder_4_bipolar_pharmacology_new/6_bipolar_disorder_4_bipolar_pharmacology.m3u8,,0,17384,1431,Mental Health / Bipolar Disorder
Mental Health,Mental Health,CBT - Cognitive Behavioral Therapy,cbt-cognitive-behavioral-therapy,7m 23s,1,CBT - Cognitive Behavioral Therapy,cbt-cognitive-behavioral-therapy,7:23,443,https://members.simplenursing.com/wp-content/themes/simplenursing-app/images/videos/thumbnails/1.-CBT-Cognitive-Behavioral-Therapy-copy.webp,https://d1pumg6d5kr18o.cloudfront.net/new/mental_health/7_cbt_cognitive_behavioral_therapy/7_cbt_cognitive_behavioral_therapy.m3u8,,0,17385,1432,Mental Health / CBT - Cognitive Behavioral Therapy
Mental Health,Mental Health,Crisis Management,crisis-management,5m 25s,1,Crisis Management,crisis-management,5:25,325,https://members.simplenursing.com/wp-content/themes/simplenursing-app/images/videos/thumbnails/1.-Crisis-Management-copy.webp,https://d1pumg6d5kr18o.cloudfront.net/new/mental_health/8_crisis_management/8_crisis_management.m3u8,,0,17386,1433,Mental Health / Crisis Management
Mental Health,Mental Health,"Death & Dying, Loss & Grief",death-dying-loss-grief,10m 50s,1,"Death & Dying, Loss & Grief",death-dying-loss-grief,10:50,650,https://members.simplenursing.com/wp-content/themes/simplenursing-app/images/videos/thumbnails/1.-Death-Dying-Loss-Grief-copy.webp,https://d1pumg6d5kr18o.cloudfront.net/new/mental_health/9_death_dying_loss_grief/9_death_dying_loss_grief.m3u8,,0,17387,1434,"Mental Health / Death & Dying, Loss & Grief"
Mental Health,Mental Health,Dementia & Delirium,dementia-delirium,5m 1s,1,Dementia vs. Delirium,dementia-vs-delirium,5:01,301,https://members.simplenursing.com/wp-content/themes/simplenursing-app/images/videos/thumbnails/1.-Dementia-vs.-Delirium-copy.webp,https://d1pumg6d5kr18o.cloudfront.net/new/3_dementia_vs_delirium/3_dementia_vs_delirium.m3u8,,0,16350,1435,Mental Health / Dementia & Delirium
Mental Health,Mental Health,Depression,depression,1h 42m,1,Full video Depression,full-video-depression,55:11,3311,https://members.simplenursing.com/wp-content/themes/simplenursing-app/images/videos/thumbnails/1.-Depression-copy.webp,https://d1pumg6d5kr18o.cloudfront.net/new/mental_health/10_depression_1_full_video_depression/10_depression_1_full_video_depression.m3u8,,0,17388,1436,Mental Health / Depression
Mental Health,Mental Health,Depression,depression,1h 42m,2,Depression Signs,depression-signs,4:15,255,https://members.simplenursing.com/wp-content/themes/simplenursing-app/images/videos/thumbnails/2.-Depression-Signs-copy.webp,https://d1pumg6d5kr18o.cloudfront.net/new/mental_health/10_depression_2_depression_signs/10_depression_2_depression_signs.m3u8,,0,17389,1437,Mental Health / Depression
Mental Health,Mental Health,Depression,depression,1h 42m,3,Suicide Risk Interventions,suicide-risk-interventions,6:44,404,https://members.simplenursing.com/wp-content/themes/simplenursing-app/images/videos/thumbnails/3.-Suicide-Risk-Interventions-copy.webp,https://d1pumg6d5kr18o.cloudfront.net/new/mental_health/10_depression_3_suicide_risk_interventions/10_depression_3_suicide_risk_interventions.m3u8,,0,17390,1438,Mental Health / Depression
Mental Health,Mental Health,Depression,depression,1h 42m,4,Therapeutic Communication,therapeutic-communication,13:15,795,https://members.simplenursing.com/wp-content/themes/simplenursing-app/images/videos/thumbnails/4.-Therapeutic-Communication-copy.webp,https://d1pumg6d5kr18o.cloudfront.net/new/mental_health/10_depression_4_therapeutic_communication/10_depression_4_therapeutic_communication.m3u8,,0,17391,1439,Mental Health / Depression
Mental Health,Mental Health,Depression,depression,1h 42m,5,ECT - Electroconvulsive Therapy,ect-electroconvulsive-therapy,4:23,263,https://members.simplenursing.com/wp-content/themes/simplenursing-app/images/videos/thumbnails/5.-ECT-Electroconvulsive-Therapy-copy.webp,https://d1pumg6d5kr18o.cloudfront.net/new/mental_health/10_depression_5_ect_electroconvulsive_therapy_new/5_ect_electroconvulsive_therapy.m3u8,,0,17392,1440,Mental Health / Depression
Mental Health,Mental Health,Depression,depression,1h 42m,6,Pharmacology for Depression,pharmacology-for-depression,18:27,1107,https://members.simplenursing.com/wp-content/themes/simplenursing-app/images/videos/thumbnails/6.-Pharmacology-for-Depression-copy.webp,https://d1pumg6d5kr18o.cloudfront.net/new/mental_health/10_depression_6_pharmacology_for_depression/10_depression_6_pharmacology_for_depression.m3u8,,0,17393,1441,Mental Health / Depression
Mental Health,Mental Health,Dissociative Disorders,dissociative-disorders,3m 26s,1,Dissociative Disorders,dissociative-disorders,3:26,206,https://members.simplenursing.com/wp-content/themes/simplenursing-app/images/videos/thumbnails/1.-Dissociative-Disorders-copy.webp,https://d1pumg6d5kr18o.cloudfront.net/new/mental_health/11_dissociative_disorders/11_dissociative_disorders.m3u8,,0,17394,1442,Mental Health / Dissociative Disorders
Mental Health,Mental Health,Eating Disorders,eating-disorders,23m 11s,1,Full Video Eating Disorders,full-video-eating-disorders,11:38,698,https://members.simplenursing.com/wp-content/themes/simplenursing-app/images/videos/thumbnails/1.-Full-Video-Eating-Disorders-copy.webp,https://d1pumg6d5kr18o.cloudfront.net/new/mental_health/12_eating_disorders_1_full_video_eating_disorders/12_eating_disorders_1_full_video_eating_disorders.m3u8,,0,17395,1443,Mental Health / Eating Disorders
Mental Health,Mental Health,Eating Disorders,eating-disorders,23m 11s,2,Bulimia,bulimia,3:59,239,https://members.simplenursing.com/wp-content/themes/simplenursing-app/images/videos/thumbnails/2.-Bulimia-copy.webp,https://d1pumg6d5kr18o.cloudfront.net/new/mental_health/12_eating_disorders_2_bulimia/12_eating_disorders_2_bulimia.m3u8,,0,17396,1444,Mental Health / Eating Disorders
Mental Health,Mental Health,Eating Disorders,eating-disorders,23m 11s,3,Anorexia,anorexia,7:34,454,https://members.simplenursing.com/wp-content/themes/simplenursing-app/images/videos/thumbnails/3.-Anorexia-copy.webp,https://d1pumg6d5kr18o.cloudfront.net/new/mental_health/12_eating_disorders_3_anorexia/12_eating_disorders_3_anorexia.m3u8,,0,17397,1445,Mental Health / Eating Disorders
Mental Health,Mental Health,OCD,ocd-new,7m 59s,1,OCD,ocd,7:59,479,https://members.simplenursing.com/wp-content/themes/simplenursing-app/images/videos/thumbnails/1.-OCD-copy.webp,https://d1pumg6d5kr18o.cloudfront.net/new/mental_health/13_ocd/13_ocd.m3u8,,0,17398,1446,Mental Health / OCD
Mental Health,Mental Health,Personality Disorders,personality-disorders,19m 42s,1,Full video Personality disorders,full-video-personality-disorders,9:52,592,https://members.simplenursing.com/wp-content/themes/simplenursing-app/images/videos/thumbnails/1.-Full-video-Personality-disorders-copy.webp,https://d1pumg6d5kr18o.cloudfront.net/new/mental_health/13_personality_disorders_1_full_video_personality_disorders/13_personality_disorders_1_full_video_personality_disorders.m3u8,,0,17399,1447,Mental Health / Personality Disorders
Mental Health,Mental Health,Personality Disorders,personality-disorders,19m 42s,2,Narcissistic,narcissistic,1:25,85,https://members.simplenursing.com/wp-content/themes/simplenursing-app/images/videos/thumbnails/2.-Narcissistic-copy.webp,https://d1pumg6d5kr18o.cloudfront.net/new/mental_health/13_personality_disorders_2_narcissistic/13_personality_disorders_2_narcissistic.m3u8,,0,17400,1448,Mental Health / Personality Disorders
Mental Health,Mental Health,Personality Disorders,personality-disorders,19m 42s,3,Paranoid,paranoid,1:07,67,https://members.simplenursing.com/wp-content/themes/simplenursing-app/images/videos/thumbnails/3.-Paranoid-copy.webp,https://d1pumg6d5kr18o.cloudfront.net/new/mental_health/13_personality_disorders_3_paranoid/13_personality_disorders_3_paranoid.m3u8,,0,17401,1449,Mental Health / Personality Disorders
Mental Health,Mental Health,Personality Disorders,personality-disorders,19m 42s,4,Histrionic,histrionic,0:51,51,https://members.simplenursing.com/wp-content/themes/simplenursing-app/images/videos/thumbnails/4.-Histrionic-copy.webp,https://d1pumg6d5kr18o.cloudfront.net/new/mental_health/13_personality_disorders_4_histrionic/13_personality_disorders_4_histrionic.m3u8,,0,17402,1450,Mental Health / Personality Disorders
Mental Health,Mental Health,Personality Disorders,personality-disorders,19m 42s,5,Dependent,dependent,1:12,72,https://members.simplenursing.com/wp-content/themes/simplenursing-app/images/videos/thumbnails/5.-Dependent-copy.webp,https://d1pumg6d5kr18o.cloudfront.net/new/mental_health/13_personality_disorders_5_dependent/13_personality_disorders_5_dependent.m3u8,,0,17403,1451,Mental Health / Personality Disorders
Mental Health,Mental Health,Personality Disorders,personality-disorders,19m 42s,6,Borderline,borderline,2:09,129,https://members.simplenursing.com/wp-content/themes/simplenursing-app/images/videos/thumbnails/6.-Borderline-copy.webp,https://d1pumg6d5kr18o.cloudfront.net/new/mental_health/13_personality_disorders_6_boarderline/13_personality_disorders_6_boarderline.m3u8,,0,17404,1452,Mental Health / Personality Disorders
Mental Health,Mental Health,Personality Disorders,personality-disorders,19m 42s,7,Antisocial,antisocial,1:22,82,https://members.simplenursing.com/wp-content/themes/simplenursing-app/images/videos/thumbnails/7.-Antisocial-copy.webp,https://d1pumg6d5kr18o.cloudfront.net/new/mental_health/13_personality_disorders_7_antisocial/13_personality_disorders_7_antisocial.m3u8,,0,17405,1453,Mental Health / Personality Disorders
Mental Health,Mental Health,Personality Disorders,personality-disorders,19m 42s,8,Schizotypal,schizotypal,1:44,104,https://members.simplenursing.com/wp-content/themes/simplenursing-app/images/videos/thumbnails/8.-Schizotypal-copy.webp,https://d1pumg6d5kr18o.cloudfront.net/new/mental_health/13_personality_disorders_8_schizotypal/13_personality_disorders_8_schizotypal.m3u8,,0,17406,1454,Mental Health / Personality Disorders
Mental Health,Mental Health,Phobias,phobias,3m 36s,1,Phobias,phobias,3:36,216,https://members.simplenursing.com/wp-content/themes/simplenursing-app/images/videos/thumbnails/1.-Phobias-copy.webp,https://d1pumg6d5kr18o.cloudfront.net/new/mental_health/14_phobias/14_phobias.m3u8,,0,17407,1455,Mental Health / Phobias
Mental Health,Mental Health,PTSD,ptsd-2,6m 35s,1,PTSD,ptsd,6:35,395,https://members.simplenursing.com/wp-content/themes/simplenursing-app/images/videos/thumbnails/1.-PTSD-copy.webp,https://d1pumg6d5kr18o.cloudfront.net/new/mental_health/15_ptsd/15_ptsd.m3u8,,0,17408,1456,Mental Health / PTSD
Mental Health,Mental Health,Schizophrenia,schizophrenia,46m 35s,1,Full Video Schizophrenia,full-video-schizophrenia,23:55,1435,https://members.simplenursing.com/wp-content/themes/simplenursing-app/images/videos/thumbnails/1.-Full-Video-Schizophrenia-copy.webp,https://d1pumg6d5kr18o.cloudfront.net/new/mental_health/16_schizophrenia_1_full_video_schizophrenia/16_schizophrenia_1_full_video_schizophrenia.m3u8,,0,17409,1457,Mental Health / Schizophrenia
Mental Health,Mental Health,Schizophrenia,schizophrenia,46m 35s,2,Positive Symptoms Schizophrenia,positive-symptoms-schizophrenia,5:45,345,https://members.simplenursing.com/wp-content/themes/simplenursing-app/images/videos/thumbnails/2.-Positive-Symptoms-Schizophrenia-copy.webp,https://d1pumg6d5kr18o.cloudfront.net/new/mental_health/16_schizophrenia_2_positive_symptoms_schizophrenia/16_schizophrenia_2_positive_symptoms_schizophrenia.m3u8,,0,17410,1458,Mental Health / Schizophrenia
Mental Health,Mental Health,Schizophrenia,schizophrenia,46m 35s,3,Negative Symptoms Schizophrenia,negative-symptoms-schizophrenia,3:26,206,https://members.simplenursing.com/wp-content/themes/simplenursing-app/images/videos/thumbnails/3.-Negative-Symptoms-Schizophrenia-copy.webp,https://d1pumg6d5kr18o.cloudfront.net/new/mental_health/16_schizophrenia_3_negative_symptoms_schizophrenia/16_schizophrenia_3_negative_symptoms_schizophrenia.m3u8,,0,17411,1459,Mental Health / Schizophrenia
Mental Health,Mental Health,Schizophrenia,schizophrenia,46m 35s,4,Cognitive Symptoms Schizophrenia,cognitive-symptoms-schizophrenia,3:35,215,https://members.simplenursing.com/wp-content/themes/simplenursing-app/images/videos/thumbnails/4.-Cognitive-Symptoms-Schizophrenia-copy.webp,https://d1pumg6d5kr18o.cloudfront.net/new/mental_health/16_schizophrenia_4_cognitive_symptoms_schizophrenia/16_schizophrenia_4_cognitive_symptoms_schizophrenia.m3u8,,0,17412,1460,Mental Health / Schizophrenia
Mental Health,Mental Health,Schizophrenia,schizophrenia,46m 35s,5,Therapeutic Communication,therapeutic-communication-schizophrenia,3:04,184,https://members.simplenursing.com/wp-content/themes/simplenursing-app/images/videos/thumbnails/5.-Therapeutic-Communication-copy.webp,https://d1pumg6d5kr18o.cloudfront.net/new/mental_health/16_schizophrenia_5_therapeutic_communication/16_schizophrenia_5_therapeutic_communication.m3u8,,0,17413,1461,Mental Health / Schizophrenia
Mental Health,Mental Health,Schizophrenia,schizophrenia,46m 35s,6,Pharmacology for Schizophrenia,pharmacology-for-schizophrenia,6:50,410,https://members.simplenursing.com/wp-content/themes/simplenursing-app/images/videos/thumbnails/6.-Pharmacology-for-Schizophrenia-copy.webp,https://d1pumg6d5kr18o.cloudfront.net/new/mental_health/16_schizophrenia_6_pharmacology_for_schizophrenia/16_schizophrenia_6_pharmacology_for_schizophrenia.m3u8,,0,17414,1462,Mental Health / Schizophrenia
Mental Health,Mental Health,Somatic System Disorders,somatic-system-disorders,3m 6s,1,Somatic System Disorders,somatic-system-disorders,3:06,186,https://members.simplenursing.com/wp-content/themes/simplenursing-app/images/videos/thumbnails/1.-Somatic-System-Disorders-copy.webp,https://d1pumg6d5kr18o.cloudfront.net/new/mental_health/17_somatic_system_disorders/17_somatic_system_disorders.m3u8,,0,17415,1463,Mental Health / Somatic System Disorders
Mental Health,Mental Health,Suicide,suicide,4m 19s,1,Suicide,suicide,4:19,259,https://members.simplenursing.com/wp-content/themes/simplenursing-app/images/videos/thumbnails/1.-Suicide-copy.webp,https://d1pumg6d5kr18o.cloudfront.net/new/mental_health/18_suicide/18_suicide.m3u8,,0,17416,1464,Mental Health / Suicide
Mental Health,Mental Health,Therapeutic Communication,therapeutic-communication,16m 43s,1,Therapeutic Communication,therapeutic-communication-v3,16:43,1003,https://members.simplenursing.com/wp-content/themes/simplenursing-app/images/videos/thumbnails/1.-Therapeutic-Communication-copy.webp,https://d1pumg6d5kr18o.cloudfront.net/new/mental_health/19_therapeutic_communication_v3/19_therapeutic_communication_v3.m3u8,,0,17417,1465,Mental Health / Therapeutic Communication
Clinical Skills & More,Clinical Skills & More,Assessment – Head to Toe,assessment-head-to-toe,17m 44s,1,Assessment - Head to Toe,assessment-head-to-toe,11:28,688,https://members.simplenursing.com/wp-content/themes/simplenursing-app/images/videos/thumbnails/Clinical-Skills-and-More-Assessment-Head-to-Toe.webp,https://d1pumg6d5kr18o.cloudfront.net/new/skills_more/new/assessment_-_head_to_toe_head_to_toe_assessment/assessment_-_head_to_toe_head_to_toe_assessment.m3u8,,0,17444,1466,Clinical Skills & More / Assessment – Head to Toe
Clinical Skills & More,Clinical Skills & More,Assessment – Head to Toe,assessment-head-to-toe,17m 44s,2,Rapid Shift Assessment,rapid-shift-assessment,6:16,376,https://members.simplenursing.com/wp-content/themes/simplenursing-app/images/videos/thumbnails/Clinical-Skills-and-More-Rapid-Shift-Assessment.webp,https://d1pumg6d5kr18o.cloudfront.net/new/skills_more/new/assessment_-_head_to_toe_2_rapid_shift_assessment/assessment_-_head_to_toe_2_rapid_shift_assessment.m3u8,,0,17804,1467,Clinical Skills & More / Assessment – Head to Toe
Clinical Skills & More,Clinical Skills & More,12-Lead EKG,12-lead-ekg,6m 35s,1,12-Lead EKG,12-lead-ekg,6:35,395,https://members.simplenursing.com/wp-content/themes/simplenursing-app/images/videos/thumbnails/Clinical-Skills-and-More-12-Lead-EKG.webp,https://d1pumg6d5kr18o.cloudfront.net/new/skills_more/new/2_2_lead_ekg/2_2_lead_ekg.m3u8,,0,17445,1468,Clinical Skills & More / 12-Lead EKG
Clinical Skills & More,Clinical Skills & More,Central Lines & Ports,central-lines-ports,20m 17s,1,Central Line CVC Dressing Change,central-line-cvc-dressing-change,6:30,390,https://members.simplenursing.com/wp-content/themes/simplenursing-app/images/videos/thumbnails/Clinical-Skills-and-More-Central-Line-CVC-Dressing-Change.webp,https://d1pumg6d5kr18o.cloudfront.net/new/skills_more/new/3_central_lines_ports_central_line_cvc_dressing_change/3_central_lines_ports_central_line_cvc_dressing_change.m3u8,,0,17446,1469,Clinical Skills & More / Central Lines & Ports
Clinical Skills & More,Clinical Skills & More,Central Lines & Ports,central-lines-ports,20m 17s,2,Central Line PICC Dressing Change,central-line-picc-dressing-change,9:47,587,https://members.simplenursing.com/wp-content/themes/simplenursing-app/images/videos/thumbnails/Clinical-Skills-and-More-Central-Line-PICC-Dressing-Change.webp,https://d1pumg6d5kr18o.cloudfront.net/new/skills_more/new/3_central_lines_ports_2_central_line_picc_dressing_change/3_central_lines_ports_2_central_line_picc_dressing_change.m3u8,,0,17447,1470,Clinical Skills & More / Central Lines & Ports
Clinical Skills & More,Clinical Skills & More,Central Lines & Ports,central-lines-ports,20m 17s,3,Implanted Port,implanted-port,4:00,240,https://members.simplenursing.com/wp-content/themes/simplenursing-app/images/videos/thumbnails/Clinical-Skills-and-More-Implanted-Port.webp,https://d1pumg6d5kr18o.cloudfront.net/new/skills_more/new/3_central_lines_ports_3_implanted_port/3_central_lines_ports_3_implanted_port.m3u8,,0,17448,1471,Clinical Skills & More / Central Lines & Ports
Clinical Skills & More,Clinical Skills & More,Foley Catheter,foley-catheter-new,13m 5s,1,Foley Catheter,foley-catheter,13:05,785,https://members.simplenursing.com/wp-content/themes/simplenursing-app/images/videos/thumbnails/Clinical-Skills-and-More-Foley-Catheter.webp,https://d1pumg6d5kr18o.cloudfront.net/new/skills_more/new/4_foley_catheter/4_foley_catheter.m3u8,,0,17449,1472,Clinical Skills & More / Foley Catheter
Clinical Skills & More,Clinical Skills & More,Enema,enema-new,4m 55s,1,Fleets Enema,fleets-enema,1:02,62,https://members.simplenursing.com/wp-content/themes/simplenursing-app/images/videos/thumbnails/Clinical-Skills-and-More-Fleets-Enema.webp,https://d1pumg6d5kr18o.cloudfront.net/new/skills_more/new/5_enema_fleets_enema/5_enema_fleets_enema.m3u8,,0,17479,1473,Clinical Skills & More / Enema
Clinical Skills & More,Clinical Skills & More,Enema,enema-new,4m 55s,2,Large Volume Enema,large-volume-enema,3:53,233,https://members.simplenursing.com/wp-content/themes/simplenursing-app/images/videos/thumbnails/2.-Large-Volume-Enema-copy.webp,https://d1pumg6d5kr18o.cloudfront.net/new/skills_more/new/5_enema_2_large_volume_enema/5_enema_2_large_volume_enema.m3u8,,0,17480,1474,Clinical Skills & More / Enema
Clinical Skills & More,Clinical Skills & More,IM & SQ injections,im-sq-injections-2,9m 29s,1,IM Injections,im-injections,5:46,346,https://members.simplenursing.com/wp-content/themes/simplenursing-app/images/videos/thumbnails/1.-IM-Injections-copy.webp,https://d1pumg6d5kr18o.cloudfront.net/new/skills_more/new/6_im_sq_injections_im_injections/6_im_sq_injections_im_injections.m3u8,,0,17481,1475,Clinical Skills & More / IM & SQ injections
Clinical Skills & More,Clinical Skills & More,IM & SQ injections,im-sq-injections-2,9m 29s,2,SQ Insulin Injection,sq-insulin-injection,3:43,223,https://members.simplenursing.com/wp-content/themes/simplenursing-app/images/videos/thumbnails/2.-SQ-Insulin-Injection-copy.webp,https://d1pumg6d5kr18o.cloudfront.net/new/skills_more/new/6_im_sq_injections_2_sq_insulin_injection/6_im_sq_injections_2_sq_insulin_injection.m3u8,,0,17482,1476,Clinical Skills & More / IM & SQ injections
Clinical Skills & More,Clinical Skills & More,IV insertion & Infusions,iv-insertion-2,21m 23s,1,IV Insertion,iv-insertion-new,5:58,358,https://members.simplenursing.com/wp-content/themes/simplenursing-app/images/videos/thumbnails/1.-IV-Insertion-copy.webp,https://d1pumg6d5kr18o.cloudfront.net/new/skills_more/new/7_iv_insertion_infusions_iv_insertion/7_iv_insertion_infusions_iv_insertion.m3u8,,0,17450,1477,Clinical Skills & More / IV insertion & Infusions
Clinical Skills & More,Clinical Skills & More,IV insertion & Infusions,iv-insertion-2,21m 23s,2,IV Push Medications,iv-push-meds,5:14,314,https://members.simplenursing.com/wp-content/themes/simplenursing-app/images/videos/thumbnails/2.-IV-Push-Medications-copy.webp,https://d1pumg6d5kr18o.cloudfront.net/new/skills_more/new/7_iv_insertion_infusions_2_iv_push_medications/7_iv_insertion_infusions_2_iv_push_medications.m3u8,,0,17451,1478,Clinical Skills & More / IV insertion & Infusions
Clinical Skills & More,Clinical Skills & More,IV insertion & Infusions,iv-insertion-2,21m 23s,3,Primary Line Setup,primary-line-setup,4:56,296,https://members.simplenursing.com/wp-content/themes/simplenursing-app/images/videos/thumbnails/3.-Primary-Line-Setup-copy.webp,https://d1pumg6d5kr18o.cloudfront.net/new/skills_more/new/7_iv_insertion_infusions_3_primary_line_setup/7_iv_insertion_infusions_3_primary_line_setup.m3u8,,0,17452,1479,Clinical Skills & More / IV insertion & Infusions
Clinical Skills & More,Clinical Skills & More,IV insertion & Infusions,iv-insertion-2,21m 23s,4,Secondary Line Setup,secondary-line-setup,5:15,315,https://members.simplenursing.com/wp-content/themes/simplenursing-app/images/videos/thumbnails/4.-Secondary-Line-Setup-copy.webp,https://d1pumg6d5kr18o.cloudfront.net/new/skills_more/new/7_iv_insertion_infusions_4_secondary_line_setup/7_iv_insertion_infusions_4_secondary_line_setup.m3u8,,0,17453,1480,Clinical Skills & More / IV insertion & Infusions
Clinical Skills & More,Clinical Skills & More,JP Drain,jp-drain,3m 3s,1,JP Drain,jp-drain,3:03,183,https://members.simplenursing.com/wp-content/themes/simplenursing-app/images/videos/thumbnails/1.-JP-Drain-copy.webp,https://d1pumg6d5kr18o.cloudfront.net/new/skills_more/new/9_jp_drain/9_jp_drain.m3u8,,0,17454,1481,Clinical Skills & More / JP Drain
Clinical Skills & More,Clinical Skills & More,NGT Insertion,ngt-insertion,7m 48s,1,NGT Insertion,ngt-insertion,7:48,468,https://members.simplenursing.com/wp-content/themes/simplenursing-app/images/videos/thumbnails/1.-NGT-Insertion-copy.webp,https://d1pumg6d5kr18o.cloudfront.net/new/skills_more/new/0_ngt_insertion/0_ngt_insertion.m3u8,,0,17455,1482,Clinical Skills & More / NGT Insertion
Clinical Skills & More,Clinical Skills & More,Ostomy Care,ostomy-care,5m 19s,1,Ostomy Care,ostomy-care,5:19,319,https://members.simplenursing.com/wp-content/themes/simplenursing-app/images/videos/thumbnails/1.-Ostomy-Care-copy.webp,https://d1pumg6d5kr18o.cloudfront.net/new/skills_more/new/ostomy_care/ostomy_care.m3u8,,0,17456,1483,Clinical Skills & More / Ostomy Care
Clinical Skills & More,Clinical Skills & More,PPE - Don & Doff,ppe-don-doff,1m 58s,1,PPE - Don & Doff,ppe-don-doff,1:58,118,https://members.simplenursing.com/wp-content/themes/simplenursing-app/images/videos/thumbnails/1.-PPE-Don-Doff-copy.webp,https://d1pumg6d5kr18o.cloudfront.net/new/skills_more/new/2_ppe_-_don_doff/2_ppe_-_don_doff.m3u8,,0,17457,1484,Clinical Skills & More / PPE - Don & Doff
Clinical Skills & More,Clinical Skills & More,SBAR,sbar-report-giving-2,4m 30s,1,Report SBAR,sbar-report-giving,4:30,270,https://members.simplenursing.com/wp-content/themes/simplenursing-app/images/videos/thumbnails/1.-Report-SBAR-copy-1.webp,https://d1pumg6d5kr18o.cloudfront.net/new/skills_more/new/3_sbar/3_sbar.m3u8,,0,17458,1485,Clinical Skills & More / SBAR
Clinical Skills & More,Clinical Skills & More,Surgical Wound Care,surgical-wound-care,2m 35s,1,Surgical Wound Care,surgical-wound-care,2:35,155,https://members.simplenursing.com/wp-content/themes/simplenursing-app/images/videos/thumbnails/1.-Surgical-Wound-Care-copy.webp,https://d1pumg6d5kr18o.cloudfront.net/new/skills_more/new/4_surgical_wound_care/4_surgical_wound_care.m3u8,,0,17459,1486,Clinical Skills & More / Surgical Wound Care
Clinical Skills & More,Clinical Skills & More,Tracheostomy Care,tracheostomy-care,7m 52s,1,Tracheostomy Care,tracheostomy-care-new,7:52,472,https://members.simplenursing.com/wp-content/themes/simplenursing-app/images/videos/thumbnails/1.-Tracheostomy-Care-copy.webp,https://d1pumg6d5kr18o.cloudfront.net/new/skills_more/new/5_tracheostomy_care/5_tracheostomy_care.m3u8,,0,17460,1487,Clinical Skills & More / Tracheostomy Care
Clinical Skills & More,Clinical Skills & More,Ultimate Study Formula,ultimate-study-formula-skills,9m 10s,1,Ultimate Study Formula INTRO,ultimate-study-formula-intro,2:25,145,https://members.simplenursing.com/wp-content/themes/simplenursing-app/images/videos/thumbnails/1.-Ultimate-Study-Formula-INTRO-copy.webp,https://d1pumg6d5kr18o.cloudfront.net/new/ultimate_study_formula_intro/ultimate_study_formula_intro.m3u8,,0,11855,1488,Clinical Skills & More / Ultimate Study Formula
Clinical Skills & More,Clinical Skills & More,Ultimate Study Formula,ultimate-study-formula-skills,9m 10s,2,How to Pass Nursing School Exams by Hacking the Instructor,how-to-pass-nursing-school-exams-by-hacking-the-instructor,0:55,55,https://members.simplenursing.com/wp-content/themes/simplenursing-app/images/videos/thumbnails/2.-How-to-Pass-Nursing-School-Exams-by-Hacking-the-Instructor-copy.webp,https://d1pumg6d5kr18o.cloudfront.net/new/how_to_pass_nursing_school_exams_by_hacking_the_instructor/how_to_pass_nursing_school_exams_by_hacking_the_instructor.m3u8,,0,11856,1489,Clinical Skills & More / Ultimate Study Formula
Clinical Skills & More,Clinical Skills & More,Ultimate Study Formula,ultimate-study-formula-skills,9m 10s,3,How to Study Effectively for Your Next Nursing Exam,how-to-study-effectively-for-your-next-nursing-exam,1:20,80,https://members.simplenursing.com/wp-content/themes/simplenursing-app/images/videos/thumbnails/3.-How-to-Study-Effectively-for-Your-Next-Nursing-Exam-copy.webp,https://d1pumg6d5kr18o.cloudfront.net/new/how_to_study_effectively_for_your_next_nursing_exam/how_to_study_effectively_for_your_next_nursing_exam.m3u8,,0,11857,1490,Clinical Skills & More / Ultimate Study Formula
Clinical Skills & More,Clinical Skills & More,Ultimate Study Formula,ultimate-study-formula-skills,9m 10s,4,Flash Cards and Organize your Study Time,flash-cards-and-organize-your-study-time,4:30,270,https://members.simplenursing.com/wp-content/themes/simplenursing-app/images/videos/thumbnails/4.-Flash-Cards-and-Organize-your-Study-Time-copy.webp,https://d1pumg6d5kr18o.cloudfront.net/new/flash_cards_and_organize_your_study_time/flash_cards_and_organize_your_study_time.m3u8,,0,11858,1491,Clinical Skills & More / Ultimate Study Formula
Clinical Skills & More,Clinical Skills & More,Test-Taking Strategy,test-taking-strategy-skills,11m 3s,1,Pre-Test Gameplan,pre-test-gameplan,2:16,136,https://members.simplenursing.com/wp-content/themes/simplenursing-app/images/videos/thumbnails/1.-Pre-Test-Gameplan-copy.webp,https://d1pumg6d5kr18o.cloudfront.net/new/welcome/playlist_4_testtaking_strategy_video_1_pretest_gameplan/playlist_4_testtaking_strategy_video_1_pretest_gameplan.m3u8,,0,16417,1492,Clinical Skills & More / Test-Taking Strategy
Clinical Skills & More,Clinical Skills & More,Test-Taking Strategy,test-taking-strategy-skills,11m 3s,2,Test-Time Gameplan,test-time-gameplan,2:34,154,https://members.simplenursing.com/wp-content/themes/simplenursing-app/images/videos/thumbnails/2.-Test-Time-Gameplan-copy.webp,https://d1pumg6d5kr18o.cloudfront.net/new/welcome/playlist_4_testtaking_strategy_video_2_testtime_gameplan/playlist_4_testtaking_strategy_video_2_testtime_gameplan.m3u8,,0,16418,1493,Clinical Skills & More / Test-Taking Strategy
Clinical Skills & More,Clinical Skills & More,Test-Taking Strategy,test-taking-strategy-skills,11m 3s,3,Multiple Choice Questions,multiple-choice-questions,3:44,224,https://members.simplenursing.com/wp-content/themes/simplenursing-app/images/videos/thumbnails/3.-Multiple-Choice-Questions-copy.webp,https://d1pumg6d5kr18o.cloudfront.net/new/welcome/playlist_4_testtaking_strategy_video_3_multiple_choice_questions/playlist_4_testtaking_strategy_video_3_multiple_choice_questions.m3u8,,0,16419,1494,Clinical Skills & More / Test-Taking Strategy
Clinical Skills & More,Clinical Skills & More,Test-Taking Strategy,test-taking-strategy-skills,11m 3s,4,Secrets of SATA Questions,secrets-of-sata-questions,2:29,149,https://members.simplenursing.com/wp-content/themes/simplenursing-app/images/videos/thumbnails/4.-Secrets-of-SATA-Questions-copy.webp,https://d1pumg6d5kr18o.cloudfront.net/new/welcome/playlist_4_testtaking_strategy_video_4_secrets_of_sata_questions/playlist_4_testtaking_strategy_video_4_secrets_of_sata_questions.m3u8,,0,16420,1495,Clinical Skills & More / Test-Taking Strategy
Clinical Skills & More,Clinical Skills & More,No-Nonsense Time MGMT,no-nonsense-time-mgmt-skills,6m 13s,1,Productivity Busters,productivity-busters,2:04,124,https://members.simplenursing.com/wp-content/themes/simplenursing-app/images/videos/thumbnails/1.-Productivity-Busters-copy.webp,https://d1pumg6d5kr18o.cloudfront.net/new/welcome/playlist_3_nononsense_time_mgmt_video_1_productivity_busters/playlist_3_nononsense_time_mgmt_video_1_productivity_busters.m3u8,,0,16416,1496,Clinical Skills & More / No-Nonsense Time MGMT
Clinical Skills & More,Clinical Skills & More,No-Nonsense Time MGMT,no-nonsense-time-mgmt-skills,6m 13s,2,No Study Plan,no-study-plan,1:31,91,https://members.simplenursing.com/wp-content/themes/simplenursing-app/images/videos/thumbnails/2.-No-Study-Plan-copy.webp,https://d1pumg6d5kr18o.cloudfront.net/new/welcome/playlist_3_nononsense_time_mgmt_video_2_no_study_plan/playlist_3_nononsense_time_mgmt_video_2_no_study_plan.m3u8,,0,16413,1497,Clinical Skills & More / No-Nonsense Time MGMT
Clinical Skills & More,Clinical Skills & More,No-Nonsense Time MGMT,no-nonsense-time-mgmt-skills,6m 13s,3,Set Time Limits While Studying,set-time-limits-while-studying,1:41,101,https://members.simplenursing.com/wp-content/themes/simplenursing-app/images/videos/thumbnails/3.-Set-Time-Limits-While-Studying-copy.webp,https://d1pumg6d5kr18o.cloudfront.net/new/welcome/playlist_3_nononsense_time_mgmt_video_3_set_time_limits_while_studying/playlist_3_nononsense_time_mgmt_video_3_set_time_limits_while_studying.m3u8,,0,16414,1498,Clinical Skills & More / No-Nonsense Time MGMT
Clinical Skills & More,Clinical Skills & More,No-Nonsense Time MGMT,no-nonsense-time-mgmt-skills,6m 13s,4,Prioritize Your Exams,prioritize-your-exams,0:57,57,https://members.simplenursing.com/wp-content/themes/simplenursing-app/images/videos/thumbnails/4.-Prioritize-Your-Exams-copy.webp,https://d1pumg6d5kr18o.cloudfront.net/new/welcome/playlist_3_nononsense_time_mgmt_video_4_prioritize_your_exams/playlist_3_nononsense_time_mgmt_video_4_prioritize_your_exams.m3u8,,0,16415,1499,Clinical Skills & More / No-Nonsense Time MGMT
Clinical Skills & More,Clinical Skills & More,"Final Exam, HESI, & ATI Prep Tips",final-exam-hesi-ati-prep-tips,35m 17s,1,Final Exam Blueprint,final-exam-blueprint,5:16,316,https://members.simplenursing.com/wp-content/themes/simplenursing-app/images/videos/thumbnails/1.-Final-Exam-Blueprint-copy.webp,https://d1pumg6d5kr18o.cloudfront.net/new/final_exam_blueprint/final_exam_blueprint.m3u8,,0,11872,1500,"Clinical Skills & More / Final Exam, HESI, & ATI Prep Tips"
Clinical Skills & More,Clinical Skills & More,"Final Exam, HESI, & ATI Prep Tips",final-exam-hesi-ati-prep-tips,35m 17s,2,HESI & ATI Prep Tips,hesi-ati-prep-tips,30:01,1801,https://members.simplenursing.com/wp-content/themes/simplenursing-app/images/videos/thumbnails/2.-HESI-ATI-Prep-Tips-copy.webp,https://d1pumg6d5kr18o.cloudfront.net/new/hesi_038_ati_prep_tips/hesi_038_ati_prep_tips.m3u8,,0,11873,1501,"Clinical Skills & More / Final Exam, HESI, & ATI Prep Tips"
Clinical Skills & More,Clinical Skills & More,O2 Equipment,o2-equipment-skills,15m 47s,1,O2 Delivery Devices Full Video,o2-delivery-devices-full-video,8:33,513,https://members.simplenursing.com/wp-content/themes/simplenursing-app/images/videos/thumbnails/1.-O2-Delivery-Devices-Full-Video-copy.webp,https://d1pumg6d5kr18o.cloudfront.net/new/medical_surgical_o2_equipment_1_o2_delivey_devices_full_video/medical_surgical_o2_equipment_1_o2_delivey_devices_full_video.m3u8,,0,17026,1502,Clinical Skills & More / O2 Equipment
Clinical Skills & More,Clinical Skills & More,O2 Equipment,o2-equipment-skills,15m 47s,2,Nasal Cannula,nasal-cannula,0:35,35,https://members.simplenursing.com/wp-content/themes/simplenursing-app/images/videos/thumbnails/2.-Nasal-Cannula-copy.webp,https://d1pumg6d5kr18o.cloudfront.net/new/medical_surgical_o2_equipment_2_nasal_cannula/medical_surgical_o2_equipment_2_nasal_cannula.m3u8,,0,17027,1503,Clinical Skills & More / O2 Equipment
Clinical Skills & More,Clinical Skills & More,O2 Equipment,o2-equipment-skills,15m 47s,3,Simple Facemask & Partial rebreather,simple-facemask-partial-rebreather,0:37,37,https://members.simplenursing.com/wp-content/themes/simplenursing-app/images/videos/thumbnails/3.-Simple-Facemask-Partial-rebreather-copy.webp,https://d1pumg6d5kr18o.cloudfront.net/new/medical_surgical_o2_equipment_3_simple_facemask_partial_rebreather/medical_surgical_o2_equipment_3_simple_facemask_partial_rebreather.m3u8,,0,17028,1504,Clinical Skills & More / O2 Equipment
Clinical Skills & More,Clinical Skills & More,O2 Equipment,o2-equipment-skills,15m 47s,4,NRB - Non Rebreather,nrb-non-rebreather,1:27,87,https://members.simplenursing.com/wp-content/themes/simplenursing-app/images/videos/thumbnails/4.-NRB-Non-Rebreather-copy.webp,https://d1pumg6d5kr18o.cloudfront.net/new/medical_surgical_o2_equipment_4_nrb_non_rebreather/medical_surgical_o2_equipment_4_nrb_non_rebreather.m3u8,,0,17029,1505,Clinical Skills & More / O2 Equipment
Clinical Skills & More,Clinical Skills & More,O2 Equipment,o2-equipment-skills,15m 47s,5,Venturi Mask & NCLEX Question,venturi-mask-nclex-question,1:27,87,https://members.simplenursing.com/wp-content/themes/simplenursing-app/images/videos/thumbnails/5.-Venturi-Mask-NCLEX-Question-copy.webp,https://d1pumg6d5kr18o.cloudfront.net/new/medical_surgical_o2_equipment_5_venturi_mask_nclex_question/medical_surgical_o2_equipment_5_venturi_mask_nclex_question.m3u8,,0,17030,1506,Clinical Skills & More / O2 Equipment
Clinical Skills & More,Clinical Skills & More,O2 Equipment,o2-equipment-skills,15m 47s,6,BiPAP,bipap,1:32,92,https://members.simplenursing.com/wp-content/themes/simplenursing-app/images/videos/thumbnails/6.-BiPAP-copy.webp,https://d1pumg6d5kr18o.cloudfront.net/new/medical_surgical_o2_equipment_6_bipap/medical_surgical_o2_equipment_6_bipap.m3u8,,0,17031,1507,Clinical Skills & More / O2 Equipment
Clinical Skills & More,Clinical Skills & More,O2 Equipment,o2-equipment-skills,15m 47s,7,ETI - Endotracheal Intubation,eti-endotracheal-intubation,1:36,96,https://members.simplenursing.com/wp-content/themes/simplenursing-app/images/videos/thumbnails/7.-ETI-Endotracheal-Intubation-copy.webp,https://d1pumg6d5kr18o.cloudfront.net/new/medical_surgical_o2_equipment_7_eti_endotracheal_intubation/medical_surgical_o2_equipment_7_eti_endotracheal_intubation.m3u8,,0,17032,1508,Clinical Skills & More / O2 Equipment
Clinical Skills & More,Clinical Skills & More,TPN & Tube Feeding,tpn-tube-feeding-skills,20m 6s,1,Full video - TPN & Tube Feeding,full-video-tpn-tube-feeding,10:05,605,https://members.simplenursing.com/wp-content/themes/simplenursing-app/images/videos/thumbnails/1.-Full-video-TPN-Tube-Feeding-copy.webp,https://d1pumg6d5kr18o.cloudfront.net/new/gi_liver_tpn_tube_feeding_1_full_video_-_tpn_tube_feeding/gi_liver_tpn_tube_feeding_1_full_video_-_tpn_tube_feeding.m3u8,,0,16892,1509,Clinical Skills & More / TPN & Tube Feeding
Clinical Skills & More,Clinical Skills & More,TPN & Tube Feeding,tpn-tube-feeding-skills,20m 6s,2,TPN,tpn,5:42,342,https://members.simplenursing.com/wp-content/themes/simplenursing-app/images/videos/thumbnails/2.-TPN-copy.webp,https://d1pumg6d5kr18o.cloudfront.net/new/gi_liver_tpn_tube_feeding_tpn/gi_liver_tpn_tube_feeding_tpn.m3u8,,0,16893,1510,Clinical Skills & More / TPN & Tube Feeding
Clinical Skills & More,Clinical Skills & More,TPN & Tube Feeding,tpn-tube-feeding-skills,20m 6s,3,Enteral Feeding,enteral-feeding,1:42,102,https://members.simplenursing.com/wp-content/themes/simplenursing-app/images/videos/thumbnails/3.-Enteral-Feeding-copy.webp,https://d1pumg6d5kr18o.cloudfront.net/new/gi_liver_tpn_tube_feeding_3_enteral_feeding/gi_liver_tpn_tube_feeding_3_enteral_feeding.m3u8,,0,16894,1511,Clinical Skills & More / TPN & Tube Feeding
Clinical Skills & More,Clinical Skills & More,TPN & Tube Feeding,tpn-tube-feeding-skills,20m 6s,4,Refeeding Syndrome,refeeding-syndrome,2:37,157,https://members.simplenursing.com/wp-content/themes/simplenursing-app/images/videos/thumbnails/4.-Refeeding-Syndrome-copy.webp,https://d1pumg6d5kr18o.cloudfront.net/new/gi_liver_tpn_tube_feeding_4_refeeding_syndrome/gi_liver_tpn_tube_feeding_4_refeeding_syndrome.m3u8,,0,16895,1512,Clinical Skills & More / TPN & Tube Feeding
Nurse Mike's Memory Music,Nurse Mike's Memory Music,Nurse Mike's Memory Music,nursing-mike-memory-music,1h 3m,1,Digoxin Song,digoxin-song,3:35,215,https://members.simplenursing.com/wp-content/themes/simplenursing-app/images/videos/thumbnails/9_digoxin_song.webp,https://d1pumg6d5kr18o.cloudfront.net/new/memory_music/9_digoxin_song/part.m3u8,,0,20764,1513,Nurse Mike's Memory Music / Nurse Mike's Memory Music
Nurse Mike's Memory Music,Nurse Mike's Memory Music,Nurse Mike's Memory Music,nursing-mike-memory-music,1h 3m,2,Patient Got Pharm!,patient-got-pharm,1:43,103,https://members.simplenursing.com/wp-content/themes/simplenursing-app/images/videos/thumbnails/10_patient_got_pharm.webp,https://d1pumg6d5kr18o.cloudfront.net/new/memory_music/10_patient_got_pharm/part.m3u8,,0,20765,1514,Nurse Mike's Memory Music / Nurse Mike's Memory Music
Nurse Mike's Memory Music,Nurse Mike's Memory Music,Nurse Mike's Memory Music,nursing-mike-memory-music,1h 3m,3,Your Vitals,your-vitals,3:53,233,https://members.simplenursing.com/wp-content/themes/simplenursing-app/images/videos/thumbnails/11_your_vitals.webp,https://d1pumg6d5kr18o.cloudfront.net/new/memory_music/11_your_vitals/part.m3u8,,0,20766,1515,Nurse Mike's Memory Music / Nurse Mike's Memory Music
Nurse Mike's Memory Music,Nurse Mike's Memory Music,Nurse Mike's Memory Music,nursing-mike-memory-music,1h 3m,4,Insulin Peak Times,insulin-peak-times,4:52,292,https://members.simplenursing.com/wp-content/themes/simplenursing-app/images/videos/thumbnails/12_insulin_peak_times.webp,https://d1pumg6d5kr18o.cloudfront.net/new/memory_music/12_insulin_peak_times/part.m3u8,,0,20767,1516,Nurse Mike's Memory Music / Nurse Mike's Memory Music
Nurse Mike's Memory Music,Nurse Mike's Memory Music,Nurse Mike's Memory Music,nursing-mike-memory-music,1h 3m,5,Hotel Cardiac,hotel-cardiac,3:36,216,https://members.simplenursing.com/wp-content/themes/simplenursing-app/images/videos/thumbnails/13_hotel_cardiac.webp,https://d1pumg6d5kr18o.cloudfront.net/new/memory_music/13_hotel_cardiac/part.m3u8,,0,20768,1517,Nurse Mike's Memory Music / Nurse Mike's Memory Music
Nurse Mike's Memory Music,Nurse Mike's Memory Music,Nurse Mike's Memory Music,nursing-mike-memory-music,1h 3m,6,Sweet Kidney of Mine,sweet-kidney-of-mine,4:38,278,https://members.simplenursing.com/wp-content/themes/simplenursing-app/images/videos/thumbnails/14_sweet_kidney_of_mine.webp,https://d1pumg6d5kr18o.cloudfront.net/new/memory_music/14_sweet_kidney_of_mine/part.m3u8,,0,20769,1518,Nurse Mike's Memory Music / Nurse Mike's Memory Music
Nurse Mike's Memory Music,Nurse Mike's Memory Music,Nurse Mike's Memory Music,nursing-mike-memory-music,1h 3m,7,We Are Constipated,we-are-constipated,3:31,211,https://members.simplenursing.com/wp-content/themes/simplenursing-app/images/videos/thumbnails/15_we_are_constipated.webp,https://d1pumg6d5kr18o.cloudfront.net/new/memory_music/15_we_are_constipated/part.m3u8,,0,20770,1519,Nurse Mike's Memory Music / Nurse Mike's Memory Music
Nurse Mike's Memory Music,Nurse Mike's Memory Music,Nurse Mike's Memory Music,nursing-mike-memory-music,1h 3m,8,Cardiac Assessment - 5 Heart Sounds,cardiac-assessment-5-heart-sounds,4:23,263,https://members.simplenursing.com/wp-content/themes/simplenursing-app/images/videos/thumbnails/16_cardiac_assessment_5_heart_sounds.webp,https://d1pumg6d5kr18o.cloudfront.net/new/memory_music/16_cardiac_assessment_5_heart_sounds/part.m3u8,,0,20771,1520,Nurse Mike's Memory Music / Nurse Mike's Memory Music
Nurse Mike's Memory Music,Nurse Mike's Memory Music,Nurse Mike's Memory Music,nursing-mike-memory-music,1h 3m,9,When I Was Your Nurse,when-i-was-your-nurse,3:50,230,https://members.simplenursing.com/wp-content/themes/simplenursing-app/images/videos/thumbnails/17_when_i_was_your_nurse.webp,https://d1pumg6d5kr18o.cloudfront.net/new/memory_music/17_when_i_was_your_nurse/part.m3u8,,0,20772,1521,Nurse Mike's Memory Music / Nurse Mike's Memory Music
Nurse Mike's Memory Music,Nurse Mike's Memory Music,Nurse Mike's Memory Music,nursing-mike-memory-music,1h 3m,10,New Nurse in the Hood,new-nurse-in-the-hood,3:00,180,https://members.simplenursing.com/wp-content/themes/simplenursing-app/images/videos/thumbnails/18_new_nurse_in_the_hood.webp,https://d1pumg6d5kr18o.cloudfront.net/new/memory_music/18_new_nurse_in_the_hood/part.m3u8,,0,20773,1522,Nurse Mike's Memory Music / Nurse Mike's Memory Music
Nurse Mike's Memory Music,Nurse Mike's Memory Music,Nurse Mike's Memory Music,nursing-mike-memory-music,1h 3m,11,Super Anticoagulation,super-anticoagulation,3:35,215,https://members.simplenursing.com/wp-content/themes/simplenursing-app/images/videos/thumbnails/19_super_anticoagulation.webp,https://d1pumg6d5kr18o.cloudfront.net/new/memory_music/19_super_anticoagulation/part.m3u8,,0,20774,1523,Nurse Mike's Memory Music / Nurse Mike's Memory Music
Nurse Mike's Memory Music,Nurse Mike's Memory Music,Nurse Mike's Memory Music,nursing-mike-memory-music,1h 3m,12,I Want Low Sugar Intake,i-want-low-sugar-intake,3:47,227,https://members.simplenursing.com/wp-content/themes/simplenursing-app/images/videos/thumbnails/20_i_want_low_sugar_intake.webp,https://d1pumg6d5kr18o.cloudfront.net/new/memory_music/20_i_want_low_sugar_intake/part.m3u8,,0,20775,1524,Nurse Mike's Memory Music / Nurse Mike's Memory Music
Nurse Mike's Memory Music,Nurse Mike's Memory Music,Nurse Mike's Memory Music,nursing-mike-memory-music,1h 3m,13,Listen to Your Heart,listen-to-your-heart,3:32,212,https://members.simplenursing.com/wp-content/themes/simplenursing-app/images/videos/thumbnails/21_listen_to_your_heart_.webp,https://d1pumg6d5kr18o.cloudfront.net/new/memory_music/21_listen_to_your_heart_/part.m3u8,,0,20776,1525,Nurse Mike's Memory Music / Nurse Mike's Memory Music
Nurse Mike's Memory Music,Nurse Mike's Memory Music,Nurse Mike's Memory Music,nursing-mike-memory-music,1h 3m,14,All of Me Pumps Blood to You,all-of-me-pumps-blood-to-you,4:44,284,https://members.simplenursing.com/wp-content/themes/simplenursing-app/images/videos/thumbnails/22_all_of_me_pumps_blood_to_you.webp,https://d1pumg6d5kr18o.cloudfront.net/new/memory_music/22_all_of_me_pumps_blood_to_you/part.m3u8,,0,20777,1526,Nurse Mike's Memory Music / Nurse Mike's Memory Music
Nurse Mike's Memory Music,Nurse Mike's Memory Music,Nurse Mike's Memory Music,nursing-mike-memory-music,1h 3m,15,A Thousand Vessels,a-thousand-vessels,2:52,172,https://members.simplenursing.com/wp-content/themes/simplenursing-app/images/videos/thumbnails/23_a_thousand_vessels.webp,https://d1pumg6d5kr18o.cloudfront.net/new/memory_music/23_a_thousand_vessels/part.m3u8,,0,20778,1527,Nurse Mike's Memory Music / Nurse Mike's Memory Music
Nurse Mike's Memory Music,Nurse Mike's Memory Music,Nurse Mike's Memory Music,nursing-mike-memory-music,1h 3m,16,Imagine No Careplans,imagine-no-careplans,1:26,86,https://members.simplenursing.com/wp-content/themes/simplenursing-app/images/videos/thumbnails/24_imagine_no_careplans.webp,https://d1pumg6d5kr18o.cloudfront.net/new/memory_music/24_imagine_no_careplans/part.m3u8,,0,20779,1528,Nurse Mike's Memory Music / Nurse Mike's Memory Music
Nurse Mike's Memory Music,Nurse Mike's Memory Music,Nurse Mike's Memory Music,nursing-mike-memory-music,1h 3m,17,STD Roulette,std-roulette,3:24,204,https://members.simplenursing.com/wp-content/themes/simplenursing-app/images/videos/thumbnails/25_std_roulette.webp,https://d1pumg6d5kr18o.cloudfront.net/new/memory_music/25_std_roulette/part.m3u8,,0,20780,1529,Nurse Mike's Memory Music / Nurse Mike's Memory Music
Nurse Mike's Memory Music,Nurse Mike's Memory Music,Nurse Mike's Memory Music,nursing-mike-memory-music,1h 3m,18,Liver song,liver-song-new,1:58,118,https://members.simplenursing.com/wp-content/themes/simplenursing-app/images/videos/thumbnails/1.-Liver-song-copy.webp,https://d1pumg6d5kr18o.cloudfront.net/new/gi_liver_liver_gallbladder_1_cirrhosis_1_liver_song/gi_liver_liver_gallbladder_1_cirrhosis_1_liver_song.m3u8,,0,16883,1530,Nurse Mike's Memory Music / Nurse Mike's Memory Music
Nurse Mike's Memory Music,Nurse Mike's Memory Music,Nurse Mike's Memory Music,nursing-mike-memory-music,1h 3m,19,Pancreas Song,pancreas-song,0:53,53,https://members.simplenursing.com/wp-content/themes/simplenursing-app/images/videos/thumbnails/1.-Pancreas-Song-copy.webp,https://d1pumg6d5kr18o.cloudfront.net/new/gi_liver_pancreas_1_pancreas_song/gi_liver_pancreas_1_pancreas_song.m3u8,,0,16890,1531,Nurse Mike's Memory Music / Nurse Mike's Memory Music
New Grad Support,New Grad Support,New Grad Support,new-grad-support,25m 59s,1,16 Tips for New Grad Nurses,16-tips-for-new-grad-nurses,9:09,549,https://members.simplenursing.com/wp-content/uploads/2020/06/small-logo.png,https://d1pumg6d5kr18o.cloudfront.net/new/16_tips_for_new_grad_nurses/part.m3u8,,0,20781,1532,New Grad Support / New Grad Support
New Grad Support,New Grad Support,New Grad Support,new-grad-support,25m 59s,2,Popular Nursing Career Pathways,popular-nursing-career-pathways,8:14,494,https://members.simplenursing.com/wp-content/uploads/2020/06/small-logo.png,https://d1pumg6d5kr18o.cloudfront.net/new/popular_nursing_career_pathways/part.m3u8,,0,20782,1533,New Grad Support / New Grad Support
New Grad Support,New Grad Support,New Grad Support,new-grad-support,25m 59s,3,You Passed the NCLEX Whats Next,you-passed-the-nclex-whats-next,8:36,516,https://members.simplenursing.com/wp-content/uploads/2020/06/small-logo.png,https://d1pumg6d5kr18o.cloudfront.net/new/you_passed_the_nclex_whats_next/part.m3u8,,0,20783,1534,New Grad Support / New Grad Support
Mini Lesson Series,Mini Lesson Series,Mini Lesson Series,mini-lesson-series,1h 8m,1,Head to Toe Assessment Nursing Guide: Complete Physical Assessment,head-to-toe-assessment-nursing-guide-complete-physical-assessment-mini-lesson-series,9:44,584,https://members.simplenursing.com/wp-content/themes/simplenursing-app/images/videos/thumbnails/1.-HTTA.webp,https://d1pumg6d5kr18o.cloudfront.net/new/youtube/head_to_toe_assessment_v3/part.m3u8,,0,20784,1535,Mini Lesson Series / Mini Lesson Series
Mini Lesson Series,Mini Lesson Series,Mini Lesson Series,mini-lesson-series,1h 8m,2,"Diabetes Type 1 vs Type 2 Explained: Symptoms, Treatment, & Nursing Care",diabetes-type-1-vs-type-2-explained-symptoms-treatment-nursingcare-mini-lesson-series,7:39,459,https://members.simplenursing.com/wp-content/themes/simplenursing-app/images/videos/thumbnails/2.-diabetes-type-1-vs-2.webp,https://d1pumg6d5kr18o.cloudfront.net/new/youtube/diabetes_mellitus_v3/part.m3u8,,0,20785,1536,Mini Lesson Series / Mini Lesson Series
Mini Lesson Series,Mini Lesson Series,Mini Lesson Series,mini-lesson-series,1h 8m,3,"Hyperthyroidism vs Hypothyroidism: Symptoms, Treatment, & Nursing Tips",hyperthyroidism-vs-hypothyroidism-symptoms-treatment-nursing-tips-mini-lesson-series,7:28,448,https://members.simplenursing.com/wp-content/themes/simplenursing-app/images/videos/thumbnails/3.-hyper-vs-hypothyroidism.webp,https://d1pumg6d5kr18o.cloudfront.net/new/youtube/hyperthyroidism_vs_hypothyroidism_v3/part.m3u8,,0,20786,1537,Mini Lesson Series / Mini Lesson Series
Mini Lesson Series,Mini Lesson Series,Mini Lesson Series,mini-lesson-series,1h 8m,4,Vital Signs Made Simple | How to Check Vital Signs for Nursing Students & Nurses,vital-signs-made-simple-how-to-check-vital-signs-for-nursing-student-nurses,6:15,375,https://members.simplenursing.com/wp-content/themes/simplenursing-app/images/videos/thumbnails/4.-vital-signs.webp,https://d1pumg6d5kr18o.cloudfront.net/new/youtube/how_to_check_vital_signs_animation_v2/part.m3u8,,0,20787,1538,Mini Lesson Series / Mini Lesson Series
Mini Lesson Series,Mini Lesson Series,Mini Lesson Series,mini-lesson-series,1h 8m,5,How to Read EKGs in 6 Easy Steps (for Nursing Students + NCLEX),how-to-read-ekgs-in-6-steps-for-nursing-students-nclex,8:22,502,https://members.simplenursing.com/wp-content/themes/simplenursing-app/images/videos/thumbnails/5.-ECG-interpretation.webp,https://d1pumg6d5kr18o.cloudfront.net/new/youtube/ecg_interpretation_made_easy/part.m3u8,,0,20788,1539,Mini Lesson Series / Mini Lesson Series
Mini Lesson Series,Mini Lesson Series,Mini Lesson Series,mini-lesson-series,1h 8m,6,Central & Peripheral Nervous System Explained | CNS vs PNS Nursing Guide,central-peripheral-nervous-system-explained-cns-vs-pns-nursing-guide-mini-lesson-series,7:29,449,https://members.simplenursing.com/wp-content/themes/simplenursing-app/images/videos/thumbnails/6.-CNS-vs-PNS.webp,https://d1pumg6d5kr18o.cloudfront.net/new/youtube/3_central_nervous_system_and_peripheral_nervous_system/part.m3u8,,0,20789,1540,Mini Lesson Series / Mini Lesson Series
Mini Lesson Series,Mini Lesson Series,Mini Lesson Series,mini-lesson-series,1h 8m,7,Blood Flow Through the Heart (Made Simple in 10 minutes),blood-flow-through-the-heart-made-simple-in-10-minutes,7:49,469,https://members.simplenursing.com/wp-content/themes/simplenursing-app/images/videos/thumbnails/7.-blood-flow-through-the-heart.webp,https://d1pumg6d5kr18o.cloudfront.net/new/youtube/blood_flow_to_the_heart_animation_v2/part.m3u8,,0,20790,1541,Mini Lesson Series / Mini Lesson Series
Mini Lesson Series,Mini Lesson Series,Mini Lesson Series,mini-lesson-series,1h 8m,8,ADPIE Nursing Process Fundamentals | 5 Steps Made Simple,adpie-nursing-process-fundamentals-5-steps-made-simple,5:52,352,https://members.simplenursing.com/wp-content/themes/simplenursing-app/images/videos/thumbnails/8.-ADPIE.webp,https://d1pumg6d5kr18o.cloudfront.net/new/youtube/5_nursing_process_fundamentals_-_adpie_made_simple_v2/part.m3u8,,0,20791,1542,Mini Lesson Series / Mini Lesson Series
Mini Lesson Series,Mini Lesson Series,Mini Lesson Series,mini-lesson-series,1h 8m,9,Maslow’s Hierarchy of Needs for Nursing,maslows-hierarchy-of-needs-for-nursing-mini-lesson-series,7:46,466,https://members.simplenursing.com/wp-content/themes/simplenursing-app/images/videos/thumbnails/9.-maslows-hierarchy-of-needs.webp,https://d1pumg6d5kr18o.cloudfront.net/new/youtube/6_maslow's_hierarchy_of_needs_v2/part.m3u8,,0,20792,1553,Mini Lesson Series / Mini Lesson Series
Final Review,Final Review,Final Review,final-review,26h 40m,1,NCLEX Strategy & Insights,nclex-strategy-and-insights,58:42,3522,https://members.simplenursing.com/images/lectures/strategy.jpg,https://d1pumg6d5kr18o.cloudfront.net/lectures/1_nclex_strategy/part.m3u8,"Discover key steps of study planning, manage test anxiety, and prioritize questions effectively in this must-watch series opener. Jumpstart your journey to becoming a safe, competent nurse with Mike’s strategic insights on the NCLEX.",10,final-review-1,final-review-1,Final Review / Final Review
Final Review,Final Review,Final Review,final-review,26h 40m,2,Prioritization & Delegation,prioritization-and-delegation,58:26,3506,https://members.simplenursing.com/images/lectures/prioritizations.jpg,https://d1pumg6d5kr18o.cloudfront.net/lectures/2_prioritization_delegation/part.m3u8,"They key to unlocking safe practice standards with prioritization and delegation, crucial concepts that stand the test of time in every NCLEX iteration.",8,final-review-2,final-review-2,Final Review / Final Review
Final Review,Final Review,Final Review,final-review,26h 40m,3,Ethics & Legal Fundamentals,ethics-and-legal-fundamentals,1:10:47,4247,https://members.simplenursing.com/images/lectures/ethics.jpg,https://d1pumg6d5kr18o.cloudfront.net/lectures/3_ethics_legal_terms/part.m3u8,"Understand the essentials of top tested key points on HIPAA, legal and ethical standards. Nurse Mike guides you through all the key words ensuring you’re well-equipped for both the NCLEX and real-world dilemmas.",9,final-review-7,final-review-7,Final Review / Final Review
Final Review,Final Review,Final Review,final-review,26h 40m,4,ABG & Acid Base Imbalances,abg-and-acid-base-imbalances,24:43,1483,https://members.simplenursing.com/images/lectures/abg.jpg,https://d1pumg6d5kr18o.cloudfront.net/lectures/9_abgs_acid_base_imbalances/part.m3u8,"Master complex ABGs with ease, a critical skill for the NCLEX and ensuring patient safety. Simplify the confusion of acid-base imbalances with Nurse Mike’s engaging rundown.",6,final-review-3,final-review-3,Final Review / Final Review
Final Review,Final Review,Final Review,final-review,26h 40m,5,Electrolytes,electrolytes,33:18,1998,https://members.simplenursing.com/images/lectures/electrolytes.jpg,https://d1pumg6d5kr18o.cloudfront.net/lectures/8_electrolytes/part.m3u8,"Finally understand electrolytes imbalances with simple memory tricks that will have you smiling! Nurse Mike will help you master electrolyte once and for all in a fun and easy way, a must for nclex success!",9,final-review-9,final-review-9,Final Review / Final Review
Final Review,Final Review,Final Review,final-review,26h 40m,6,Labs,labs,21:56,1316,https://members.simplenursing.com/images/lectures/lab.jpg,https://d1pumg6d5kr18o.cloudfront.net/lectures/13_lab_values_for_the_nclex/part.m3u8,"Solidify your understanding of lab values! Recognize critical values and when your patient is in danger. Nurse Mike helps you grasp this vital skill in analyzing and prioritizing the never ending lab numbers, a cornerstone of nclex prep and patient care!",2,final-review-8,final-review-8,Final Review / Final Review
Final Review,Final Review,Final Review,final-review,26h 40m,7,Pharmacology Mastery,pharmacology-mastery,3:09:26,11366,https://members.simplenursing.com/images/lectures/pharmacology.jpg,https://d1pumg6d5kr18o.cloudfront.net/lectures/03_pharmacology_v3/part.m3u8,"Ace pharmacology with ease! Master the top tested NCLEX drug, dosages, drug actions and contraindications through fun mnemonic devices for quick memorization success!",11,final-review-16,final-review-16,Final Review / Final Review
Final Review,Final Review,Final Review,final-review,26h 40m,8,Critical Care,critical-care,27:18,1638,https://members.simplenursing.com/images/lectures/critical-care.jpg,https://d1pumg6d5kr18o.cloudfront.net/lectures/02_critical_care_v2/part.m3u8,"Discover the important steps to shock management, CPR, and extreme temperature injuries, crucial tools for nclex and real-world emergency excellence!",4,final-review-24,final-review-24,Final Review / Final Review
Final Review,Final Review,Final Review,final-review,26h 40m,9,Fundamentals,fundamentals,28:26,1706,https://members.simplenursing.com/images/lectures/fundamentals.jpg,https://d1pumg6d5kr18o.cloudfront.net/lectures/17_fundamentals_v2/part.m3u8,"Embark on mastering nursing essentials with dosage calculations, aseptic techniques, nutrition, IV therapy troubleshooting, oxygenation, and lung sounds in this foundational NCLEX prep video.",8,final-review-25,final-review-25,Final Review / Final Review
Final Review,Final Review,Final Review,final-review,26h 40m,10,Infectious Disease & PPE,infectious-disease-and-ppe,10:24,624,https://members.simplenursing.com/images/lectures/infectious.jpg,https://d1pumg6d5kr18o.cloudfront.net/lectures/15_infectious_disease/part.m3u8,"Protect yourself and patients with our Infectious Disease & PPE guide, highlighting essential NCLEX precautions and care scenarios involving contagious diseases.",3,final-review-12,final-review-12,Final Review / Final Review
Final Review,Final Review,Final Review,final-review,26h 40m,11,Respiratory,respiratory,1:28:07,5287,https://members.simplenursing.com/images/lectures/respiratory.jpg,https://d1pumg6d5kr18o.cloudfront.net/lectures/04_respiratory_v3/part.m3u8,"Deep dive into respiratory care with Mike’s walkthrough of conditions, treatments, and NCLEX-focused airway management strategies.",7,final-review-14,final-review-14,Final Review / Final Review
Final Review,Final Review,Final Review,final-review,26h 40m,12,Cardiac,cardiac,1:32:36,5556,https://members.simplenursing.com/images/lectures/cardiac.jpg,https://d1pumg6d5kr18o.cloudfront.net/lectures/01_cardiac_v2/part.m3u8,"Navigate the intricacies of cardiac health, from condition management to EKG interpretation, in this comprehensive guide to acing cardiology questions on the NCLEX.",7,final-review-4,final-review-4,Final Review / Final Review
Final Review,Final Review,Final Review,final-review,26h 40m,13,Renal,renal,50:31,3031,https://members.simplenursing.com/images/lectures/renal.jpg,https://d1pumg6d5kr18o.cloudfront.net/lectures/05_renal_v2/part.m3u8,"Master renal system intricacies, including anatomy and common pathologies like renal failure, with our focused NCLEX prep session.",5,final-review-11,final-review-11,Final Review / Final Review
Final Review,Final Review,Final Review,final-review,26h 40m,14,Endocrine,endocrine,2:21:44,8504,https://members.simplenursing.com/images/lectures/endocrine.jpg,https://d1pumg6d5kr18o.cloudfront.net/lectures/07_endocrine_v2/part.m3u8,"Dissect the complexities of the endocrine system, from hormonal disorders to acute emergencies, in this detailed exploration tailored for NCLEX success.",9,final-review-5,final-review-5,Final Review / Final Review
Final Review,Final Review,Final Review,final-review,26h 40m,15,GI,gi,1:11:52,4312,https://members.simplenursing.com/images/lectures/gi.jpg,https://d1pumg6d5kr18o.cloudfront.net/lectures/06_gi_v2/part.m3u8,"From stoma care to managing GI emergencies, our session on gastrointestinal health equips you with the know-how to handle NCLEX questions confidently.",16,final-review-26,final-review-26,Final Review / Final Review
Final Review,Final Review,Final Review,final-review,26h 40m,16,"Liver, Pancreas and Gallbladder",liver-pancreas-and-gallbladder,29:33,1773,https://members.simplenursing.com/images/lectures/liver-pancreas-gallbladder.jpg,https://d1pumg6d5kr18o.cloudfront.net/lectures/08_liver_v2/part.m3u8,"Enhance your clinical skills with our in-depth guide on hepatobiliary and pancreatic disorders, essential for NCLEX mastery and effective patient care.",6,final-review-27,final-review-27,Final Review / Final Review
Final Review,Final Review,Final Review,final-review,26h 40m,17,Blood (hematology),blood-hematology,22:19,1339,https://members.simplenursing.com/images/lectures/blood-hematology.jpg,https://d1pumg6d5kr18o.cloudfront.net/lectures/09_blood_hematology_v2/part.m3u8,"Equip yourself with hematology know-how, covering transfusions to clotting disorders, vital for passing the NCLEX and delivering expert patient care.",6,final-review-28,final-review-28,Final Review / Final Review
Final Review,Final Review,Final Review,final-review,26h 40m,18,Oncology,oncology,38:24,2304,https://members.simplenursing.com/images/lectures/oncology.jpg,https://d1pumg6d5kr18o.cloudfront.net/lectures/10_oncology_v3/part.m3u8,"Develop a robust understanding of oncology nursing, focusing on patient safety and cancer care complexities, an essential piece of your NCLEX preparation.",3,final-review-29,final-review-29,Final Review / Final Review
Final Review,Final Review,Final Review,final-review,26h 40m,19,Integumentary (Skin),integumentary-skin,43:07,2587,https://members.simplenursing.com/images/lectures/integumentary.jpg,https://d1pumg6d5kr18o.cloudfront.net/lectures/12_skin_v2/part.m3u8,"Prep for NCLEX with our skin care module, exploring burn management, wound care, and the critical 'rule of nines.'",5,final-review-19,final-review-19,Final Review / Final Review
Final Review,Final Review,Final Review,final-review,26h 40m,20,Musculoskeletal & Orthopedics,musculoskeletal-and-orthopedics,38:11,2291,https://members.simplenursing.com/images/lectures/musculoskeletal.jpg,https://d1pumg6d5kr18o.cloudfront.net/lectures/14_musculoskeletal/part.m3u8,"Build your musculoskeletal knowledge base, from amputation care to arthritis management, essential for NCLEX success and safe nursing practice.",7,final-review-15,final-review-15,Final Review / Final Review
Final Review,Final Review,Final Review,final-review,26h 40m,21,Neuro,neuro,45:12,2712,https://members.simplenursing.com/images/lectures/neuro.jpg,https://d1pumg6d5kr18o.cloudfront.net/lectures/17_neuro/part.m3u8,"Tackle neurological challenges with confidence, from increased intracranial pressure protocols to managing neurodegenerative disorders, crucial for your NCLEX strategy.",8,final-review-23,final-review-23,Final Review / Final Review
Final Review,Final Review,Final Review,final-review,26h 40m,22,Eye and Ear,eye-and-ear,12:20,740,https://members.simplenursing.com/images/lectures/eye-ear.jpg,https://d1pumg6d5kr18o.cloudfront.net/lectures/13_eye_ear_v2/part.m3u8,"Sharpen your skills in ophthalmic and otic health, addressing everything from injuries to medication administration techniques, a must for NCLEX proficiency.",7,final-review-30,final-review-30,Final Review / Final Review
Final Review,Final Review,Final Review,final-review,26h 40m,23,Mental Health,mental-health,1:27:43,5263,https://members.simplenursing.com/images/lectures/mental.jpg,https://d1pumg6d5kr18o.cloudfront.net/lectures/14_mental_health_v2/part.m3u8,"Navigate mental health care with Mike’s insights on prioritizing patient needs, therapeutic communication, and crisis management for the NCLEX.",10,final-review-17,final-review-17,Final Review / Final Review
Final Review,Final Review,Final Review,final-review,26h 40m,24,Pediatrics,pediatrics,2:30:14,9014,https://members.simplenursing.com/images/lectures/pediatrics.jpg,https://d1pumg6d5kr18o.cloudfront.net/lectures/15_child_health_v2/part.m3u8,"Elevate your pediatric nursing abilities, covering development to disease management, ensuring you’re well-prepared for pediatric questions on the NCLEX.",7,final-review-6,final-review-6,Final Review / Final Review
Final Review,Final Review,Final Review,final-review,26h 40m,25,Mother baby - Maternity,mother-baby-maternity,2:27:40,8860,https://members.simplenursing.com/images/lectures/maternity.jpg,https://d1pumg6d5kr18o.cloudfront.net/lectures/16_maternity_v3/part.m3u8,"Master maternity nursing from pregnancy to postpartum care, with Mike’s guidance on critical assessments like GTPAL and APGAR for NCLEX excellence.",17,final-review-13,final-review-13,Final Review / Final Review
Final Review,Final Review,Final Review,final-review,26h 40m,26,Reproductive,reproductive,17:40,1060,https://members.simplenursing.com/images/lectures/reproductive.jpg,https://d1pumg6d5kr18o.cloudfront.net/lectures/11_reproductive_v3/part.m3u8,"Discover the nuances of male and female reproductive health in this comprehensive guide, enriching your NCLEX prep with expert-level insights into gender-specific care.",3,final-review-31,final-review-31,Final Review / Final Review
Sessions,Sessions,NCLEX Cram Snippets,nclex-cram-snippets,29m 12s,1,ABC and Systemic vs Localized Infections Key Priorities,abc-and-systemic-vs-localized-infections-key-priorities,0:44,44,https://members.simplenursing.com/wp-content/uploads/2020/06/small-logo.png,https://d1pumg6d5kr18o.cloudfront.net/nclex_cram/abc_and_systemic_vs_localized_infections_key_priorities/part.m3u8,ABC and Systemic vs Localized Infections Key Priorities. Session category: Key Priorities.,0,session-snippet-1,session-snippet-1,Sessions / NCLEX Cram Snippets
Sessions,Sessions,NCLEX Cram Snippets,nclex-cram-snippets,29m 12s,2,Avoid Absolutes Mastering NCLEX Question Language,avoid-absolutes-mastering-nclex-question-language,0:48,48,https://members.simplenursing.com/wp-content/uploads/2020/06/small-logo.png,https://d1pumg6d5kr18o.cloudfront.net/nclex_cram/avoid_absolutes_mastering_nclex_question_language/part.m3u8,Avoid Absolutes Mastering NCLEX Question Language. Session category: Question Language.,0,session-snippet-2,session-snippet-2,Sessions / NCLEX Cram Snippets
Sessions,Sessions,NCLEX Cram Snippets,nclex-cram-snippets,29m 12s,3,Build Confidence Review Known Topics Before Test Day,build-confidence-review-known-topics-before-test-day,0:50,50,https://members.simplenursing.com/wp-content/uploads/2020/06/small-logo.png,https://d1pumg6d5kr18o.cloudfront.net/nclex_cram/build_confidence_review_known_topics_before_test_day/part.m3u8,Build Confidence Review Known Topics Before Test Day. Session category: NCLEX.,0,session-snippet-3,session-snippet-3,Sessions / NCLEX Cram Snippets
Sessions,Sessions,NCLEX Cram Snippets,nclex-cram-snippets,29m 12s,4,Droplet vs Airborne Precautions NCLEX Essentials,droplet-vs-airborne-precautions-nclex-essentials,1:04,64,https://members.simplenursing.com/wp-content/uploads/2020/06/small-logo.png,https://d1pumg6d5kr18o.cloudfront.net/nclex_cram/droplet_vs_airborne_precautions_nclex_essentials/part.m3u8,Droplet vs Airborne Precautions NCLEX Essentials. Session category: NCLEX Essentials.,0,session-snippet-4,session-snippet-4,Sessions / NCLEX Cram Snippets
Sessions,Sessions,NCLEX Cram Snippets,nclex-cram-snippets,29m 12s,5,N95 Respirators Key Uses for Isolation,n95-respirators-key-uses-for-isolation,0:10,10,https://members.simplenursing.com/wp-content/uploads/2020/06/small-logo.png,https://d1pumg6d5kr18o.cloudfront.net/nclex_cram/n95_respirators_key_uses_for_isolation/part.m3u8,N95 Respirators Key Uses for Isolation. Session category: Isolation.,0,session-snippet-5,session-snippet-5,Sessions / NCLEX Cram Snippets
Sessions,Sessions,NCLEX Cram Snippets,nclex-cram-snippets,29m 12s,6,NGN Question Types Tackling Bowtie and Drag and Drop,ngn-question-types-tackling-bowtie-and-drag-and-drop,11:31,691,https://members.simplenursing.com/wp-content/uploads/2020/06/small-logo.png,https://d1pumg6d5kr18o.cloudfront.net/nclex_cram/ngn_question_types_tackling_bowtie_and_drag_and_drop/part.m3u8,NGN Question Types Tackling Bowtie and Drag and Drop. Session category: Question Types.,0,session-snippet-6,session-snippet-6,Sessions / NCLEX Cram Snippets
Sessions,Sessions,NCLEX Cram Snippets,nclex-cram-snippets,29m 12s,7,Open Ended Questions Navigating Delusions with Care,open-ended-questions-navigating-delusions-with-care,1:35,95,https://members.simplenursing.com/wp-content/uploads/2020/06/small-logo.png,https://d1pumg6d5kr18o.cloudfront.net/nclex_cram/open_ended_questions_navigating_delusions_with_care/part.m3u8,Open Ended Questions Navigating Delusions with Care. Session category: Delusions.,0,session-snippet-7,session-snippet-7,Sessions / NCLEX Cram Snippets
Sessions,Sessions,NCLEX Cram Snippets,nclex-cram-snippets,29m 12s,8,Opposites Attract Answer Elimination Tips,opposites-attract-answer-elimination-tips,0:35,35,https://members.simplenursing.com/wp-content/uploads/2020/06/small-logo.png,https://d1pumg6d5kr18o.cloudfront.net/nclex_cram/opposites_attract_answer_elimination_tips/part.m3u8,Opposites Attract Answer Elimination Tips. Session category: Answer Tips.,0,session-snippet-8,session-snippet-8,Sessions / NCLEX Cram Snippets
Sessions,Sessions,NCLEX Cram Snippets,nclex-cram-snippets,29m 12s,9,Patient First Machine Second Prioritizing Care,patient-first-machine-second-prioritizing-care,0:34,34,https://members.simplenursing.com/wp-content/uploads/2020/06/small-logo.png,https://d1pumg6d5kr18o.cloudfront.net/nclex_cram/patient_first_machine_second_prioritizing_care/part.m3u8,Patient First Machine Second Prioritizing Care. Session category: Prioritizing Care.,0,session-snippet-9,session-snippet-9,Sessions / NCLEX Cram Snippets
Sessions,Sessions,NCLEX Cram Snippets,nclex-cram-snippets,29m 12s,10,Prioritizing Non Invasive Interventions NCLEX Strategy,prioritizing-non-invasive-interventions-nclex-strategy,1:26,86,https://members.simplenursing.com/wp-content/uploads/2020/06/small-logo.png,https://d1pumg6d5kr18o.cloudfront.net/nclex_cram/prioritizing_non_invasive_interventions_nclex_strategy/part.m3u8,Prioritizing Non Invasive Interventions NCLEX Strategy. Session category: NCLEX Strategy.,0,session-snippet-10,session-snippet-10,Sessions / NCLEX Cram Snippets
Sessions,Sessions,NCLEX Cram Snippets,nclex-cram-snippets,29m 12s,11,RN Delegation What You Cant EAT,rn-delegation-what-you-cant-eat,0:09,9,https://members.simplenursing.com/wp-content/uploads/2020/06/small-logo.png,https://d1pumg6d5kr18o.cloudfront.net/nclex_cram/rn_delegation_what_you_cant_eat/part.m3u8,RN Delegation What You Cant EAT. Session category: Diet.,0,session-snippet-11,session-snippet-11,Sessions / NCLEX Cram Snippets
Sessions,Sessions,NCLEX Cram Snippets,nclex-cram-snippets,29m 12s,12,Spotting Critical Changes Blood Sugar Respiratory Neuro,spotting-critical-changes-blood-sugar-respiratory-neuro,0:09,9,https://members.simplenursing.com/wp-content/uploads/2020/06/small-logo.png,https://d1pumg6d5kr18o.cloudfront.net/nclex_cram/spotting_critical_changes_blood_sugar_respiratory_neuro/part.m3u8,Spotting Critical Changes Blood Sugar Respiratory Neuro. Session category: Neuro.,0,session-snippet-12,session-snippet-12,Sessions / NCLEX Cram Snippets
Sessions,Sessions,NCLEX Cram Snippets,nclex-cram-snippets,29m 12s,13,Spotting Critical Signs New Sudden Abrupt Changes,spotting-critical-signs-new-sudden-abrupt-changes,1:38,98,https://members.simplenursing.com/wp-content/uploads/2020/06/small-logo.png,https://d1pumg6d5kr18o.cloudfront.net/nclex_cram/spotting_critical_signs_new_sudden_abrupt_changes/part.m3u8,Spotting Critical Signs New Sudden Abrupt Changes. Session category: Changes.,0,session-snippet-13,session-snippet-13,Sessions / NCLEX Cram Snippets
Sessions,Sessions,NCLEX Cram Snippets,nclex-cram-snippets,29m 12s,14,Stay Calm Visualize Success and Maintain Composure,stay-calm-visualize-success-and-maintain-composure,5:42,342,https://members.simplenursing.com/wp-content/uploads/2020/06/small-logo.png,https://d1pumg6d5kr18o.cloudfront.net/nclex_cram/stay_calm_visualize_success_and_maintain_composure/part.m3u8,Stay Calm Visualize Success and Maintain Composure. Session category: Calm.,0,session-snippet-14,session-snippet-14,Sessions / NCLEX Cram Snippets
Sessions,Sessions,NCLEX Cram Snippets,nclex-cram-snippets,29m 12s,15,Targeting Test Ready Scores 65-70 Percent for NCLEX Success,targeting-test-ready-scores-65-70-percent-for-nclex-success,0:57,57,https://members.simplenursing.com/wp-content/uploads/2020/06/small-logo.png,https://d1pumg6d5kr18o.cloudfront.net/nclex_cram/targeting_test_ready_scores_percent_for_nclex_success/part.m3u8,Targeting Test Ready Scores 65-70 Percent for NCLEX Success. Session category: Success.,0,session-snippet-15,session-snippet-15,Sessions / NCLEX Cram Snippets
Sessions,Sessions,NCLEX Cram Snippets,nclex-cram-snippets,29m 12s,16,Turn Off Tutor Mode Simulate the Real NCLEX,turn-off-tutor-mode-simulate-the-real-nclex,1:20,80,https://members.simplenursing.com/wp-content/uploads/2020/06/small-logo.png,https://d1pumg6d5kr18o.cloudfront.net/nclex_cram/turn_off_tutor_mode_simulate_the_real_nclex/part.m3u8,Turn Off Tutor Mode Simulate the Real NCLEX. Session category: NCLEX.,0,session-snippet-16,session-snippet-16,Sessions / NCLEX Cram Snippets
Sessions,Sessions,Full NCLEX Sessions,full-nclex-sessions,23h 8m,1,Full Session of April 24 2025,full-session-of-april-24-2025,1:30:56,5456,https://members.simplenursing.com/wp-content/uploads/2020/06/small-logo.png,https://d1pumg6d5kr18o.cloudfront.net/nclex_cram/gmt20250424-210017_recording/part.m3u8,Full Session of April 24 2025,0,full-nclex-session-1,full-nclex-session-1,Sessions / Full NCLEX Sessions
Sessions,Sessions,Full NCLEX Sessions,full-nclex-sessions,23h 8m,2,Full Session of April 3 2025,full-session-of-april-3-2025,1:33:16,5596,https://members.simplenursing.com/wp-content/uploads/2020/06/small-logo.png,https://d1pumg6d5kr18o.cloudfront.net/nclex_cram/gmt20250404-000006_recording/part.m3u8,Full Session of April 3 2025,0,full-nclex-session-2,full-nclex-session-2,Sessions / Full NCLEX Sessions
Sessions,Sessions,Full NCLEX Sessions,full-nclex-sessions,23h 8m,3,Full Session of March 20 2025,full-session-of-march-20-2025,1:29:32,5372,https://members.simplenursing.com/wp-content/uploads/2020/06/small-logo.png,https://d1pumg6d5kr18o.cloudfront.net/nclex_cram/gmt20250320-210041_recording/part.m3u8,Full Session of March 20 2025,0,full-nclex-session-3,full-nclex-session-3,Sessions / Full NCLEX Sessions
Sessions,Sessions,Full NCLEX Sessions,full-nclex-sessions,23h 8m,4,Full Session of February 27 2025,full-session-of-february-27-2025,1:33:02,5582,https://members.simplenursing.com/wp-content/uploads/2020/06/small-logo.png,https://d1pumg6d5kr18o.cloudfront.net/nclex_cram/gmt20250228-005959_recording/part.m3u8,Full Session of February 27 2025,0,full-nclex-session-4,full-nclex-session-4,Sessions / Full NCLEX Sessions
Sessions,Sessions,Full NCLEX Sessions,full-nclex-sessions,23h 8m,5,Full Session of February 13 2025,full-session-of-february-13-2025,1:33:31,5611,https://members.simplenursing.com/wp-content/uploads/2020/06/small-logo.png,https://d1pumg6d5kr18o.cloudfront.net/nclex_cram/gmt20250213-215721_recording/part.m3u8,Full Session of February 2 2025,0,full-nclex-session-5,full-nclex-session-5,Sessions / Full NCLEX Sessions
Sessions,Sessions,Full NCLEX Sessions,full-nclex-sessions,23h 8m,6,Full Session of December 19 2024,full-session-of-december-19-2024,1:32:48,5568,https://members.simplenursing.com/wp-content/uploads/2020/06/small-logo.png,https://d1pumg6d5kr18o.cloudfront.net/nclex_cram/gmt20241220-010042_recording/part.m3u8,Full Session of December 19 2024,0,full-nclex-session-6,full-nclex-session-6,Sessions / Full NCLEX Sessions
Sessions,Sessions,Full NCLEX Sessions,full-nclex-sessions,23h 8m,7,Full Session of December 5 2024,full-session-of-december-5-2024,1:33:03,5583,https://members.simplenursing.com/wp-content/uploads/2020/06/small-logo.png,https://d1pumg6d5kr18o.cloudfront.net/nclex_cram/gmt20241205-220112_recording/part.m3u8,Full Session of December 5 2024,0,full-nclex-session-7,full-nclex-session-7,Sessions / Full NCLEX Sessions
Sessions,Sessions,Full NCLEX Sessions,full-nclex-sessions,23h 8m,8,Full Session of November 21 2024,full-session-of-november-21-2024,1:30:00,5400,https://members.simplenursing.com/wp-content/uploads/2020/06/small-logo.png,https://d1pumg6d5kr18o.cloudfront.net/nclex_cram/gmt20241122-010025_recording/part.m3u8,Full Session of November 21 2024,0,full-nclex-session-8,full-nclex-session-8,Sessions / Full NCLEX Sessions
Sessions,Sessions,Full NCLEX Sessions,full-nclex-sessions,23h 8m,9,Full Session of November 7 2024,full-session-of-november-7-2024,1:31:45,5505,https://members.simplenursing.com/wp-content/uploads/2020/06/small-logo.png,https://d1pumg6d5kr18o.cloudfront.net/nclex_cram/gmt20241107-220102_recording/part.m3u8,Full Session of November 7 2024,0,full-nclex-session-9,full-nclex-session-9,Sessions / Full NCLEX Sessions
Sessions,Sessions,Full NCLEX Sessions,full-nclex-sessions,23h 8m,10,Full Session of October 17 2024,full-session-of-october-17-2024,1:36:06,5766,https://members.simplenursing.com/wp-content/uploads/2020/06/small-logo.png,https://d1pumg6d5kr18o.cloudfront.net/nclex_cram/gmt20241018-000003_recording/part.m3u8,Full Session of October 17 2024,0,full-nclex-session-10,full-nclex-session-10,Sessions / Full NCLEX Sessions
Sessions,Sessions,Full NCLEX Sessions,full-nclex-sessions,23h 8m,11,Full Session of October 3 2024,full-session-of-october-3-2024,1:37:01,5821,https://members.simplenursing.com/wp-content/uploads/2020/06/small-logo.png,https://d1pumg6d5kr18o.cloudfront.net/nclex_cram/gmt20241003-205848_recording/part.m3u8,Full Session of October 3 2024,0,full-nclex-session-11,full-nclex-session-11,Sessions / Full NCLEX Sessions
Sessions,Sessions,Full NCLEX Sessions,full-nclex-sessions,23h 8m,12,Full Session of August 11 2024,full-session-of-august-11-2024,1:30:43,5443,https://members.simplenursing.com/wp-content/uploads/2020/06/small-logo.png,https://d1pumg6d5kr18o.cloudfront.net/nclex_cram/gmt20240812-000005_recording/part.m3u8,Full Session of August 11 2024,0,full-nclex-session-12,full-nclex-session-12,Sessions / Full NCLEX Sessions
Sessions,Sessions,Full NCLEX Sessions,full-nclex-sessions,23h 8m,13,Full Session of August 1 2024,full-session-of-august-1-2024,1:31:28,5488,https://members.simplenursing.com/wp-content/uploads/2020/06/small-logo.png,https://d1pumg6d5kr18o.cloudfront.net/nclex_cram/gmt20240801-210016_recording/part.m3u8,Full Session of August 1 2024,0,full-nclex-session-13,full-nclex-session-13,Sessions / Full NCLEX Sessions
Sessions,Sessions,Full NCLEX Sessions,full-nclex-sessions,23h 8m,14,Full Session of June 28 2024,full-session-of-june-28-2024,1:31:42,5502,https://members.simplenursing.com/wp-content/uploads/2020/06/small-logo.png,https://d1pumg6d5kr18o.cloudfront.net/nclex_cram/gmt20240629-000025_recording/part.m3u8,Full Session of June 28 2024,0,full-nclex-session-14,full-nclex-session-14,Sessions / Full NCLEX Sessions
Sessions,Sessions,Full NCLEX Sessions,full-nclex-sessions,23h 8m,15,Full Session of June 26 2024,full-session-of-june-26-2024,1:34:00,5640,https://members.simplenursing.com/wp-content/uploads/2020/06/small-logo.png,https://d1pumg6d5kr18o.cloudfront.net/nclex_cram/gmt20240626-205943_recording/part.m3u8,Full Session of June 26 2024,0,full-nclex-session-15,full-nclex-session-15,Sessions / Full NCLEX Sessions
Sessions,Sessions,New Grad Sessions,new-grad-sessions,18h 48m,1,New Nurse. First Paycheck. Now What? Finance Tips for New Grad Nurses,new-nurse-first-paycheck-now-what-finance-tips-for-new-grad-nurses,1:32:26,5546,https://members.simplenursing.com/wp-content/uploads/2020/06/small-logo.png,https://vc5.mckissock.com/vc5/VC/Nurse%20Practitioner%20CE/Common/EliteNPCN12.10.mp4,New Nurse. First Paycheck. Now What? Finance Tips for New Grad Nurses,0,new-grad-session-1,new-grad-session-1,Sessions / New Grad Sessions
Sessions,Sessions,New Grad Sessions,new-grad-sessions,18h 48m,2,Land That Job! Interview Advice for New Grad Nurses,land-that-job-interview-advice-for-new-grad-nurses,1:26:03,5163,https://members.simplenursing.com/wp-content/uploads/2020/06/small-logo.png,https://vc5.mckissock.com/vc5/VC/Nurse%20Practitioner%20QE/Common/ENCN1.21.26.mp4,Land That Job! Interview Advice for New Grad Nurses,0,new-grad-session-2,new-grad-session-2,Sessions / New Grad Sessions
Sessions,Sessions,New Grad Sessions,new-grad-sessions,18h 48m,3,Holiday Survival Guide for New Grad Nurses,holiday-survival-guide-for-new-grad-nurses,1:10:09,4209,https://members.simplenursing.com/wp-content/uploads/2020/06/small-logo.png,https://vc5.mckissock.com/vc5/VC/Nurse%20Practitioner%20QE/Common/ENCN11.19.25.mp4,Holiday Survival Guide for New Grad Nurses,0,new-grad-session-3,new-grad-session-3,Sessions / New Grad Sessions
Sessions,Sessions,New Grad Sessions,new-grad-sessions,18h 48m,4,From Panic to Practice—How to Conquer Your New Grad Fears,from-panic-to-practice-how-to-conquer-your-new-grad-fears,1:26:32,5192,https://members.simplenursing.com/wp-content/uploads/2020/06/small-logo.png,https://vc5.mckissock.com/vc5/VC/Nursing%20CE/Common/SNCN10.22.25.mp4,From Panic to Practice—How to Conquer Your New Grad Fears,0,new-grad-session-4,new-grad-session-4,Sessions / New Grad Sessions
Sessions,Sessions,New Grad Sessions,new-grad-sessions,18h 48m,5,Learn More Earn More—The Power of Lifelong Learning,learn-more-earn-more-the-power-of-lifelong-learning,1:29:52,5392,https://members.simplenursing.com/wp-content/uploads/2020/06/small-logo.png,https://vc5.mckissock.com/vc5/VC/Nursing%20CE/Common/EliteCN9.24.mp4,Learn More Earn More—The Power of Lifelong Learning,0,new-grad-session-5,new-grad-session-5,Sessions / New Grad Sessions
Sessions,Sessions,New Grad Sessions,new-grad-sessions,18h 48m,6,Oh ****! Navigating Mistakes as a New Grad Nurse,oh-navigating-mistakes-as-a-new-grad-nurse,1:35:01,5701,https://members.simplenursing.com/wp-content/uploads/2020/06/small-logo.png,https://vc5.mckissock.com/vc5/VC/Nursing%20CE/Common/ENPCN8.20.25.mp4,Oh ****! Navigating Mistakes as a New Grad Nurse,0,new-grad-session-6,new-grad-session-6,Sessions / New Grad Sessions
Sessions,Sessions,New Grad Sessions,new-grad-sessions,18h 48m,7,You’re Not Alone—Support Systems for New Grad Nurses,you-re-not-alone-support-systems-for-new-grad-nurses,1:23:00,4980,https://members.simplenursing.com/wp-content/uploads/2020/06/small-logo.png,https://vc5.mckissock.com/vc5/VC/Nursing%20CE/Common/ENCN7.23.25.mp4,You’re Not Alone—Support Systems for New Grad Nurses,0,new-grad-session-7,new-grad-session-7,Sessions / New Grad Sessions
Sessions,Sessions,New Grad Sessions,new-grad-sessions,18h 48m,8,Beyond the Bedside—Nursing Opportunities Outside the Hospital,beyond-the-bedside-nursing-opportunities-outside-the-hospital,1:24:21,5061,https://members.simplenursing.com/wp-content/uploads/2020/06/small-logo.png,https://vc5.mckissock.com/vc5/VC/Nursing%20CE/Common/SNCN6.18.25.mp4,Beyond the Bedside—Nursing Opportunities Outside the Hospital,0,new-grad-session-8,new-grad-session-8,Sessions / New Grad Sessions
Sessions,Sessions,New Grad Sessions,new-grad-sessions,18h 48m,9,You’re Hired! Advice for Your First Year as a New Grad Nurse,you-re-hired-advice-for-your-first-year-as-a-new-grad-nurse,1:29:42,5382,https://members.simplenursing.com/wp-content/uploads/2020/06/small-logo.png,https://vc5.mckissock.com/vc5/VC/Nursing%20CE/Common/CareerNight5.28.25.mp4,You’re Hired! Advice for Your First Year as a New Grad Nurse,0,new-grad-session-9,new-grad-session-9,Sessions / New Grad Sessions
Sessions,Sessions,New Grad Sessions,new-grad-sessions,18h 48m,10,9 Unexpected Perks for the New Grad Nurse,9-unexpected-perks-for-the-new-grad-nurse,1:27:56,5276,https://members.simplenursing.com/wp-content/uploads/2020/06/small-logo.png,https://vc5.mckissock.com/vc5/VC/Nursing%20CE/Common/UnexpectedPerksfortheNewGradNurse.mp4,9 Unexpected Perks for the New Grad Nurse,0,new-grad-session-10,new-grad-session-10,Sessions / New Grad Sessions
Sessions,Sessions,New Grad Sessions,new-grad-sessions,18h 48m,11,8 Realities to Expect in Your First Month as a New Grad Nurse,8-realities-to-expect-in-your-first-month-as-a-new-grad-nurse,1:31:51,5511,https://members.simplenursing.com/wp-content/uploads/2020/06/small-logo.png,https://vc5.mckissock.com/vc5/VC/Nursing%20CE/Common/Carrernight3.25.25.mp4,8 Realities to Expect in Your First Month as a New Grad Nurse,0,new-grad-session-11,new-grad-session-11,Sessions / New Grad Sessions
Sessions,Sessions,New Grad Sessions,new-grad-sessions,18h 48m,12,7 Expert Tips to Land Your First Nursing Job,7-expert-tips-to-land-your-first-nursing-job,1:17:39,4659,https://members.simplenursing.com/wp-content/uploads/2020/06/small-logo.png,https://vc5.mckissock.com/vc5/VC/Nurse%20Practitioner%20CE/Common/EliteNP2.26.25.mp4,7 Expert Tips to Land Your First Nursing Job,0,new-grad-session-12,new-grad-session-12,Sessions / New Grad Sessions
Sessions,Sessions,New Grad Sessions,new-grad-sessions,18h 48m,13,10 Common Pitfalls for New Grad Nurses & How to Avoid Them,10-common-pitfalls-for-new-grad-nurses-and-how-to-avoid-them,1:34:12,5652,https://members.simplenursing.com/wp-content/uploads/2020/06/small-logo.png,https://vc5.mckissock.com/vc5/VC/Nurse%20Practitioner%20CE/Common/CarrerNight1.28.25.mp4,10 Common Pitfalls for New Grad Nurses & How to Avoid Them,0,new-grad-session-13,new-grad-session-13,Sessions / New Grad Sessions
